gameId,teamId,teamCity,teamName,teamTricode,teamSlug,personId,firstName,familyName,nameI,playerSlug,position,comment,jerseyNum,minutes,pointsOffTurnovers,pointsSecondChance,pointsFastBreak,pointsPaint,oppPointsOffTurnovers,oppPointsSecondChance,oppPointsFastBreak,oppPointsPaint,blocks,blocksAgainst,foulsPersonal,foulsDrawn
0022000002,1610612746,LA,Clippers,LAC,clippers,202695,Kawhi,Leonard,K. Leonard,kawhi-leonard,F,,2,34:00,2,5,0,16,14,4,12,32,0,1,5,3
0022000002,1610612746,LA,Clippers,LAC,clippers,201587,Nicolas,Batum,N. Batum,nicolas-batum,F,,33,28:10,0,0,0,0,14,4,9,22,0,0,2,2
0022000002,1610612746,LA,Clippers,LAC,clippers,201586,Serge,Ibaka,S. Ibaka,serge-ibaka,C,,9,20:32,0,3,0,4,13,0,9,18,1,0,3,4
0022000002,1610612746,LA,Clippers,LAC,clippers,202331,Paul,George,P. George,paul-george,G,,13,35:46,9,0,8,10,9,9,8,24,0,0,3,5
0022000002,1610612746,LA,Clippers,LAC,clippers,201976,Patrick,Beverley,P. Beverley,patrick-beverley,G,,21,22:07,0,2,3,4,10,0,7,10,0,1,4,0
0022000002,1610612746,LA,Clippers,LAC,clippers,1627826,Ivica,Zubac,I. Zubac,ivica-zubac,,,40,26:31,2,5,2,8,6,9,3,20,1,0,4,2
0022000002,1610612746,LA,Clippers,LAC,clippers,202335,Patrick,Patterson,P. Patterson,patrick-patterson,,,54,19:37,0,0,0,0,5,5,3,16,0,0,2,0
0022000002,1610612746,LA,Clippers,LAC,clippers,101150,Lou,Williams,L. Williams,lou-williams,,,23,25:56,3,0,3,4,9,9,5,28,0,0,2,3
0022000002,1610612746,LA,Clippers,LAC,clippers,1628379,Luke,Kennard,L. Kennard,luke-kennard,,,5,21:03,0,0,0,4,12,5,4,20,1,0,3,0
0022000002,1610612746,LA,Clippers,LAC,clippers,1629611,Terance,Mann,T. Mann,terance-mann,,,14,1:03,0,0,0,0,0,0,0,0,0,0,0,0
0022000002,1610612746,LA,Clippers,LAC,clippers,202704,Reggie,Jackson,R. Jackson,reggie-jackson,,,1,3:21,0,0,0,0,3,0,0,0,0,0,1,1
0022000002,1610612746,LA,Clippers,LAC,clippers,1629662,Mfiondu,Kabengele,M. Kabengele,mfiondu-kabengele,,,25,0:57,0,0,0,0,0,0,0,0,0,0,0,0
0022000002,1610612746,LA,Clippers,LAC,clippers,1629599,Amir,Coffey,A. Coffey,amir-coffey,,,7,0:57,0,0,0,0,0,0,0,0,0,0,0,0
0022000002,1610612746,LA,Clippers,LAC,clippers,1630187,Daniel,Oturu,D. Oturu,daniel-oturu,,DNP - Coach's Decision,10,,0,0,0,0,0,0,0,0,0,0,0,0
0022000002,1610612747,Los Angeles,Lakers,LAL,lakers,2544,LeBron,James,L. James,lebron-james,F,,6,28:21,2,4,4,8,2,3,8,18,0,1,2,6
0022000002,1610612747,Los Angeles,Lakers,LAL,lakers,203076,Anthony,Davis,A. Davis,anthony-davis,F,,3,30:53,0,0,0,4,11,13,11,38,0,0,1,2
0022000002,1610612747,Los Angeles,Lakers,LAL,lakers,201188,Marc,Gasol,M. Gasol,marc-gasol,C,,14,12:02,0,0,0,0,0,2,3,18,0,0,5,0
0022000002,1610612747,Los Angeles,Lakers,LAL,lakers,203484,Kentavious,Caldwell-Pope,K. Caldwell-Pope,kentavious-caldwell-pope,G,,1,23:03,2,0,5,2,6,11,6,24,1,0,2,3
0022000002,1610612747,Los Angeles,Lakers,LAL,lakers,203471,Dennis,Schröder,D. Schröder,dennis-schröder,G,,17,27:48,0,0,0,4,8,6,14,34,0,2,4,5
0022000002,1610612747,Los Angeles,Lakers,LAL,lakers,1626149,Montrezl,Harrell,M. Harrell,montrezl-harrell,,,15,32:15,6,5,1,12,16,12,13,32,1,0,1,6
0022000002,1610612747,Los Angeles,Lakers,LAL,lakers,202083,Wesley,Matthews,W. Matthews,wesley-matthews,,,9,11:06,0,0,0,0,8,2,8,20,0,0,0,0
0022000002,1610612747,Los Angeles,Lakers,LAL,lakers,1628398,Kyle,Kuzma,K. Kuzma,kyle-kuzma,,,0,26:38,7,0,0,4,10,5,10,26,0,0,2,1
0022000002,1610612747,Los Angeles,Lakers,LAL,lakers,202693,Markieff,Morris,M. Morris,markieff-morris,,,88,19:00,0,0,0,0,5,2,5,12,0,0,0,1
0022000002,1610612747,Los Angeles,Lakers,LAL,lakers,1627936,Alex,Caruso,A. Caruso,alex-caruso,,,4,16:40,0,0,0,0,8,8,2,12,0,0,0,1
0022000002,1610612747,Los Angeles,Lakers,LAL,lakers,1629659,Talen,Horton-Tucker,T. Horton-Tucker,talen-horton-tucker,,,5,10:51,2,0,2,4,6,9,0,14,0,0,3,4
0022000002,1610612747,Los Angeles,Lakers,LAL,lakers,1626188,Quinn,Cook,Q. Cook,quinn-cook,,,2,1:23,0,0,0,0,0,2,0,2,0,0,0,0
0022000002,1610612747,Los Angeles,Lakers,LAL,lakers,201162,Jared,Dudley,J. Dudley,jared-dudley,,DNP - Coach's Decision,10,,0,0,0,0,0,0,0,0,0,0,0,0
0022000002,1610612747,Los Angeles,Lakers,LAL,lakers,1628035,Alfonzo,McKinnie,A. McKinnie,alfonzo-mckinnie,,DNP - Coach's Decision,28,,0,0,0,0,0,0,0,0,0,0,0,0
0022000001,1610612744,Golden State,Warriors,GSW,warriors,203952,Andrew,Wiggins,A. Wiggins,andrew-wiggins,F,,22,31:14,0,8,0,2,14,14,18,32,1,2,4,4
0022000001,1610612744,Golden State,Warriors,GSW,warriors,1629672,Eric,Paschall,E. Paschall,eric-paschall,F,,7,21:33,5,1,0,2,8,9,17,18,1,2,1,2
0022000001,1610612744,Golden State,Warriors,GSW,warriors,1630164,James,Wiseman,J. Wiseman,james-wiseman,C,,33,24:17,4,1,4,8,6,13,13,26,0,0,2,4
0022000001,1610612744,Golden State,Warriors,GSW,warriors,1626162,Kelly,Oubre Jr.,K. Oubre Jr.,kelly-oubre-jr,G,,12,25:39,2,4,0,6,14,10,17,28,2,1,1,1
0022000001,1610612744,Golden State,Warriors,GSW,warriors,201939,Stephen,Curry,S. Curry,stephen-curry,G,,30,30:19,2,0,2,6,18,10,20,30,0,1,1,3
0022000001,1610612744,Golden State,Warriors,GSW,warriors,1626172,Kevon,Looney,K. Looney,kevon-looney,,,5,11:17,2,0,0,4,10,3,6,8,0,0,3,2
0022000001,1610612744,Golden State,Warriors,GSW,warriors,203145,Kent,Bazemore,K. Bazemore,kent-bazemore,,,26,11:35,0,0,2,2,11,1,9,4,0,0,3,1
0022000001,1610612744,Golden State,Warriors,GSW,warriors,1627814,Damion,Lee,D. Lee,damion-lee,,,1,12:14,0,0,0,0,8,6,5,8,0,0,0,0
0022000001,1610612744,Golden State,Warriors,GSW,warriors,1627737,Marquese,Chriss,M. Chriss,marquese-chriss,,,32,12:26,0,4,0,6,7,5,9,12,0,1,2,0
0022000001,1610612744,Golden State,Warriors,GSW,warriors,1629673,Jordan,Poole,J. Poole,jordan-poole,,,3,17:55,0,0,0,2,5,11,8,16,0,0,2,1
0022000001,1610612744,Golden State,Warriors,GSW,warriors,202954,Brad,Wanamaker,B. Wanamaker,brad-wanamaker,,,10,21:40,1,0,0,0,5,13,10,22,0,0,2,3
0022000001,1610612744,Golden State,Warriors,GSW,warriors,1629308,Juan,Toscano-Anderson,J. Toscano-Anderson,juan-toscano-anderson,,,95,13:15,0,0,2,4,7,6,6,20,2,0,3,1
0022000001,1610612744,Golden State,Warriors,GSW,warriors,1628539,Mychal,Mulder,M. Mulder,mychal-mulder,,,15,6:36,3,3,2,2,2,4,2,6,0,0,0,0
0022000001,1610612751,Brooklyn,Nets,BKN,nets,203925,Joe,Harris,J. Harris,joe-harris,F,,12,20:46,0,2,3,4,4,9,8,18,1,0,2,1
0022000001,1610612751,Brooklyn,Nets,BKN,nets,201142,Kevin,Durant,K. Durant,kevin-durant,F,,7,24:56,4,0,6,6,6,11,8,26,1,2,3,6
0022000001,1610612751,Brooklyn,Nets,BKN,nets,201599,DeAndre,Jordan,D. Jordan,deandre-jordan,C,,6,17:03,0,2,0,4,4,6,4,14,1,1,2,2
0022000001,1610612751,Brooklyn,Nets,BKN,nets,203915,Spencer,Dinwiddie,S. Dinwiddie,spencer-dinwiddie,G,,26,19:57,3,0,2,2,4,8,8,18,0,0,1,2
0022000001,1610612751,Brooklyn,Nets,BKN,nets,202681,Kyrie,Irving,K. Irving,kyrie-irving,G,,11,25:18,3,5,3,10,6,11,8,26,0,1,3,2
0022000001,1610612751,Brooklyn,Nets,BKN,nets,1628386,Jarrett,Allen,J. Allen,jarrett-allen,,,31,19:37,0,4,0,4,9,8,4,24,2,0,0,4
0022000001,1610612751,Brooklyn,Nets,BKN,nets,1629013,Landry,Shamet,L. Shamet,landry-shamet,,,20,19:43,4,2,3,0,9,9,0,22,0,0,3,2
0022000001,1610612751,Brooklyn,Nets,BKN,nets,1627747,Caris,LeVert,C. LeVert,caris-levert,,,22,24:49,4,2,4,6,9,12,0,24,1,2,1,3
0022000001,1610612751,Brooklyn,Nets,BKN,nets,201145,Jeff,Green,J. Green,jeff-green,,,8,17:17,2,0,4,4,7,8,0,14,0,0,3,0
0022000001,1610612751,Brooklyn,Nets,BKN,nets,1627752,Taurean,Prince,T. Prince,taurean-prince,,,2,16:06,1,0,1,0,7,7,0,14,1,0,1,1
0022000001,1610612751,Brooklyn,Nets,BKN,nets,1629617,Reggie,Perry,R. Perry,reggie-perry,,,0,7:46,0,2,0,2,6,4,4,4,0,0,0,0
0022000001,1610612751,Brooklyn,Nets,BKN,nets,1628971,Bruce,Brown,B. Brown,bruce-brown,,,1,7:31,2,0,2,2,6,3,4,4,0,0,1,0
0022000001,1610612751,Brooklyn,Nets,BKN,nets,1627789,Timothe,Luwawu-Cabarrot,T. Luwawu-Cabarrot,timothe-luwawu-cabarrot,,,9,6:36,0,2,0,2,6,3,4,4,0,0,2,0
0022000001,1610612751,Brooklyn,Nets,BKN,nets,1629066,Rodions,Kurucs,R. Kurucs,rodions-kurucs,,,00,6:36,0,0,0,0,6,3,4,4,0,0,0,0
0022000001,1610612751,Brooklyn,Nets,BKN,nets,204020,Tyler,Johnson,T. Johnson,tyler-johnson,,,10,5:59,0,0,0,0,6,3,4,4,0,0,0,1
0022000019,1610612758,Sacramento,Kings,SAC,kings,203084,Harrison,Barnes,H. Barnes,harrison-barnes,F,,40,41:57,5,0,2,16,11,13,8,56,0,2,1,5
0022000019,1610612758,Sacramento,Kings,SAC,kings,1628963,Marvin,Bagley III,M. Bagley III,marvin-bagley-iii,F,,35,27:21,0,1,2,10,9,8,9,40,1,2,6,4
0022000019,1610612758,Sacramento,Kings,SAC,kings,1626158,Richaun,Holmes,R. Holmes,richaun-holmes,C,,22,22:59,0,2,0,2,7,4,11,26,1,1,6,0
0022000019,1610612758,Sacramento,Kings,SAC,kings,1627741,Buddy,Hield,B. Hield,buddy-hield,G,,24,41:08,2,2,8,4,11,12,11,54,0,1,5,2
0022000019,1610612758,Sacramento,Kings,SAC,kings,1628368,De'Aaron,Fox,D. Fox,deaaron-fox,G,,5,38:43,2,0,4,12,14,8,9,44,1,1,2,4
0022000019,1610612758,Sacramento,Kings,SAC,kings,202709,Cory,Joseph,C. Joseph,cory-joseph,,,9,29:22,2,0,1,6,11,8,2,40,2,1,4,4
0022000019,1610612758,Sacramento,Kings,SAC,kings,202357,Nemanja,Bjelica,N. Bjelica,nemanja-bjelica,,,8,15:56,0,4,2,6,7,5,2,14,0,2,3,2
0022000019,1610612758,Sacramento,Kings,SAC,kings,202355,Hassan,Whiteside,H. Whiteside,hassan-whiteside,,,20,17:34,0,0,0,4,7,2,0,16,1,0,2,2
0022000019,1610612758,Sacramento,Kings,SAC,kings,1630169,Tyrese,Haliburton,T. Haliburton,tyrese-haliburton,,,0,30:00,0,0,0,2,13,10,3,40,1,1,0,2
0022000019,1610612758,Sacramento,Kings,SAC,kings,1629657,Kyle,Guy,K. Guy,kyle-guy,,DNP - Coach's Decision,7,,0,0,0,0,0,0,0,0,0,0,0,0
0022000019,1610612758,Sacramento,Kings,SAC,kings,1629713,Justin,James,J. James,justin-james,,DNP - Coach's Decision,10,,0,0,0,0,0,0,0,0,0,0,0,0
0022000019,1610612758,Sacramento,Kings,SAC,kings,1630186,Jahmi'us,Ramsey,J. Ramsey,jahmius-ramsey,,DNP - Coach's Decision,3,,0,0,0,0,0,0,0,0,0,0,0,0
0022000019,1610612758,Sacramento,Kings,SAC,kings,203922,Glenn,Robinson III,G. Robinson III,glenn-robinson-iii,,DNP - Coach's Decision,30,,0,0,0,0,0,0,0,0,0,0,0,0
0022000019,1610612758,Sacramento,Kings,SAC,kings,1630218,Robert,Woodard II,R. Woodard II,robert-woodard-ii,,DNP - Coach's Decision,13,,0,0,0,0,0,0,0,0,0,0,0,0
0022000019,1610612743,Denver,Nuggets,DEN,nuggets,1629008,Michael,Porter Jr.,M. Porter Jr.,michael-porter-jr,F,,1,29:36,5,2,5,8,9,2,13,32,3,0,3,3
0022000019,1610612743,Denver,Nuggets,DEN,nuggets,200794,Paul,Millsap,P. Millsap,paul-millsap,F,,4,36:06,0,2,0,10,9,8,15,44,0,0,3,1
0022000019,1610612743,Denver,Nuggets,DEN,nuggets,203999,Nikola,Jokić,N. Jokić,nikola-jokić,C,,15,41:51,2,5,0,18,11,6,13,48,2,2,3,12
0022000019,1610612743,Denver,Nuggets,DEN,nuggets,203914,Gary,Harris,G. Harris,gary-harris,G,,14,41:33,2,0,2,6,11,8,13,50,1,0,2,3
0022000019,1610612743,Denver,Nuggets,DEN,nuggets,1627750,Jamal,Murray,J. Murray,jamal-murray,G,,27,34:27,4,0,4,2,7,6,15,36,0,0,6,5
0022000019,1610612743,Denver,Nuggets,DEN,nuggets,203115,Will,Barton,W. Barton,will-barton,,,5,33:27,5,2,0,8,2,9,10,40,1,2,2,3
0022000019,1610612743,Denver,Nuggets,DEN,nuggets,1628408,PJ,Dozier,P. Dozier,pj-dozier,,,35,14:40,0,3,0,6,4,3,4,22,2,1,1,2
0022000019,1610612743,Denver,Nuggets,DEN,nuggets,1628420,Monté,Morris,M. Morris,monté-morris,,,11,16:19,0,0,0,2,2,1,6,20,0,1,0,0
0022000019,1610612743,Denver,Nuggets,DEN,nuggets,1630267,Facundo,Campazzo,F. Campazzo,facundo-campazzo,,,7,8:08,0,0,0,0,0,1,2,8,0,0,1,0
0022000019,1610612743,Denver,Nuggets,DEN,nuggets,1628392,Isaiah,Hartenstein,I. Hartenstein,isaiah-hartenstein,,,25,8:53,0,0,0,6,0,1,4,10,2,1,4,0
0022000019,1610612743,Denver,Nuggets,DEN,nuggets,1629626,Bol,Bol,B. Bol,bol-bol,,DNP - Coach's Decision,10,,0,0,0,0,0,0,0,0,0,0,0,0
0022000019,1610612743,Denver,Nuggets,DEN,nuggets,1630181,R.J.,Hampton,R. Hampton,rj-hampton,,DNP - Coach's Decision,13,,0,0,0,0,0,0,0,0,0,0,0,0
0022000019,1610612743,Denver,Nuggets,DEN,nuggets,1630210,Markus,Howard,M. Howard,markus-howard,,DNP - Coach's Decision,00,,0,0,0,0,0,0,0,0,0,0,0,0
0022000019,1610612743,Denver,Nuggets,DEN,nuggets,1630192,Zeke,Nnaji,Z. Nnaji,zeke-nnaji,,DNP - Coach's Decision,22,,0,0,0,0,0,0,0,0,0,0,0,0
0022000019,1610612743,Denver,Nuggets,DEN,nuggets,1628427,Vlatko,Čančar,V. Čančar,vlatko-čančar,,DNP - Coach's Decision,31,,0,0,0,0,0,0,0,0,0,0,0,0
0022000015,1610612737,Atlanta,Hawks,ATL,hawks,1629631,De'Andre,Hunter,D. Hunter,deandre-hunter,F,,12,25:54,4,0,0,8,6,8,6,22,0,0,3,0
0022000015,1610612737,Atlanta,Hawks,ATL,hawks,201568,Danilo,Gallinari,D. Gallinari,danilo-gallinari,F,,8,24:26,0,0,0,4,6,7,8,20,0,0,2,4
0022000015,1610612737,Atlanta,Hawks,ATL,hawks,1628381,John,Collins,J. Collins,john-collins,C,,20,18:03,2,0,5,10,4,8,4,16,2,1,4,5
0022000015,1610612737,Atlanta,Hawks,ATL,hawks,1629629,Cam,Reddish,C. Reddish,cam-reddish,G,,22,23:46,6,2,4,10,6,8,8,22,0,0,3,1
0022000015,1610612737,Atlanta,Hawks,ATL,hawks,1629027,Trae,Young,T. Young,trae-young,G,,11,25:58,8,5,2,8,7,10,8,22,0,0,1,9
0022000015,1610612737,Atlanta,Hawks,ATL,hawks,203992,Bogdan,Bogdanović,B. Bogdanović,bogdan-bogdanović,,,13,24:56,5,0,4,4,10,10,4,26,0,1,2,1
0022000015,1610612737,Atlanta,Hawks,ATL,hawks,203524,Solomon,Hill,S. Hill,solomon-hill,,,18,28:24,0,0,0,0,14,10,6,30,1,0,2,0
0022000015,1610612737,Atlanta,Hawks,ATL,hawks,1628989,Kevin,Huerter,K. Huerter,kevin-huerter,,,3,27:03,0,0,6,2,10,8,2,24,0,0,2,1
0022000015,1610612737,Atlanta,Hawks,ATL,hawks,1628981,Bruno,Fernando,B. Fernando,bruno-fernando,,,24,18:08,4,1,2,4,6,1,2,16,0,0,3,1
0022000015,1610612737,Atlanta,Hawks,ATL,hawks,1629164,Brandon,Goodwin,B. Goodwin,brandon-goodwin,,,0,13:14,0,0,0,0,7,0,4,14,0,1,4,0
0022000015,1610612737,Atlanta,Hawks,ATL,hawks,1630233,Nathan,Knight,N. Knight,nathan-knight,,,1,5:04,0,0,0,0,2,0,4,4,0,0,2,0
0022000015,1610612737,Atlanta,Hawks,ATL,hawks,1630219,Skylar,Mays,S. Mays,skylar-mays,,,4,5:04,0,0,0,0,2,0,4,4,0,0,1,0
0022000015,1610612741,Chicago,Bulls,CHI,bulls,1630172,Patrick,Williams,P. Williams,patrick-williams,F,,44,33:03,3,0,4,4,25,3,18,36,1,1,2,7
0022000015,1610612741,Chicago,Bulls,CHI,bulls,1628374,Lauri,Markkanen,L. Markkanen,lauri-markkanen,F,,24,30:12,2,5,0,4,25,4,21,40,0,0,1,2
0022000015,1610612741,Chicago,Bulls,CHI,bulls,1628976,Wendell,Carter Jr.,W. Carter Jr.,wendell-carter-jr,C,,34,25:46,4,0,2,4,19,2,13,30,0,0,3,3
0022000015,1610612741,Chicago,Bulls,CHI,bulls,203897,Zach,LaVine,Z. LaVine,zach-lavine,G,,8,25:18,2,2,2,12,17,6,21,32,0,0,5,3
0022000015,1610612741,Chicago,Bulls,CHI,bulls,1629632,Coby,White,C. White,coby-white,G,,0,30:28,0,0,4,2,19,5,16,34,0,1,2,4
0022000015,1610612741,Chicago,Bulls,CHI,bulls,203490,Otto,Porter Jr.,O. Porter Jr.,otto-porter-jr,,,22,23:22,2,4,0,6,9,6,10,18,0,0,2,3
0022000015,1610612741,Chicago,Bulls,CHI,bulls,1627853,Ryan,Arcidiacono,R. Arcidiacono,ryan-arcidiacono,,,51,19:35,0,0,0,2,8,4,2,18,0,0,2,5
0022000015,1610612741,Chicago,Bulls,CHI,bulls,1629655,Daniel,Gafford,D. Gafford,daniel-gafford,,,12,16:54,1,1,0,4,8,3,7,10,1,0,1,2
0022000015,1610612741,Chicago,Bulls,CHI,bulls,1628990,Chandler,Hutchison,C. Hutchison,chandler-hutchison,,,15,18:35,2,0,0,2,6,5,5,16,0,1,3,0
0022000015,1610612741,Chicago,Bulls,CHI,bulls,1629690,Adam,Mokoka,A. Mokoka,adam-mokoka,,,20,16:47,0,2,0,4,9,2,2,16,1,0,1,0
0022000015,1610612741,Chicago,Bulls,CHI,bulls,1626245,Cristiano,Felicio,C. Felicio,cristiano-felicio,,DNP - Coach's Decision,6,,0,0,0,0,0,0,0,0,0,0,0,0
0022000015,1610612741,Chicago,Bulls,CHI,bulls,1628436,Luke,Kornet,L. Kornet,luke-kornet,,DNP - Coach's Decision,2,,0,0,0,0,0,0,0,0,0,0,0,0
0022000015,1610612741,Chicago,Bulls,CHI,bulls,203107,Tomas,Satoransky,T. Satoransky,tomas-satoransky,,DNP - Coach's Decision,31,,0,0,0,0,0,0,0,0,0,0,0,0
0022000015,1610612741,Chicago,Bulls,CHI,bulls,202066,Garrett,Temple,G. Temple,garrett-temple,,DNP - Coach's Decision,17,,0,0,0,0,0,0,0,0,0,0,0,0
0022000015,1610612741,Chicago,Bulls,CHI,bulls,1627756,Denzel,Valentine,D. Valentine,denzel-valentine,,DNP - Coach's Decision,45,,0,0,0,0,0,0,0,0,0,0,0,0
0022000017,1610612759,San Antonio,Spurs,SAS,spurs,201942,DeMar,DeRozan,D. DeRozan,demar-derozan,F,,10,34:53,2,0,7,14,17,4,17,56,1,1,1,9
0022000017,1610612759,San Antonio,Spurs,SAS,spurs,1629640,Keldon,Johnson,K. Johnson,keldon-johnson,F,,3,32:01,0,0,2,8,17,4,19,54,0,3,1,4
0022000017,1610612759,San Antonio,Spurs,SAS,spurs,200746,LaMarcus,Aldridge,L. Aldridge,lamarcus-aldridge,C,,12,28:46,0,0,0,6,15,4,17,48,1,0,3,1
0022000017,1610612759,San Antonio,Spurs,SAS,spurs,1629022,Lonnie,Walker IV,L. Walker IV,lonnie-walker-iv,G,,1,34:23,2,0,5,6,17,4,19,56,1,1,3,1
0022000017,1610612759,San Antonio,Spurs,SAS,spurs,1627749,Dejounte,Murray,D. Murray,dejounte-murray,G,,5,30:39,8,0,6,14,15,4,15,48,0,0,3,3
0022000017,1610612759,San Antonio,Spurs,SAS,spurs,1627751,Jakob,Poeltl,J. Poeltl,jakob-poeltl,,,25,19:14,0,2,0,4,2,0,2,18,1,2,1,0
0022000017,1610612759,San Antonio,Spurs,SAS,spurs,201988,Patty,Mills,P. Mills,patty-mills,,,8,19:18,0,3,2,2,2,0,0,18,0,1,4,1
0022000017,1610612759,San Antonio,Spurs,SAS,spurs,200752,Rudy,Gay,R. Gay,rudy-gay,,,22,21:06,0,0,0,6,0,0,2,14,3,0,1,1
0022000017,1610612759,San Antonio,Spurs,SAS,spurs,1630170,Devin,Vassell,D. Vassell,devin-vassell,,,24,19:40,0,0,0,0,0,0,4,18,1,0,1,0
0022000017,1610612759,San Antonio,Spurs,SAS,spurs,1628966,Keita,Bates-Diop,K. Bates-Diop,keita-bates-diop,,DNP - Coach's Decision,31,,0,0,0,0,0,0,0,0,0,0,0,0
0022000017,1610612759,San Antonio,Spurs,SAS,spurs,1629234,Drew,Eubanks,D. Eubanks,drew-eubanks,,DNP - Coach's Decision,14,,0,0,0,0,0,0,0,0,0,0,0,0
0022000017,1610612759,San Antonio,Spurs,SAS,spurs,1630200,Tre,Jones,T. Jones,tre-jones,,DNP - Coach's Decision,33,,0,0,0,0,0,0,0,0,0,0,0,0
0022000017,1610612759,San Antonio,Spurs,SAS,spurs,1626168,Trey,Lyles,T. Lyles,trey-lyles,,DNP - Coach's Decision,41,,0,0,0,0,0,0,0,0,0,0,0,0
0022000017,1610612759,San Antonio,Spurs,SAS,spurs,1629677,Luka,Samanic,L. Samanic,luka-samanic,,DNP - Coach's Decision,19,,0,0,0,0,0,0,0,0,0,0,0,0
0022000017,1610612763,Memphis,Grizzlies,MEM,grizzlies,1628415,Dillon,Brooks,D. Brooks,dillon-brooks,F,,24,33:13,0,0,4,8,8,3,16,42,0,1,6,1
0022000017,1610612763,Memphis,Grizzlies,MEM,grizzlies,203937,Kyle,Anderson,K. Anderson,kyle-anderson,F,,1,28:51,0,0,2,4,6,3,16,38,0,1,3,0
0022000017,1610612763,Memphis,Grizzlies,MEM,grizzlies,202685,Jonas,Valančiūnas,J. Valančiūnas,jonas-valančiūnas,C,,17,29:33,3,2,0,10,10,3,18,36,1,0,4,3
0022000017,1610612763,Memphis,Grizzlies,MEM,grizzlies,1628960,Grayson,Allen,G. Allen,grayson-allen,G,,3,26:57,3,0,0,0,4,3,16,34,1,2,1,1
0022000017,1610612763,Memphis,Grizzlies,MEM,grizzlies,1629630,Ja,Morant,J. Morant,ja-morant,G,,12,35:10,11,2,13,30,4,2,16,48,1,3,1,6
0022000017,1610612763,Memphis,Grizzlies,MEM,grizzlies,1629001,De'Anthony,Melton,D. Melton,deanthony-melton,,,0,24:32,0,0,0,0,8,2,10,30,2,1,1,2
0022000017,1610612763,Memphis,Grizzlies,MEM,grizzlies,1629634,Brandon,Clarke,B. Clarke,brandon-clarke,,,15,25:51,0,0,0,8,6,2,10,30,1,0,1,3
0022000017,1610612763,Memphis,Grizzlies,MEM,grizzlies,1630217,Desmond,Bane,D. Bane,desmond-bane,,,22,10:33,0,0,0,0,4,2,2,12,0,0,1,0
0022000017,1610612763,Memphis,Grizzlies,MEM,grizzlies,203476,Gorgui,Dieng,G. Dieng,gorgui-dieng,,,14,11:46,0,0,0,2,2,2,0,16,2,0,2,0
0022000017,1610612763,Memphis,Grizzlies,MEM,grizzlies,1626145,Tyus,Jones,T. Jones,tyus-jones,,,21,13:35,0,0,0,4,8,3,6,14,0,0,0,2
0022000017,1610612763,Memphis,Grizzlies,MEM,grizzlies,1629723,John,Konchar,J. Konchar,john-konchar,,DNP - Coach's Decision,46,,0,0,0,0,0,0,0,0,0,0,0,0
0022000017,1610612763,Memphis,Grizzlies,MEM,grizzlies,1630253,Sean,McDermott,S. McDermott,sean-mcdermott,,DNP - Coach's Decision,30,,0,0,0,0,0,0,0,0,0,0,0,0
0022000018,1610612765,Detroit,Pistons,DET,pistons,203924,Jerami,Grant,J. Grant,jerami-grant,F,,9,31:25,0,0,3,6,11,9,15,28,1,1,0,1
0022000018,1610612765,Detroit,Pistons,DET,pistons,201933,Blake,Griffin,B. Griffin,blake-griffin,F,,23,35:00,4,0,2,10,12,11,17,36,0,0,2,7
0022000018,1610612765,Detroit,Pistons,DET,pistons,203486,Mason,Plumlee,M. Plumlee,mason-plumlee,C,,24,32:12,2,2,4,12,13,7,15,30,0,1,4,0
0022000018,1610612765,Detroit,Pistons,DET,pistons,1626153,Delon,Wright,D. Wright,delon-wright,G,,55,19:09,2,0,0,2,4,4,11,18,0,0,0,2
0022000018,1610612765,Detroit,Pistons,DET,pistons,1630165,Killian,Hayes,K. Hayes,killian-hayes,G,,7,21:12,5,0,0,4,10,2,15,24,0,0,2,1
0022000018,1610612765,Detroit,Pistons,DET,pistons,201565,Derrick,Rose,D. Rose,derrick-rose,,,25,26:48,2,0,2,8,6,14,2,20,1,0,1,3
0022000018,1610612765,Detroit,Pistons,DET,pistons,1628367,Josh,Jackson,J. Jackson,josh-jackson,,,20,28:51,4,0,8,10,12,12,6,26,0,0,5,0
0022000018,1610612765,Detroit,Pistons,DET,pistons,1626143,Jahlil,Okafor,J. Okafor,jahlil-okafor,,,13,15:18,0,4,0,8,3,9,2,14,0,2,4,1
0022000018,1610612765,Detroit,Pistons,DET,pistons,1629004,Svi,Mykhailiuk,S. Mykhailiuk,svi-mykhailiuk,,,19,16:35,0,0,0,0,5,7,2,16,0,0,1,0
0022000018,1610612765,Detroit,Pistons,DET,pistons,1629635,Sekou,Doumbouya,S. Doumbouya,sekou-doumbouya,,,45,13:30,0,2,4,6,4,5,0,8,0,1,1,1
0022000018,1610612765,Detroit,Pistons,DET,pistons,1630180,Saddiq,Bey,S. Bey,saddiq-bey,,DNP - Coach's Decision,41,,0,0,0,0,0,0,0,0,0,0,0,0
0022000018,1610612765,Detroit,Pistons,DET,pistons,201961,Wayne,Ellington,W. Ellington,wayne-ellington,,DNP - Coach's Decision,8,,0,0,0,0,0,0,0,0,0,0,0,0
0022000018,1610612765,Detroit,Pistons,DET,pistons,1630240,Saben,Lee,S. Lee,saben-lee,,DNP - Coach's Decision,38,,0,0,0,0,0,0,0,0,0,0,0,0
0022000018,1610612765,Detroit,Pistons,DET,pistons,203585,Rodney,McGruder,R. McGruder,rodney-mcgruder,,DNP - Coach's Decision,17,,0,0,0,0,0,0,0,0,0,0,0,0
0022000018,1610612765,Detroit,Pistons,DET,pistons,1630191,Isaiah,Stewart,I. Stewart,isaiah-stewart,,DNP - Coach's Decision,28,,0,0,0,0,0,0,0,0,0,0,0,0
0022000018,1610612750,Minnesota,Timberwolves,MIN,timberwolves,1629006,Josh,Okogie,J. Okogie,josh-okogie,F,,20,32:33,0,0,2,6,17,4,11,44,0,2,3,2
0022000018,1610612750,Minnesota,Timberwolves,MIN,timberwolves,1627774,Jake,Layman,J. Layman,jake-layman,F,,10,16:33,0,0,0,0,11,4,5,24,0,0,0,2
0022000018,1610612750,Minnesota,Timberwolves,MIN,timberwolves,1626157,Karl-Anthony,Towns,K. Towns,karl-anthony-towns,C,,32,30:25,0,4,3,8,13,6,11,46,2,0,4,4
0022000018,1610612750,Minnesota,Timberwolves,MIN,timberwolves,1627736,Malik,Beasley,M. Beasley,malik-beasley,G,,5,26:37,9,3,7,8,9,2,7,34,0,0,3,1
0022000018,1610612750,Minnesota,Timberwolves,MIN,timberwolves,201937,Ricky,Rubio,R. Rubio,ricky-rubio,G,,9,25:25,2,0,0,2,6,6,6,34,0,0,3,2
0022000018,1610612750,Minnesota,Timberwolves,MIN,timberwolves,1630162,Anthony,Edwards,A. Edwards,anthony-edwards,,,1,25:09,0,4,0,8,10,6,18,34,0,0,1,2
0022000018,1610612750,Minnesota,Timberwolves,MIN,timberwolves,1626156,D'Angelo,Russell,D. Russell,dangelo-russell,,,0,33:20,0,3,3,2,15,2,19,42,0,0,2,1
0022000018,1610612750,Minnesota,Timberwolves,MIN,timberwolves,1629675,Naz,Reid,N. Reid,naz-reid,,,11,17:35,2,2,0,4,6,2,12,20,3,0,0,3
0022000018,1610612750,Minnesota,Timberwolves,MIN,timberwolves,1627823,Juancho,Hernangomez,J. Hernangomez,juancho-hernangomez,,,41,11:46,0,0,0,0,4,2,12,20,0,0,0,0
0022000018,1610612750,Minnesota,Timberwolves,MIN,timberwolves,1629633,Jarrett,Culver,J. Culver,jarrett-culver,,,23,20:37,3,0,2,6,4,6,14,32,0,0,0,3
0022000018,1610612750,Minnesota,Timberwolves,MIN,timberwolves,202334,Ed,Davis,E. Davis,ed-davis,,DNP - Coach's Decision,17,,0,0,0,0,0,0,0,0,0,0,0,0
0022000018,1610612750,Minnesota,Timberwolves,MIN,timberwolves,1630183,Jaden,McDaniels,J. McDaniels,jaden-mcdaniels,,DNP - Coach's Decision,3,,0,0,0,0,0,0,0,0,0,0,0,0
0022000018,1610612750,Minnesota,Timberwolves,MIN,timberwolves,1629020,Jarred,Vanderbilt,J. Vanderbilt,jarred-vanderbilt,,DNP - Coach's Decision,8,,0,0,0,0,0,0,0,0,0,0,0,0
0022000020,1610612762,Utah,Jazz,UTA,jazz,202711,Bojan,Bogdanovic,B. Bogdanovic,bojan-bogdanovic,F,,44,33:12,3,0,0,2,9,4,4,32,0,1,2,1
0022000020,1610612762,Utah,Jazz,UTA,jazz,1626220,Royce,O'Neale,R. O'Neale,royce-oneale,F,,23,28:04,0,0,0,0,9,2,9,28,1,0,3,1
0022000020,1610612762,Utah,Jazz,UTA,jazz,203497,Rudy,Gobert,R. Gobert,rudy-gobert,C,,27,28:07,2,6,2,16,9,4,3,28,0,0,2,5
0022000020,1610612762,Utah,Jazz,UTA,jazz,1628378,Donovan,Mitchell,D. Mitchell,donovan-mitchell,G,,45,30:47,3,2,2,4,11,2,10,28,0,0,2,5
0022000020,1610612762,Utah,Jazz,UTA,jazz,201144,Mike,Conley,M. Conley,mike-conley,G,,10,29:35,2,2,0,2,7,4,3,28,0,1,3,3
0022000020,1610612762,Utah,Jazz,UTA,jazz,204060,Joe,Ingles,J. Ingles,joe-ingles,,,2,26:43,0,0,3,4,8,4,7,26,1,0,0,1
0022000020,1610612762,Utah,Jazz,UTA,jazz,202324,Derrick,Favors,D. Favors,derrick-favors,,,15,16:18,0,4,0,10,4,2,7,14,0,0,3,0
0022000020,1610612762,Utah,Jazz,UTA,jazz,203903,Jordan,Clarkson,J. Clarkson,jordan-clarkson,,,00,22:09,0,0,3,4,2,6,7,20,1,0,0,0
0022000020,1610612762,Utah,Jazz,UTA,jazz,1627777,Georges,Niang,G. Niang,georges-niang,,,31,8:31,0,0,0,0,2,2,0,6,0,0,1,0
0022000020,1610612762,Utah,Jazz,UTA,jazz,1629671,Miye,Oni,M. Oni,miye-oni,,,81,3:52,0,3,0,0,2,2,0,2,0,1,0,0
0022000020,1610612762,Utah,Jazz,UTA,jazz,1627885,Shaquille,Harrison,S. Harrison,shaquille-harrison,,,8,2:49,0,0,0,0,2,2,0,2,0,0,0,0
0022000020,1610612762,Utah,Jazz,UTA,jazz,1628962,Udoka,Azubuike,U. Azubuike,udoka-azubuike,,,20,3:35,0,0,0,2,0,2,0,2,0,0,0,0
0022000020,1610612762,Utah,Jazz,UTA,jazz,1629752,Juwan,Morgan,J. Morgan,juwan-morgan,,,16,3:09,0,0,0,0,0,2,0,2,0,0,0,0
0022000020,1610612762,Utah,Jazz,UTA,jazz,1630190,Elijah,Hughes,E. Hughes,elijah-hughes,,,33,3:09,0,0,0,0,0,2,0,2,0,0,0,2
0022000020,1610612757,Portland,Trail Blazers,POR,blazers,1627884,Derrick,Jones Jr.,D. Jones Jr.,derrick-jones-jr,F,,5,25:35,0,0,0,0,6,8,8,26,0,1,3,0
0022000020,1610612757,Portland,Trail Blazers,POR,blazers,203496,Robert,Covington,R. Covington,robert-covington,F,,23,21:25,0,0,0,0,6,8,8,20,0,0,2,2
0022000020,1610612757,Portland,Trail Blazers,POR,blazers,203994,Jusuf,Nurkić,J. Nurkić,jusuf-nurkić,C,,27,21:52,4,0,0,8,6,6,8,18,0,0,3,3
0022000020,1610612757,Portland,Trail Blazers,POR,blazers,203468,CJ,McCollum,C. McCollum,cj-mccollum,G,,3,34:10,5,2,6,6,6,8,10,28,1,0,3,4
0022000020,1610612757,Portland,Trail Blazers,POR,blazers,203081,Damian,Lillard,D. Lillard,damian-lillard,G,,0,33:41,2,0,0,6,8,10,8,34,1,0,1,2
0022000020,1610612757,Portland,Trail Blazers,POR,blazers,1629018,Gary,Trent Jr.,G. Trent Jr.,gary-trent-jr,,,2,26:08,0,0,3,2,4,11,2,26,0,1,0,0
0022000020,1610612757,Portland,Trail Blazers,POR,blazers,2546,Carmelo,Anthony,C. Anthony,carmelo-anthony,,,00,24:04,2,2,1,8,2,6,2,24,0,0,2,4
0022000020,1610612757,Portland,Trail Blazers,POR,blazers,202683,Enes,Freedom,E. Freedom,enes-freedom,,,11,25:54,0,2,0,14,4,11,2,26,0,0,0,1
0022000020,1610612757,Portland,Trail Blazers,POR,blazers,203918,Rodney,Hood,R. Hood,rodney-hood,,,5,13:50,0,0,0,0,2,2,2,12,0,1,0,0
0022000020,1610612757,Portland,Trail Blazers,POR,blazers,1628385,Harry,Giles III,H. Giles III,harry-giles-iii,,,4,4:27,0,0,0,0,2,5,0,2,1,0,1,0
0022000020,1610612757,Portland,Trail Blazers,POR,blazers,1629833,Keljin,Blevins,K. Blevins,keljin-blevins,,,21,4:27,0,0,0,0,2,5,0,2,0,0,1,0
0022000020,1610612757,Portland,Trail Blazers,POR,blazers,1629604,CJ,Elleby,C. Elleby,cj-elleby,,,16,4:27,0,2,0,0,2,5,0,2,0,0,2,0
0022000014,1610612740,New Orleans,Pelicans,NOP,pelicans,1627742,Brandon,Ingram,B. Ingram,brandon-ingram,F,,14,37:20,2,0,2,6,21,9,9,30,1,2,2,0
0022000014,1610612740,New Orleans,Pelicans,NOP,pelicans,1629627,Zion,Williamson,Z. Williamson,zion-williamson,F,,1,29:34,4,2,4,14,14,4,14,28,1,1,3,4
0022000014,1610612740,New Orleans,Pelicans,NOP,pelicans,203500,Steven,Adams,S. Adams,steven-adams,C,,12,30:37,0,2,0,8,15,5,6,22,2,0,1,2
0022000014,1610612740,New Orleans,Pelicans,NOP,pelicans,1628366,Lonzo,Ball,L. Ball,lonzo-ball,G,,2,28:48,5,2,8,0,13,4,7,28,2,0,3,3
0022000014,1610612740,New Orleans,Pelicans,NOP,pelicans,202339,Eric,Bledsoe,E. Bledsoe,eric-bledsoe,G,,5,34:27,2,2,0,2,22,7,15,28,1,0,1,6
0022000014,1610612740,New Orleans,Pelicans,NOP,pelicans,200755,JJ,Redick,J. Redick,jj-redick,,,4,28:52,9,2,6,0,20,8,10,16,0,1,4,2
0022000014,1610612740,New Orleans,Pelicans,NOP,pelicans,1628404,Josh,Hart,J. Hart,josh-hart,,,3,26:41,3,0,0,2,17,8,10,16,0,0,2,3
0022000014,1610612740,New Orleans,Pelicans,NOP,pelicans,1629637,Jaxson,Hayes,J. Hayes,jaxson-hayes,,,10,6:17,0,0,0,0,6,4,2,6,0,0,1,1
0022000014,1610612740,New Orleans,Pelicans,NOP,pelicans,1629740,Nicolo,Melli,N. Melli,nicolo-melli,,,20,13:31,0,0,0,0,14,3,7,6,0,1,0,0
0022000014,1610612740,New Orleans,Pelicans,NOP,pelicans,1629638,Nickeil,Alexander-Walker,N. Alexander-Walker,nickeil-alexander-walker,,,6,3:53,0,0,0,0,3,3,0,0,0,0,0,1
0022000014,1610612740,New Orleans,Pelicans,NOP,pelicans,1626195,Willy,Hernangomez,W. Hernangomez,willy-hernangomez,,DNP - Coach's Decision,9,,0,0,0,0,0,0,0,0,0,0,0,0
0022000014,1610612740,New Orleans,Pelicans,NOP,pelicans,1630184,Kira,Lewis Jr.,K. Lewis Jr.,kira-lewis-jr,,DNP - Coach's Decision,13,,0,0,0,0,0,0,0,0,0,0,0,0
0022000014,1610612740,New Orleans,Pelicans,NOP,pelicans,1630230,Naji,Marshall,N. Marshall,naji-marshall,,DNP - Coach's Decision,8,,0,0,0,0,0,0,0,0,0,0,0,0
0022000014,1610612740,New Orleans,Pelicans,NOP,pelicans,1628414,Sindarius,Thornwell,S. Thornwell,sindarius-thornwell,,DNP - Coach's Decision,15,,0,0,0,0,0,0,0,0,0,0,0,0
0022000014,1610612761,Toronto,Raptors,TOR,raptors,1628384,OG,Anunoby,O. Anunoby,og-anunoby,F,,3,36:13,6,0,4,8,21,8,15,28,2,1,4,0
0022000014,1610612761,Toronto,Raptors,TOR,raptors,1627783,Pascal,Siakam,P. Siakam,pascal-siakam,F,,43,38:41,0,0,2,8,20,6,20,24,0,2,1,2
0022000014,1610612761,Toronto,Raptors,TOR,raptors,203382,Aron,Baynes,A. Baynes,aron-baynes,C,,46,28:06,0,2,0,6,11,6,12,20,0,1,2,1
0022000014,1610612761,Toronto,Raptors,TOR,raptors,200768,Kyle,Lowry,K. Lowry,kyle-lowry,G,,7,38:33,5,3,3,4,19,8,18,26,0,1,3,4
0022000014,1610612761,Toronto,Raptors,TOR,raptors,1627832,Fred,VanVleet,F. VanVleet,fred-vanvleet,G,,23,29:37,5,0,2,2,13,6,9,20,0,1,4,4
0022000014,1610612761,Toronto,Raptors,TOR,raptors,1626181,Norman,Powell,N. Powell,norman-powell,,,24,23:08,4,0,5,0,13,6,7,18,0,1,4,5
0022000014,1610612761,Toronto,Raptors,TOR,raptors,1629744,Matt,Thomas,M. Thomas,matt-thomas,,,21,20:17,3,0,0,0,9,4,11,12,0,0,2,0
0022000014,1610612761,Toronto,Raptors,TOR,raptors,1628449,Chris,Boucher,C. Boucher,chris-boucher,,,25,14:47,6,6,0,8,10,4,8,10,2,0,2,0
0022000014,1610612761,Toronto,Raptors,TOR,raptors,1627761,DeAndre',Bembry,D. Bembry,deandre-bembry,,,95,5:31,0,0,0,0,5,2,0,2,1,0,0,1
0022000014,1610612761,Toronto,Raptors,TOR,raptors,1629056,Terence,Davis,T. Davis,terence-davis,,,0,2:35,0,0,0,0,4,0,0,0,0,0,0,0
0022000014,1610612761,Toronto,Raptors,TOR,raptors,1626169,Stanley,Johnson,S. Johnson,stanley-johnson,,,5,1:16,0,0,0,0,0,0,0,0,0,0,0,0
0022000014,1610612761,Toronto,Raptors,TOR,raptors,1630201,Malachi,Flynn,M. Flynn,malachi-flynn,,,8,1:16,0,0,0,0,0,0,0,0,0,0,0,0
0022000014,1610612761,Toronto,Raptors,TOR,raptors,203458,Alex,Len,A. Len,alex-len,,DNP - Coach's Decision,27,,0,0,0,0,0,0,0,0,0,0,0,0
0022000014,1610612761,Toronto,Raptors,TOR,raptors,1629139,Yuta,Watanabe,Y. Watanabe,yuta-watanabe,,DNP - Coach's Decision,18,,0,0,0,0,0,0,0,0,0,0,0,0
0022000014,1610612761,Toronto,Raptors,TOR,raptors,1628778,Paul,Watson,P. Watson,paul-watson,,DNP - Coach's Decision,1,,0,0,0,0,0,0,0,0,0,0,0,0
0022000013,1610612764,Washington,Wizards,WAS,wizards,1629067,Isaac,Bonga,I. Bonga,isaac-bonga,F,,17,16:43,0,3,0,2,4,2,2,22,0,0,2,2
0022000013,1610612764,Washington,Wizards,WAS,wizards,1630166,Deni,Avdija,D. Avdija,deni-avdija,F,,9,28:06,1,0,4,0,19,6,7,36,0,0,3,4
0022000013,1610612764,Washington,Wizards,WAS,wizards,1628418,Thomas,Bryant,T. Bryant,thomas-bryant,C,,13,25:33,2,2,2,10,8,6,2,34,1,1,5,2
0022000013,1610612764,Washington,Wizards,WAS,wizards,203078,Bradley,Beal,B. Beal,bradley-beal,G,,3,35:44,5,2,4,4,21,8,7,42,0,2,3,7
0022000013,1610612764,Washington,Wizards,WAS,wizards,201566,Russell,Westbrook,R. Westbrook,russell-westbrook,G,,4,36:18,2,0,3,6,11,4,8,40,0,2,3,3
0022000013,1610612764,Washington,Wizards,WAS,wizards,202397,Ish,Smith,I. Smith,ish-smith,,,14,22:53,2,0,0,0,10,4,6,20,1,0,1,1
0022000013,1610612764,Washington,Wizards,WAS,wizards,1628972,Troy,Brown Jr.,T. Brown Jr.,troy-brown-jr,,,6,22:26,0,0,0,0,15,4,8,20,0,1,2,1
0022000013,1610612764,Washington,Wizards,WAS,wizards,201577,Robin,Lopez,R. Lopez,robin-lopez,,,15,16:32,0,0,0,0,8,2,6,16,1,0,4,1
0022000013,1610612764,Washington,Wizards,WAS,wizards,202722,Davis,Bertans,D. Bertans,davis-bertans,,,42,20:08,3,0,6,0,7,4,7,20,1,1,0,2
0022000013,1610612764,Washington,Wizards,WAS,wizards,203526,Raul,Neto,R. Neto,raul-neto,,,19,9:42,0,0,0,0,9,0,3,8,0,1,0,1
0022000013,1610612764,Washington,Wizards,WAS,wizards,1629021,Moritz,Wagner,M. Wagner,moritz-wagner,,,21,5:55,2,0,2,4,8,0,4,2,0,0,3,1
0022000013,1610612764,Washington,Wizards,WAS,wizards,1630264,Anthony,Gill,A. Gill,anthony-gill,,DNP - Coach's Decision,16,,0,0,0,0,0,0,0,0,0,0,0,0
0022000013,1610612764,Washington,Wizards,WAS,wizards,1628394,Anžejs,Pasečņiks,A. Pasečņiks,anžejs-pasečņiks,,DNP - Coach's Decision,18,,0,0,0,0,0,0,0,0,0,0,0,0
0022000013,1610612764,Washington,Wizards,WAS,wizards,1629010,Jerome,Robinson,J. Robinson,jerome-robinson,,DNP - Coach's Decision,12,,0,0,0,0,0,0,0,0,0,0,0,0
0022000013,1610612755,Philadelphia,76ers,PHI,sixers,201980,Danny,Green,D. Green,danny-green,F,,14,18:16,0,0,0,2,12,5,15,18,0,0,2,0
0022000013,1610612755,Philadelphia,76ers,PHI,sixers,202699,Tobias,Harris,T. Harris,tobias-harris,F,,12,31:08,2,0,0,4,13,7,16,20,1,2,4,2
0022000013,1610612755,Philadelphia,76ers,PHI,sixers,203954,Joel,Embiid,J. Embiid,joel-embiid,C,,21,34:50,7,2,3,8,12,7,17,26,1,0,3,9
0022000013,1610612755,Philadelphia,76ers,PHI,sixers,203552,Seth,Curry,S. Curry,seth-curry,G,,31,32:16,5,0,0,4,12,7,17,24,0,1,4,3
0022000013,1610612755,Philadelphia,76ers,PHI,sixers,1627732,Ben,Simmons,B. Simmons,ben-simmons,G,,25,32:25,2,2,4,14,15,7,20,24,3,0,3,5
0022000013,1610612755,Philadelphia,76ers,PHI,sixers,1629003,Shake,Milton,S. Milton,shake-milton,,,18,29:44,5,2,0,8,5,2,6,8,0,1,3,5
0022000013,1610612755,Philadelphia,76ers,PHI,sixers,2730,Dwight,Howard,D. Howard,dwight-howard,,,39,13:10,0,0,0,4,5,0,4,0,1,0,3,0
0022000013,1610612755,Philadelphia,76ers,PHI,sixers,1627788,Furkan,Korkmaz,F. Korkmaz,furkan-korkmaz,,,30,20:11,3,2,3,2,5,0,4,2,2,0,1,1
0022000013,1610612755,Philadelphia,76ers,PHI,sixers,203118,Mike,Scott,M. Scott,mike-scott,,,1,16:52,0,0,0,0,4,0,5,6,0,0,1,1
0022000013,1610612755,Philadelphia,76ers,PHI,sixers,1630178,Tyrese,Maxey,T. Maxey,tyrese-maxey,,,0,10:51,0,0,2,6,2,0,1,2,0,0,0,0
0022000013,1610612755,Philadelphia,76ers,PHI,sixers,1629680,Matisse,Thybulle,M. Thybulle,matisse-thybulle,,,22,0:17,0,0,0,0,0,0,0,0,0,0,1,0
0022000013,1610612755,Philadelphia,76ers,PHI,sixers,1628396,Tony,Bradley,T. Bradley,tony-bradley,,DNP - Coach's Decision,11,,0,0,0,0,0,0,0,0,0,0,0,0
0022000013,1610612755,Philadelphia,76ers,PHI,sixers,1628390,Terrance,Ferguson,T. Ferguson,terrance-ferguson,,DNP - Coach's Decision,23,,0,0,0,0,0,0,0,0,0,0,0,0
0022000013,1610612755,Philadelphia,76ers,PHI,sixers,1630198,Isaiah,Joe,I. Joe,isaiah-joe,,DNP - Coach's Decision,7,,0,0,0,0,0,0,0,0,0,0,0,0
0022000013,1610612755,Philadelphia,76ers,PHI,sixers,1629751,Dakota,Mathias,D. Mathias,dakota-mathias,,DNP - Coach's Decision,33,,0,0,0,0,0,0,0,0,0,0,0,0
0022000010,1610612766,Charlotte,Hornets,CHA,hornets,202330,Gordon,Hayward,G. Hayward,gordon-hayward,F,,20,36:13,7,3,2,14,11,8,17,48,0,0,4,4
0022000010,1610612766,Charlotte,Hornets,CHA,hornets,1629023,P.J.,Washington,P. Washington,pj-washington,F,,25,21:23,0,0,0,2,10,3,9,34,1,1,1,1
0022000010,1610612766,Charlotte,Hornets,CHA,hornets,203469,Cody,Zeller,C. Zeller,cody-zeller,C,,40,18:57,0,0,0,6,5,3,13,28,1,0,1,2
0022000010,1610612766,Charlotte,Hornets,CHA,hornets,1626179,Terry,Rozier,T. Rozier,terry-rozier,G,,3,37:31,11,0,5,10,13,8,17,50,1,1,5,7
0022000010,1610612766,Charlotte,Hornets,CHA,hornets,1628984,Devonte',Graham,D. Graham,devonte-graham,G,,4,37:07,3,3,5,2,10,8,13,46,0,0,1,0
0022000010,1610612766,Charlotte,Hornets,CHA,hornets,1630163,LaMelo,Ball,L. Ball,lamelo-ball,,,2,15:48,0,0,0,0,6,0,8,20,0,1,2,1
0022000010,1610612766,Charlotte,Hornets,CHA,hornets,1628970,Miles,Bridges,M. Bridges,miles-bridges,,,0,22:05,0,0,2,6,9,3,10,24,0,0,1,1
0022000010,1610612766,Charlotte,Hornets,CHA,hornets,202687,Bismack,Biyombo,B. Biyombo,bismack-biyombo,,,8,24:21,4,2,2,10,8,5,8,30,1,0,1,5
0022000010,1610612766,Charlotte,Hornets,CHA,hornets,1628998,Cody,Martin,C. Martin,cody-martin,,,11,21:01,0,0,3,4,5,2,6,22,0,0,1,1
0022000010,1610612766,Charlotte,Hornets,CHA,hornets,1629667,Jalen,McDaniels,J. McDaniels,jalen-mcdaniels,,,6,5:34,2,0,2,2,3,0,4,8,0,0,0,0
0022000010,1610612766,Charlotte,Hornets,CHA,hornets,1630176,Vernon,Carey Jr.,V. Carey Jr.,vernon-carey-jr,,DNP - Coach's Decision,22,,0,0,0,0,0,0,0,0,0,0,0,0
0022000010,1610612766,Charlotte,Hornets,CHA,hornets,1628997,Caleb,Martin,C. Martin,caleb-martin,,DNP - Coach's Decision,10,,0,0,0,0,0,0,0,0,0,0,0,0
0022000010,1610612766,Charlotte,Hornets,CHA,hornets,1628370,Malik,Monk,M. Monk,malik-monk,,DNP - Coach's Decision,1,,0,0,0,0,0,0,0,0,0,0,0,0
0022000010,1610612766,Charlotte,Hornets,CHA,hornets,1630208,Nick,Richards,N. Richards,nick-richards,,DNP - Coach's Decision,14,,0,0,0,0,0,0,0,0,0,0,0,0
0022000010,1610612739,Cleveland,Cavaliers,CLE,cavaliers,1630171,Isaac,Okoro,I. Okoro,isaac-okoro,F,,35,33:32,2,3,4,6,19,3,17,40,0,0,1,1
0022000010,1610612739,Cleveland,Cavaliers,CLE,cavaliers,1626204,Larry,Nance Jr.,L. Nance Jr.,larry-nance-jr,F,,22,33:34,3,2,2,8,24,3,19,40,2,0,4,4
0022000010,1610612739,Cleveland,Cavaliers,CLE,cavaliers,203083,Andre,Drummond,A. Drummond,andre-drummond,C,,3,27:12,2,0,2,14,17,5,17,32,0,1,2,1
0022000010,1610612739,Cleveland,Cavaliers,CLE,cavaliers,1629012,Collin,Sexton,C. Sexton,collin-sexton,G,,2,37:05,3,3,4,12,21,8,21,48,0,1,4,5
0022000010,1610612739,Cleveland,Cavaliers,CLE,cavaliers,1629636,Darius,Garland,D. Garland,darius-garland,G,,10,32:33,2,0,5,4,23,3,12,34,0,0,3,3
0022000010,1610612739,Cleveland,Cavaliers,CLE,cavaliers,1626224,Cedi,Osman,C. Osman,cedi-osman,,,16,17:57,2,0,2,2,8,5,4,16,0,1,2,0
0022000010,1610612739,Cleveland,Cavaliers,CLE,cavaliers,201580,JaVale,McGee,J. McGee,javale-mcgee,,,6,19:12,2,0,0,12,10,3,4,22,1,0,3,1
0022000010,1610612739,Cleveland,Cavaliers,CLE,cavaliers,1629731,Dean,Wade,D. Wade,dean-wade,,,32,15:52,0,0,2,4,3,5,2,18,0,0,3,1
0022000010,1610612739,Cleveland,Cavaliers,CLE,cavaliers,1629685,Dylan,Windler,D. Windler,dylan-windler,,,9,9:29,0,0,0,0,8,0,4,12,0,1,0,1
0022000010,1610612739,Cleveland,Cavaliers,CLE,cavaliers,1628422,Damyean,Dotson,D. Dotson,damyean-dotson,,,21,13:33,0,0,0,0,2,5,5,18,0,0,0,0
0022000010,1610612739,Cleveland,Cavaliers,CLE,cavaliers,1629716,Marques,Bolden,M. Bolden,marques-bolden,,,24,0:01,0,0,0,0,0,0,0,0,0,0,0,0
0022000010,1610612739,Cleveland,Cavaliers,CLE,cavaliers,1627748,Thon,Maker,T. Maker,thon-maker,,DNP - Coach's Decision,14,,0,0,0,0,0,0,0,0,0,0,0,0
0022000010,1610612739,Cleveland,Cavaliers,CLE,cavaliers,1630205,Lamar,Stevens,L. Stevens,lamar-stevens,,DNP - Coach's Decision,8,,0,0,0,0,0,0,0,0,0,0,0,0
0022000004,1610612742,Dallas,Mavericks,DAL,mavericks,203501,Tim,Hardaway Jr.,T. Hardaway Jr.,tim-hardaway-jr,F,,11,26:48,0,1,6,0,3,3,12,22,0,0,1,4
0022000004,1610612742,Dallas,Mavericks,DAL,mavericks,1627827,Dorian,Finney-Smith,D. Finney-Smith,dorian-finney-smith,F,,10,35:48,0,0,4,6,11,3,20,28,0,1,3,2
0022000004,1610612742,Dallas,Mavericks,DAL,mavericks,203939,Dwight,Powell,D. Powell,dwight-powell,C,,7,17:32,2,0,0,2,0,0,10,16,0,1,3,4
0022000004,1610612742,Dallas,Mavericks,DAL,mavericks,1626196,Josh,Richardson,J. Richardson,josh-richardson,G,,0,36:16,5,0,4,4,5,8,16,28,0,1,4,1
0022000004,1610612742,Dallas,Mavericks,DAL,mavericks,1629029,Luka,Dončić,L. Dončić,luka-dončić,G,,77,35:57,0,1,0,22,5,8,16,28,0,4,2,8
0022000004,1610612742,Dallas,Mavericks,DAL,mavericks,1628467,Maxi,Kleber,M. Kleber,maxi-kleber,,,42,26:53,3,0,0,0,13,8,16,22,0,0,4,3
0022000004,1610612742,Dallas,Mavericks,DAL,mavericks,203504,Trey,Burke,T. Burke,trey-burke,,,3,19:36,0,0,2,2,8,5,10,18,0,0,0,0
0022000004,1610612742,Dallas,Mavericks,DAL,mavericks,201949,James,Johnson,J. Johnson,james-johnson,,,16,13:42,0,0,0,0,8,3,10,12,0,0,3,0
0022000004,1610612742,Dallas,Mavericks,DAL,mavericks,1628973,Jalen,Brunson,J. Brunson,jalen-brunson,,,13,18:11,0,0,2,8,10,2,10,12,0,0,2,4
0022000004,1610612742,Dallas,Mavericks,DAL,mavericks,1630182,Josh,Green,J. Green,josh-green,,,8,3:16,0,0,0,2,2,0,0,2,0,0,0,0
0022000004,1610612742,Dallas,Mavericks,DAL,mavericks,1626161,Willie,Cauley-Stein,W. Cauley-Stein,willie-cauley-stein,,,33,6:02,0,0,2,2,0,0,0,2,0,0,1,0
0022000004,1610612742,Dallas,Mavericks,DAL,mavericks,1628411,Wes,Iwundu,W. Iwundu,wes-iwundu,,DNP - Coach's Decision,25,,0,0,0,0,0,0,0,0,0,0,0,0
0022000004,1610612742,Dallas,Mavericks,DAL,mavericks,1626246,Boban,Marjanovic,B. Marjanovic,boban-marjanovic,,DNP - Coach's Decision,51,,0,0,0,0,0,0,0,0,0,0,0,0
0022000004,1610612742,Dallas,Mavericks,DAL,mavericks,1630179,Tyrell,Terry,T. Terry,tyrell-terry,,DNP - Coach's Decision,1,,0,0,0,0,0,0,0,0,0,0,0,0
0022000004,1610612756,Phoenix,Suns,PHX,suns,1628969,Mikal,Bridges,M. Bridges,mikal-bridges,F,,25,35:57,3,3,2,2,7,2,14,36,2,0,2,2
0022000004,1610612756,Phoenix,Suns,PHX,suns,203109,Jae,Crowder,J. Crowder,jae-crowder,F,,99,25:58,0,0,0,0,8,0,16,18,0,0,0,3
0022000004,1610612756,Phoenix,Suns,PHX,suns,1629028,Deandre,Ayton,D. Ayton,deandre-ayton,C,,22,24:10,0,2,3,10,0,0,13,30,2,0,4,3
0022000004,1610612756,Phoenix,Suns,PHX,suns,1626164,Devin,Booker,D. Booker,devin-booker,G,,1,34:07,0,1,7,10,7,2,14,34,0,0,4,8
0022000004,1610612756,Phoenix,Suns,PHX,suns,101108,Chris,Paul,C. Paul,chris-paul,G,,3,27:45,2,0,2,2,7,1,17,32,0,0,3,2
0022000004,1610612756,Phoenix,Suns,PHX,suns,1627745,Damian,Jones,D. Jones,damian-jones,,,30,7:37,0,0,0,0,2,1,0,4,1,0,5,1
0022000004,1610612756,Phoenix,Suns,PHX,suns,1626166,Cameron,Payne,C. Payne,cameron-payne,,,15,20:15,2,2,2,6,3,1,3,16,1,0,2,0
0022000004,1610612756,Phoenix,Suns,PHX,suns,1629661,Cameron,Johnson,C. Johnson,cameron-johnson,,,23,25:32,2,0,2,4,5,2,8,30,0,0,2,2
0022000004,1610612756,Phoenix,Suns,PHX,suns,1628975,Jevon,Carter,J. Carter,jevon-carter,,,4,13:53,0,0,0,0,3,0,6,14,0,0,2,0
0022000004,1610612756,Phoenix,Suns,PHX,suns,1630188,Jalen,Smith,J. Smith,jalen-smith,,,10,16:13,0,0,2,2,8,1,7,14,1,0,1,1
0022000004,1610612756,Phoenix,Suns,PHX,suns,204038,Langston,Galloway,L. Galloway,langston-galloway,,,2,8:34,4,0,4,2,0,0,2,12,0,0,1,1
0022000004,1610612756,Phoenix,Suns,PHX,suns,1630234,Ty-Shon,Alexander,T. Alexander,ty-shon-alexander,,DNP - Coach's Decision,0,,0,0,0,0,0,0,0,0,0,0,0,0
0022000004,1610612756,Phoenix,Suns,PHX,suns,202734,E'Twaun,Moore,E. Moore,etwaun-moore,,DNP - Coach's Decision,55,,0,0,0,0,0,0,0,0,0,0,0,0
0022000004,1610612756,Phoenix,Suns,PHX,suns,203967,Dario,Šarić,D. Šarić,dario-šarić,,DNP - Injury/Illness,20,,0,0,0,0,0,0,0,0,0,0,0,0
0022000011,1610612752,New York,Knicks,NYK,knicks,203493,Reggie,Bullock Jr.,R. Bullock Jr.,reggie-bullock-jr,F,,25,25:38,0,0,0,2,11,12,18,36,0,0,3,0
0022000011,1610612752,New York,Knicks,NYK,knicks,203944,Julius,Randle,J. Randle,julius-randle,F,,30,35:28,2,0,0,14,19,17,17,48,0,2,5,5
0022000011,1610612752,New York,Knicks,NYK,knicks,1629011,Mitchell,Robinson,M. Robinson,mitchell-robinson,C,,23,21:10,0,2,0,2,6,4,17,32,3,1,3,2
0022000011,1610612752,New York,Knicks,NYK,knicks,1629628,RJ,Barrett,R. Barrett,rj-barrett,G,,9,34:22,2,0,4,16,17,17,22,48,0,1,3,4
0022000011,1610612752,New York,Knicks,NYK,knicks,203901,Elfrid,Payton,E. Payton,elfrid-payton,G,,6,22:10,0,2,2,4,13,10,16,38,0,1,3,0
0022000011,1610612752,New York,Knicks,NYK,knicks,203457,Nerlens,Noel,N. Noel,nerlens-noel,,,3,9:22,2,2,0,2,10,2,6,12,1,0,3,0
0022000011,1610612752,New York,Knicks,NYK,knicks,202692,Alec,Burks,A. Burks,alec-burks,,,18,31:40,5,0,2,8,10,13,18,44,1,3,3,7
0022000011,1610612752,New York,Knicks,NYK,knicks,1630193,Immanuel,Quickley,I. Quickley,immanuel-quickley,,,5,12:26,0,0,0,0,6,5,6,14,0,0,0,1
0022000011,1610612752,New York,Knicks,NYK,knicks,1630167,Obi,Toppin,O. Toppin,obi-toppin,,,1,23:33,0,0,3,0,4,7,19,36,2,1,0,2
0022000011,1610612752,New York,Knicks,NYK,knicks,1628995,Kevin,Knox II,K. Knox II,kevin-knox-ii,,,20,18:29,0,0,0,4,7,8,9,24,1,0,3,2
0022000011,1610612752,New York,Knicks,NYK,knicks,1628373,Frank,Ntilikina,F. Ntilikina,frank-ntilikina,,,11,4:47,1,0,0,0,2,0,2,8,0,0,1,1
0022000011,1610612752,New York,Knicks,NYK,knicks,1629033,Theo,Pinson,T. Pinson,theo-pinson,,,21,0:55,0,0,0,0,0,0,0,0,0,0,0,0
0022000011,1610612752,New York,Knicks,NYK,knicks,1629649,Ignas,Brazdeikis,I. Brazdeikis,ignas-brazdeikis,,DNP - Coach's Decision,17,,0,0,0,0,0,0,0,0,0,0,0,0
0022000011,1610612752,New York,Knicks,NYK,knicks,1629607,Jared,Harper,J. Harper,jared-harper,,DNP - Coach's Decision,0,,0,0,0,0,0,0,0,0,0,0,0,0
0022000011,1610612752,New York,Knicks,NYK,knicks,1628372,Dennis,Smith Jr.,D. Smith Jr.,dennis-smith-jr,,DNP - Coach's Decision,4,,0,0,0,0,0,0,0,0,0,0,0,0
0022000011,1610612754,Indiana,Pacers,IND,pacers,203933,T.J.,Warren,T. Warren,tj-warren,F,,1,22:58,0,0,5,4,5,0,11,24,0,1,2,1
0022000011,1610612754,Indiana,Pacers,IND,pacers,1627734,Domantas,Sabonis,D. Sabonis,domantas-sabonis,F,,11,36:49,4,4,6,18,7,2,9,42,0,0,5,10
0022000011,1610612754,Indiana,Pacers,IND,pacers,1626167,Myles,Turner,M. Turner,myles-turner,C,,33,28:48,2,2,4,8,5,4,6,26,8,1,1,3
0022000011,1610612754,Indiana,Pacers,IND,pacers,203506,Victor,Oladipo,V. Oladipo,victor-oladipo,G,,4,28:16,2,4,2,10,9,4,7,36,0,1,3,4
0022000011,1610612754,Indiana,Pacers,IND,pacers,1627763,Malcolm,Brogdon,M. Brogdon,malcolm-brogdon,G,,7,34:51,6,4,4,8,11,6,11,48,0,4,2,4
0022000011,1610612754,Indiana,Pacers,IND,pacers,203200,Justin,Holiday,J. Holiday,justin-holiday,,,8,22:23,0,0,2,2,5,4,4,22,1,0,2,2
0022000011,1610612754,Indiana,Pacers,IND,pacers,203926,Doug,McDermott,D. McDermott,doug-mcdermott,,,20,28:17,2,2,4,10,10,6,3,30,0,1,2,2
0022000011,1610612754,Indiana,Pacers,IND,pacers,1628988,Aaron,Holiday,A. Holiday,aaron-holiday,,,3,17:19,2,3,2,4,3,2,4,14,0,0,3,0
0022000011,1610612754,Indiana,Pacers,IND,pacers,204456,T.J.,McConnell,T. McConnell,tj-mcconnell,,,9,20:20,3,0,1,4,5,2,0,18,0,0,4,1
0022000011,1610612754,Indiana,Pacers,IND,pacers,1629665,Jalen,Lecque,J. Lecque,jalen-lecque,,DNP - Coach's Decision,0,,0,0,0,0,0,0,0,0,0,0,0,0
0022000011,1610612754,Indiana,Pacers,IND,pacers,1629103,Kelan,Martin,K. Martin,kelan-martin,,DNP - Coach's Decision,21,,0,0,0,0,0,0,0,0,0,0,0,0
0022000011,1610612754,Indiana,Pacers,IND,pacers,203960,JaKarr,Sampson,J. Sampson,jakarr-sampson,,DNP - Coach's Decision,14,,0,0,0,0,0,0,0,0,0,0,0,0
0022000011,1610612754,Indiana,Pacers,IND,pacers,1630199,Cassius,Stanley,C. Stanley,cassius-stanley,,DNP - Coach's Decision,2,,0,0,0,0,0,0,0,0,0,0,0,0
0022000011,1610612754,Indiana,Pacers,IND,pacers,1628410,Edmond,Sumner,E. Sumner,edmond-sumner,,DNP - Coach's Decision,5,,0,0,0,0,0,0,0,0,0,0,0,0
0022000012,1610612748,Miami,Heat,MIA,heat,202710,Jimmy,Butler III,J. Butler III,jimmy-butler-iii,F,,22,35:42,6,0,5,12,19,6,16,36,0,0,1,5
0022000012,1610612748,Miami,Heat,MIA,heat,203090,Maurice,Harkless,M. Harkless,maurice-harkless,F,,8,22:43,0,0,0,0,16,6,13,24,0,0,0,1
0022000012,1610612748,Miami,Heat,MIA,heat,1628389,Bam,Adebayo,B. Adebayo,bam-adebayo,C,,13,34:41,8,4,2,16,21,8,21,34,1,0,4,2
0022000012,1610612748,Miami,Heat,MIA,heat,1629130,Duncan,Robinson,D. Robinson,duncan-robinson,G,,55,30:21,2,0,2,2,14,8,13,36,0,0,2,2
0022000012,1610612748,Miami,Heat,MIA,heat,1629639,Tyler,Herro,T. Herro,tyler-herro,G,,14,32:07,2,0,4,4,22,8,18,24,0,3,3,2
0022000012,1610612748,Miami,Heat,MIA,heat,201609,Goran,Dragic,G. Dragic,goran-dragic,,,7,25:58,2,0,0,14,7,6,8,22,0,0,4,2
0022000012,1610612748,Miami,Heat,MIA,heat,2738,Andre,Iguodala,A. Iguodala,andre-iguodala,,,28,16:50,0,0,0,0,5,6,5,16,1,0,3,0
0022000012,1610612748,Miami,Heat,MIA,heat,203482,Kelly,Olynyk,K. Olynyk,kelly-olynyk,,,9,19:59,0,0,0,0,8,6,8,12,0,0,2,1
0022000012,1610612748,Miami,Heat,MIA,heat,1630173,Precious,Achiuwa,P. Achiuwa,precious-achiuwa,,,5,13:39,0,3,0,6,3,4,0,10,0,0,2,4
0022000012,1610612748,Miami,Heat,MIA,heat,1629134,Kendrick,Nunn,K. Nunn,kendrick-nunn,,,25,8:02,0,0,0,0,5,2,3,6,0,0,0,0
0022000012,1610612748,Miami,Heat,MIA,heat,202340,Avery,Bradley,A. Bradley,avery-bradley,,DNP - Coach's Decision,11,,0,0,0,0,0,0,0,0,0,0,0,0
0022000012,1610612748,Miami,Heat,MIA,heat,2617,Udonis,Haslem,U. Haslem,udonis-haslem,,DNP - Coach's Decision,40,,0,0,0,0,0,0,0,0,0,0,0,0
0022000012,1610612748,Miami,Heat,MIA,heat,203086,Meyers,Leonard,M. Leonard,meyers-leonard,,DNP - Coach's Decision,0,,0,0,0,0,0,0,0,0,0,0,0,0
0022000012,1610612748,Miami,Heat,MIA,heat,1629644,KZ,Okpala,K. Okpala,kz-okpala,,DNP - Coach's Decision,11,,0,0,0,0,0,0,0,0,0,0,0,0
0022000012,1610612748,Miami,Heat,MIA,heat,1629735,Chris,Silva,C. Silva,chris-silva,,DNP - Coach's Decision,30,,0,0,0,0,0,0,0,0,0,0,0,0
0022000012,1610612753,Orlando,Magic,ORL,magic,1628407,Dwayne,Bacon,D. Bacon,dwayne-bacon,F,,8,18:59,0,0,0,0,12,0,11,14,0,0,2,0
0022000012,1610612753,Orlando,Magic,ORL,magic,203932,Aaron,Gordon,A. Gordon,aaron-gordon,F,,00,26:00,10,6,4,12,8,6,4,26,0,0,4,3
0022000012,1610612753,Orlando,Magic,ORL,magic,202696,Nikola,Vučević,N. Vučević,nikola-vučević,C,,9,33:33,0,0,3,2,18,2,13,36,1,1,0,5
0022000012,1610612753,Orlando,Magic,ORL,magic,203095,Evan,Fournier,E. Fournier,evan-fournier,G,,10,30:43,5,2,6,10,16,0,11,36,0,0,2,3
0022000012,1610612753,Orlando,Magic,ORL,magic,1628365,Markelle,Fultz,M. Fultz,markelle-fultz,G,,20,28:49,2,0,2,10,12,0,9,32,1,0,4,3
0022000012,1610612753,Orlando,Magic,ORL,magic,1629643,Chuma,Okeke,C. Okeke,chuma-okeke,,,3,22:00,2,0,0,0,12,1,9,28,0,0,0,1
0022000012,1610612753,Orlando,Magic,ORL,magic,203082,Terrence,Ross,T. Ross,terrence-ross,,,31,28:33,3,2,6,2,8,7,2,34,0,1,1,3
0022000012,1610612753,Orlando,Magic,ORL,magic,1630175,Cole,Anthony,C. Anthony,cole-anthony,,,50,19:11,2,0,0,4,8,7,4,22,0,0,1,1
0022000012,1610612753,Orlando,Magic,ORL,magic,203920,Khem,Birch,K. Birch,khem-birch,,,24,14:27,0,0,0,2,2,5,0,18,0,0,3,2
0022000012,1610612753,Orlando,Magic,ORL,magic,203487,Michael,Carter-Williams,M. Carter-Williams,michael-carter-williams,,,7,17:46,0,2,0,2,4,7,2,24,1,0,2,0
0022000012,1610612753,Orlando,Magic,ORL,magic,1628964,Mo,Bamba,M. Bamba,mo-bamba,,DNP - Coach's Decision,5,,0,0,0,0,0,0,0,0,0,0,0,0
0022000012,1610612753,Orlando,Magic,ORL,magic,1629648,Jordan,Bone,J. Bone,jordan-bone,,DNP - Coach's Decision,23,,0,0,0,0,0,0,0,0,0,0,0,0
0022000012,1610612753,Orlando,Magic,ORL,magic,1629109,Gary,Clark,G. Clark,gary-clark,,DNP - Coach's Decision,12,,0,0,0,0,0,0,0,0,0,0,0,0
0022000012,1610612753,Orlando,Magic,ORL,magic,1630211,Karim,Mane,K. Mane,karim-mane,,DNP - Coach's Decision,4,,0,0,0,0,0,0,0,0,0,0,0,0
0022000003,1610612749,Milwaukee,Bucks,MIL,bucks,203114,Khris,Middleton,K. Middleton,khris-middleton,F,,22,37:33,3,9,0,10,11,8,5,34,0,1,2,4
0022000003,1610612749,Milwaukee,Bucks,MIL,bucks,203507,Giannis,Antetokounmpo,G. Antetokounmpo,giannis-antetokounmpo,F,,34,36:24,5,4,5,16,19,8,5,32,2,1,5,8
0022000003,1610612749,Milwaukee,Bucks,MIL,bucks,201572,Brook,Lopez,B. Lopez,brook-lopez,C,,11,29:06,0,2,0,4,4,10,2,28,2,0,3,0
0022000003,1610612749,Milwaukee,Bucks,MIL,bucks,1628978,Donte,DiVincenzo,D. DiVincenzo,donte-divincenzo,G,,0,27:13,0,2,7,6,4,10,0,30,0,3,3,1
0022000003,1610612749,Milwaukee,Bucks,MIL,bucks,201950,Jrue,Holiday,J. Holiday,jrue-holiday,G,,21,38:23,0,0,6,12,16,6,5,30,1,0,3,3
0022000003,1610612749,Milwaukee,Bucks,MIL,bucks,1626171,Bobby,Portis,B. Portis,bobby-portis,,,9,16:22,0,2,0,2,12,0,3,10,0,0,0,1
0022000003,1610612749,Milwaukee,Bucks,MIL,bucks,1626192,Pat,Connaughton,P. Connaughton,pat-connaughton,,,24,23:08,0,0,0,0,15,0,5,12,0,0,1,0
0022000003,1610612749,Milwaukee,Bucks,MIL,bucks,1628391,D.J.,Wilson,D. Wilson,dj-wilson,,,5,12:53,0,0,0,0,3,2,0,8,1,0,2,0
0022000003,1610612749,Milwaukee,Bucks,MIL,bucks,1627854,Bryn,Forbes,B. Forbes,bryn-forbes,,,7,13:31,0,0,0,0,8,4,0,10,0,1,1,0
0022000003,1610612749,Milwaukee,Bucks,MIL,bucks,1630241,Sam,Merrill,S. Merrill,sam-merrill,,,15,5:28,0,0,0,0,3,2,0,6,0,0,0,0
0022000003,1610612749,Milwaukee,Bucks,MIL,bucks,1629121,Jaylen,Adams,J. Adams,jaylen-adams,,DNP - Coach's Decision,6,,0,0,0,0,0,0,0,0,0,0,0,0
0022000003,1610612749,Milwaukee,Bucks,MIL,bucks,203648,Thanasis,Antetokounmpo,T. Antetokounmpo,thanasis-antetokounmpo,,DNP - Coach's Decision,43,,0,0,0,0,0,0,0,0,0,0,0,0
0022000003,1610612749,Milwaukee,Bucks,MIL,bucks,1628470,Torrey,Craig,T. Craig,torrey-craig,,DNP - Coach's Decision,3,,0,0,0,0,0,0,0,0,0,0,0,0
0022000003,1610612749,Milwaukee,Bucks,MIL,bucks,1629603,Mamadi,Diakite,M. Diakite,mamadi-diakite,,DNP - Coach's Decision,25,,0,0,0,0,0,0,0,0,0,0,0,0
0022000003,1610612749,Milwaukee,Bucks,MIL,bucks,1629670,Jordan,Nwora,J. Nwora,jordan-nwora,,DNP - Coach's Decision,13,,0,0,0,0,0,0,0,0,0,0,0,0
0022000003,1610612738,Boston,Celtics,BOS,celtics,1628369,Jayson,Tatum,J. Tatum,jayson-tatum,F,,0,32:49,6,0,2,6,8,15,16,30,1,0,2,3
0022000003,1610612738,Boston,Celtics,BOS,celtics,202684,Tristan,Thompson,T. Thompson,tristan-thompson,F,,13,22:24,2,6,0,12,5,7,13,24,0,2,3,2
0022000003,1610612738,Boston,Celtics,BOS,celtics,1628464,Daniel,Theis,D. Theis,daniel-theis,C,,27,24:40,0,0,0,4,2,10,11,22,0,0,1,0
0022000003,1610612738,Boston,Celtics,BOS,celtics,1627759,Jaylen,Brown,J. Brown,jaylen-brown,G,,7,37:38,2,0,0,8,2,12,13,38,1,2,3,3
0022000003,1610612738,Boston,Celtics,BOS,celtics,203935,Marcus,Smart,M. Smart,marcus-smart,G,,36,38:27,2,0,0,0,2,15,15,42,2,0,2,6
0022000003,1610612738,Boston,Celtics,BOS,celtics,201952,Jeff,Teague,J. Teague,jeff-teague,,,55,25:00,4,2,3,4,6,8,5,26,1,1,1,2
0022000003,1610612738,Boston,Celtics,BOS,celtics,1629684,Grant,Williams,G. Williams,grant-williams,,,12,14:35,0,0,0,0,6,9,5,20,0,1,2,2
0022000003,1610612738,Boston,Celtics,BOS,celtics,1629057,Robert,Williams III,R. Williams III,robert-williams-iii,,,44,12:28,0,2,0,4,3,6,5,16,1,0,1,1
0022000003,1610612738,Boston,Celtics,BOS,celtics,1630202,Payton,Pritchard,P. Pritchard,payton-pritchard,,,11,13:00,0,0,0,0,6,7,5,14,0,0,1,0
0022000003,1610612738,Boston,Celtics,BOS,celtics,1628400,Semi,Ojeleye,S. Ojeleye,semi-ojeleye,,,37,18:59,3,0,0,2,0,6,2,18,0,0,1,1
0022000003,1610612738,Boston,Celtics,BOS,celtics,1629035,Carsen,Edwards,C. Edwards,carsen-edwards,,DNP - Coach's Decision,4,,0,0,0,0,0,0,0,0,0,0,0,0
0022000003,1610612738,Boston,Celtics,BOS,celtics,1629750,Javonte,Green,J. Green,javonte-green,,DNP - Coach's Decision,43,,0,0,0,0,0,0,0,0,0,0,0,0
0022000003,1610612738,Boston,Celtics,BOS,celtics,1630174,Aaron,Nesmith,A. Nesmith,aaron-nesmith,,DNP - Coach's Decision,26,,0,0,0,0,0,0,0,0,0,0,0,0
0022000003,1610612738,Boston,Celtics,BOS,celtics,1629682,Tremont,Waters,T. Waters,tremont-waters,,DNP - Coach's Decision,51,,0,0,0,0,0,0,0,0,0,0,0,0
0022000009,1610612746,LA,Clippers,LAC,clippers,202695,Kawhi,Leonard,K. Leonard,kawhi-leonard,F,,2,30:21,3,4,0,6,14,3,2,34,1,0,4,2
0022000009,1610612746,LA,Clippers,LAC,clippers,201587,Nicolas,Batum,N. Batum,nicolas-batum,F,,33,36:20,8,0,3,4,16,6,2,32,1,0,5,3
0022000009,1610612746,LA,Clippers,LAC,clippers,201586,Serge,Ibaka,S. Ibaka,serge-ibaka,C,,9,21:29,0,0,2,8,9,5,2,22,1,0,4,1
0022000009,1610612746,LA,Clippers,LAC,clippers,202331,Paul,George,P. George,paul-george,G,,13,36:55,5,5,3,2,18,7,5,36,0,0,1,2
0022000009,1610612746,LA,Clippers,LAC,clippers,201976,Patrick,Beverley,P. Beverley,patrick-beverley,G,,21,21:33,1,0,0,2,5,4,0,18,0,0,5,1
0022000009,1610612746,LA,Clippers,LAC,clippers,101150,Lou,Williams,L. Williams,lou-williams,,,23,23:38,2,0,0,0,9,9,2,24,0,0,1,1
0022000009,1610612746,LA,Clippers,LAC,clippers,1628379,Luke,Kennard,L. Kennard,luke-kennard,,,5,19:52,0,0,0,0,11,6,5,26,0,0,1,1
0022000009,1610612746,LA,Clippers,LAC,clippers,1627826,Ivica,Zubac,I. Zubac,ivica-zubac,,,40,19:05,0,0,0,4,6,3,1,22,1,0,4,8
0022000009,1610612746,LA,Clippers,LAC,clippers,1629611,Terance,Mann,T. Mann,terance-mann,,,14,4:44,0,0,0,2,0,2,0,4,0,0,1,0
0022000009,1610612746,LA,Clippers,LAC,clippers,202335,Patrick,Patterson,P. Patterson,patrick-patterson,,,54,11:28,3,5,0,0,9,2,3,12,0,0,4,1
0022000009,1610612746,LA,Clippers,LAC,clippers,202704,Reggie,Jackson,R. Jackson,reggie-jackson,,,1,13:04,0,0,0,2,8,3,3,20,0,1,2,0
0022000009,1610612746,LA,Clippers,LAC,clippers,1629662,Mfiondu,Kabengele,M. Kabengele,mfiondu-kabengele,,,25,0:39,0,0,0,0,0,0,0,0,0,0,0,0
0022000009,1610612746,LA,Clippers,LAC,clippers,1630187,Daniel,Oturu,D. Oturu,daniel-oturu,,,10,0:26,0,0,0,0,0,0,0,0,0,0,0,0
0022000009,1610612746,LA,Clippers,LAC,clippers,1629599,Amir,Coffey,A. Coffey,amir-coffey,,,7,0:26,0,0,0,0,0,0,0,0,0,0,0,0
0022000009,1610612743,Denver,Nuggets,DEN,nuggets,1629008,Michael,Porter Jr.,M. Porter Jr.,michael-porter-jr,F,,1,23:21,4,0,0,4,12,5,5,14,0,0,2,0
0022000009,1610612743,Denver,Nuggets,DEN,nuggets,200794,Paul,Millsap,P. Millsap,paul-millsap,F,,4,21:52,1,0,0,4,15,7,6,12,0,1,4,2
0022000009,1610612743,Denver,Nuggets,DEN,nuggets,203999,Nikola,Jokić,N. Jokić,nikola-jokić,C,,15,38:29,0,3,0,12,19,11,8,26,0,0,2,10
0022000009,1610612743,Denver,Nuggets,DEN,nuggets,203914,Gary,Harris,G. Harris,gary-harris,G,,14,22:25,0,0,0,2,15,9,6,14,0,0,2,1
0022000009,1610612743,Denver,Nuggets,DEN,nuggets,1627750,Jamal,Murray,J. Murray,jamal-murray,G,,27,37:16,5,0,0,8,18,10,7,26,0,1,4,9
0022000009,1610612743,Denver,Nuggets,DEN,nuggets,203115,Will,Barton,W. Barton,will-barton,,,5,28:33,9,0,3,6,10,9,3,20,0,1,3,5
0022000009,1610612743,Denver,Nuggets,DEN,nuggets,1628408,PJ,Dozier,P. Dozier,pj-dozier,,,35,19:07,2,5,2,4,4,4,2,10,0,0,2,2
0022000009,1610612743,Denver,Nuggets,DEN,nuggets,1628420,Monté,Morris,M. Morris,monté-morris,,,11,30:21,0,0,0,4,11,9,3,18,0,1,0,3
0022000009,1610612743,Denver,Nuggets,DEN,nuggets,1630267,Facundo,Campazzo,F. Campazzo,facundo-campazzo,,,7,3:11,0,0,0,0,0,0,0,2,0,0,0,0
0022000009,1610612743,Denver,Nuggets,DEN,nuggets,1629626,Bol,Bol,B. Bol,bol-bol,,,10,5:28,0,0,0,0,3,3,0,4,0,0,0,0
0022000009,1610612743,Denver,Nuggets,DEN,nuggets,1628392,Isaiah,Hartenstein,I. Hartenstein,isaiah-hartenstein,,,25,9:31,0,2,0,6,3,3,0,4,1,0,1,0
0022000009,1610612743,Denver,Nuggets,DEN,nuggets,1630210,Markus,Howard,M. Howard,markus-howard,,,00,0:26,0,0,0,0,0,0,0,0,0,0,0,0
0022000009,1610612743,Denver,Nuggets,DEN,nuggets,1630181,R.J.,Hampton,R. Hampton,rj-hampton,,DNP - Coach's Decision,13,,0,0,0,0,0,0,0,0,0,0,0,0
0022000009,1610612743,Denver,Nuggets,DEN,nuggets,1630192,Zeke,Nnaji,Z. Nnaji,zeke-nnaji,,DNP - Coach's Decision,22,,0,0,0,0,0,0,0,0,0,0,0,0
0022000009,1610612743,Denver,Nuggets,DEN,nuggets,1628427,Vlatko,Čančar,V. Čančar,vlatko-čančar,,DNP - Coach's Decision,31,,0,0,0,0,0,0,0,0,0,0,0,0
0022000006,1610612744,Golden State,Warriors,GSW,warriors,203952,Andrew,Wiggins,A. Wiggins,andrew-wiggins,F,,22,24:54,6,2,0,12,2,5,10,20,0,1,3,0
0022000006,1610612744,Golden State,Warriors,GSW,warriors,1629672,Eric,Paschall,E. Paschall,eric-paschall,F,,7,24:60,0,0,0,6,10,5,14,34,0,0,2,1
0022000006,1610612744,Golden State,Warriors,GSW,warriors,1630164,James,Wiseman,J. Wiseman,james-wiseman,C,,33,25:03,0,2,1,4,7,6,8,32,3,0,4,3
0022000006,1610612744,Golden State,Warriors,GSW,warriors,1626162,Kelly,Oubre Jr.,K. Oubre Jr.,kelly-oubre-jr,G,,12,19:46,2,0,0,2,5,5,10,28,0,1,3,1
0022000006,1610612744,Golden State,Warriors,GSW,warriors,201939,Stephen,Curry,S. Curry,stephen-curry,G,,30,28:58,6,0,0,4,5,5,10,38,0,1,2,2
0022000006,1610612744,Golden State,Warriors,GSW,warriors,1627814,Damion,Lee,D. Lee,damion-lee,,,1,18:54,3,3,0,0,0,3,3,22,0,0,0,1
0022000006,1610612744,Golden State,Warriors,GSW,warriors,1627737,Marquese,Chriss,M. Chriss,marquese-chriss,,,32,14:17,0,0,2,2,5,3,7,14,2,0,1,2
0022000006,1610612744,Golden State,Warriors,GSW,warriors,1628539,Mychal,Mulder,M. Mulder,mychal-mulder,,,15,17:34,0,0,0,0,3,2,6,14,1,0,0,0
0022000006,1610612744,Golden State,Warriors,GSW,warriors,1629308,Juan,Toscano-Anderson,J. Toscano-Anderson,juan-toscano-anderson,,,95,12:33,0,0,0,0,0,2,3,12,0,0,1,0
0022000006,1610612744,Golden State,Warriors,GSW,warriors,1626172,Kevon,Looney,K. Looney,kevon-looney,,,5,11:01,0,2,0,2,3,4,9,8,0,0,1,0
0022000006,1610612744,Golden State,Warriors,GSW,warriors,1629673,Jordan,Poole,J. Poole,jordan-poole,,,3,19:02,0,3,0,4,5,5,10,12,0,0,1,3
0022000006,1610612744,Golden State,Warriors,GSW,warriors,202954,Brad,Wanamaker,B. Wanamaker,brad-wanamaker,,,10,19:02,4,0,7,2,5,5,10,12,0,0,3,4
0022000006,1610612744,Golden State,Warriors,GSW,warriors,203145,Kent,Bazemore,K. Bazemore,kent-bazemore,,,26,3:56,0,0,0,0,0,0,0,4,0,1,1,0
0022000006,1610612749,Milwaukee,Bucks,MIL,bucks,203114,Khris,Middleton,K. Middleton,khris-middleton,F,,22,25:48,5,0,8,4,12,9,2,28,0,0,2,3
0022000006,1610612749,Milwaukee,Bucks,MIL,bucks,203507,Giannis,Antetokounmpo,G. Antetokounmpo,giannis-antetokounmpo,F,,34,26:42,0,3,2,8,11,8,5,28,0,0,2,11
0022000006,1610612749,Milwaukee,Bucks,MIL,bucks,201572,Brook,Lopez,B. Lopez,brook-lopez,C,,11,19:43,0,4,0,6,11,7,3,22,1,0,1,2
0022000006,1610612749,Milwaukee,Bucks,MIL,bucks,1628978,Donte,DiVincenzo,D. DiVincenzo,donte-divincenzo,G,,0,19:59,0,0,3,2,11,8,3,24,0,1,1,0
0022000006,1610612749,Milwaukee,Bucks,MIL,bucks,201950,Jrue,Holiday,J. Holiday,jrue-holiday,G,,21,25:23,0,0,0,12,15,9,2,24,1,0,1,2
0022000006,1610612749,Milwaukee,Bucks,MIL,bucks,1626171,Bobby,Portis,B. Portis,bobby-portis,,,9,25:53,2,0,2,6,11,7,6,16,1,0,1,0
0022000006,1610612749,Milwaukee,Bucks,MIL,bucks,1626192,Pat,Connaughton,P. Connaughton,pat-connaughton,,,24,18:53,0,0,0,2,6,2,2,8,0,1,0,1
0022000006,1610612749,Milwaukee,Bucks,MIL,bucks,1628391,D.J.,Wilson,D. Wilson,dj-wilson,,,5,13:56,0,0,0,0,5,2,1,4,1,0,2,0
0022000006,1610612749,Milwaukee,Bucks,MIL,bucks,1627854,Bryn,Forbes,B. Forbes,bryn-forbes,,,7,13:21,0,0,3,2,5,5,3,6,0,0,1,0
0022000006,1610612749,Milwaukee,Bucks,MIL,bucks,201571,D.J.,Augustin,D. Augustin,dj-augustin,,,12,13:27,0,0,0,2,2,3,5,8,0,2,1,2
0022000006,1610612749,Milwaukee,Bucks,MIL,bucks,1628470,Torrey,Craig,T. Craig,torrey-craig,,,3,9:46,0,0,0,0,4,0,5,6,0,1,2,0
0022000006,1610612749,Milwaukee,Bucks,MIL,bucks,203648,Thanasis,Antetokounmpo,T. Antetokounmpo,thanasis-antetokounmpo,,,43,9:46,0,0,2,4,4,0,5,6,0,0,1,0
0022000006,1610612749,Milwaukee,Bucks,MIL,bucks,1629670,Jordan,Nwora,J. Nwora,jordan-nwora,,,13,9:46,3,0,0,2,4,0,5,6,0,0,2,1
0022000006,1610612749,Milwaukee,Bucks,MIL,bucks,1630241,Sam,Merrill,S. Merrill,sam-merrill,,,15,7:37,0,3,0,0,4,0,3,4,0,1,0,0
0022000006,1610612749,Milwaukee,Bucks,MIL,bucks,1629121,Jaylen,Adams,J. Adams,jaylen-adams,,DNP - Coach's Decision,6,,0,0,0,0,0,0,0,0,0,0,0,0
0022000008,1610612742,Dallas,Mavericks,DAL,mavericks,203501,Tim,Hardaway Jr.,T. Hardaway Jr.,tim-hardaway-jr,F,,11,28:03,0,0,0,4,14,21,14,32,0,1,1,1
0022000008,1610612742,Dallas,Mavericks,DAL,mavericks,1627827,Dorian,Finney-Smith,D. Finney-Smith,dorian-finney-smith,F,,10,29:22,0,0,5,4,11,15,15,30,0,0,4,1
0022000008,1610612742,Dallas,Mavericks,DAL,mavericks,203939,Dwight,Powell,D. Powell,dwight-powell,C,,7,23:32,5,0,2,6,6,15,12,30,0,0,2,3
0022000008,1610612742,Dallas,Mavericks,DAL,mavericks,1626196,Josh,Richardson,J. Richardson,josh-richardson,G,,0,27:23,3,0,4,8,8,14,15,34,0,1,4,2
0022000008,1610612742,Dallas,Mavericks,DAL,mavericks,1629029,Luka,Dončić,L. Dončić,luka-dončić,G,,77,34:08,0,0,2,14,10,21,14,42,1,1,0,7
0022000008,1610612742,Dallas,Mavericks,DAL,mavericks,203504,Trey,Burke,T. Burke,trey-burke,,,3,24:28,0,0,0,2,5,19,6,28,1,0,5,2
0022000008,1610612742,Dallas,Mavericks,DAL,mavericks,1628467,Maxi,Kleber,M. Kleber,maxi-kleber,,,42,19:45,2,0,2,0,4,13,7,22,0,0,0,2
0022000008,1610612742,Dallas,Mavericks,DAL,mavericks,1626161,Willie,Cauley-Stein,W. Cauley-Stein,willie-cauley-stein,,,33,14:05,0,0,0,0,5,15,2,16,1,1,3,1
0022000008,1610612742,Dallas,Mavericks,DAL,mavericks,1628973,Jalen,Brunson,J. Brunson,jalen-brunson,,,13,13:52,2,0,2,4,6,14,6,10,0,0,2,1
0022000008,1610612742,Dallas,Mavericks,DAL,mavericks,201949,James,Johnson,J. Johnson,james-johnson,,,16,11:52,3,0,0,2,8,8,6,10,0,0,0,2
0022000008,1610612742,Dallas,Mavericks,DAL,mavericks,1626246,Boban,Marjanovic,B. Marjanovic,boban-marjanovic,,,51,7:02,2,0,0,6,3,5,3,6,0,0,1,1
0022000008,1610612742,Dallas,Mavericks,DAL,mavericks,1630182,Josh,Green,J. Green,josh-green,,,8,2:23,0,0,0,0,0,6,0,0,0,0,0,0
0022000008,1610612742,Dallas,Mavericks,DAL,mavericks,1628411,Wes,Iwundu,W. Iwundu,wes-iwundu,,,25,2:23,0,0,0,2,0,6,0,0,0,0,0,0
0022000008,1610612742,Dallas,Mavericks,DAL,mavericks,1630179,Tyrell,Terry,T. Terry,tyrell-terry,,,1,1:42,2,0,0,2,0,3,0,0,0,0,0,0
0022000008,1610612747,Los Angeles,Lakers,LAL,lakers,2544,LeBron,James,L. James,lebron-james,F,,6,31:24,3,6,2,8,7,0,7,30,0,1,0,4
0022000008,1610612747,Los Angeles,Lakers,LAL,lakers,203076,Anthony,Davis,A. Davis,anthony-davis,F,,3,30:17,3,2,5,12,10,0,15,36,0,0,2,6
0022000008,1610612747,Los Angeles,Lakers,LAL,lakers,201188,Marc,Gasol,M. Gasol,marc-gasol,C,,14,19:34,0,0,0,0,10,0,15,22,0,0,2,1
0022000008,1610612747,Los Angeles,Lakers,LAL,lakers,203484,Kentavious,Caldwell-Pope,K. Caldwell-Pope,kentavious-caldwell-pope,G,,1,24:09,0,0,3,2,11,0,13,28,2,0,4,1
0022000008,1610612747,Los Angeles,Lakers,LAL,lakers,203471,Dennis,Schröder,D. Schröder,dennis-schröder,G,,17,25:07,3,5,4,10,7,0,11,30,0,1,5,2
0022000008,1610612747,Los Angeles,Lakers,LAL,lakers,202083,Wesley,Matthews,W. Matthews,wesley-matthews,,,9,16:25,0,0,0,2,4,0,2,16,0,0,1,2
0022000008,1610612747,Los Angeles,Lakers,LAL,lakers,1628398,Kyle,Kuzma,K. Kuzma,kyle-kuzma,,,0,21:54,5,0,3,4,4,0,2,22,1,0,1,0
0022000008,1610612747,Los Angeles,Lakers,LAL,lakers,1626149,Montrezl,Harrell,M. Harrell,montrezl-harrell,,,15,28:26,2,10,0,14,9,0,2,32,0,0,4,4
0022000008,1610612747,Los Angeles,Lakers,LAL,lakers,202693,Markieff,Morris,M. Morris,markieff-morris,,,88,15:20,0,6,0,0,7,0,2,14,0,0,0,0
0022000008,1610612747,Los Angeles,Lakers,LAL,lakers,1627936,Alex,Caruso,A. Caruso,alex-caruso,,,4,13:24,0,0,3,0,10,0,10,18,0,0,2,1
0022000008,1610612747,Los Angeles,Lakers,LAL,lakers,1629659,Talen,Horton-Tucker,T. Horton-Tucker,talen-horton-tucker,,,5,6:51,0,3,0,0,10,0,6,10,1,1,2,1
0022000008,1610612747,Los Angeles,Lakers,LAL,lakers,201162,Jared,Dudley,J. Dudley,jared-dudley,,,10,2:23,0,0,0,0,2,0,0,4,0,0,0,0
0022000008,1610612747,Los Angeles,Lakers,LAL,lakers,1626188,Quinn,Cook,Q. Cook,quinn-cook,,,2,2:23,0,0,0,0,2,0,0,4,0,0,0,0
0022000008,1610612747,Los Angeles,Lakers,LAL,lakers,1628035,Alfonzo,McKinnie,A. McKinnie,alfonzo-mckinnie,,,28,2:23,0,3,0,0,2,0,0,4,0,0,0,0
0022000005,1610612740,New Orleans,Pelicans,NOP,pelicans,1627742,Brandon,Ingram,B. Ingram,brandon-ingram,F,,14,37:03,2,0,0,6,9,3,10,28,0,0,0,5
0022000005,1610612740,New Orleans,Pelicans,NOP,pelicans,1629627,Zion,Williamson,Z. Williamson,zion-williamson,F,,1,38:17,2,8,2,22,15,2,17,34,0,2,1,11
0022000005,1610612740,New Orleans,Pelicans,NOP,pelicans,203500,Steven,Adams,S. Adams,steven-adams,C,,12,32:22,2,0,0,6,10,0,4,18,1,0,2,1
0022000005,1610612740,New Orleans,Pelicans,NOP,pelicans,1628366,Lonzo,Ball,L. Ball,lonzo-ball,G,,2,33:26,0,3,0,0,7,3,10,26,1,0,4,1
0022000005,1610612740,New Orleans,Pelicans,NOP,pelicans,202339,Eric,Bledsoe,E. Bledsoe,eric-bledsoe,G,,5,33:10,0,0,0,2,16,2,14,30,0,0,2,2
0022000005,1610612740,New Orleans,Pelicans,NOP,pelicans,1629740,Nicolo,Melli,N. Melli,nicolo-melli,,,20,9:22,0,0,0,0,4,1,4,14,0,0,2,1
0022000005,1610612740,New Orleans,Pelicans,NOP,pelicans,200755,JJ,Redick,J. Redick,jj-redick,,,4,24:25,0,3,0,0,15,1,15,22,0,0,6,4
0022000005,1610612740,New Orleans,Pelicans,NOP,pelicans,1628404,Josh,Hart,J. Hart,josh-hart,,,3,28:40,5,0,4,4,14,3,16,26,0,0,3,0
0022000005,1610612740,New Orleans,Pelicans,NOP,pelicans,1629637,Jaxson,Hayes,J. Hayes,jaxson-hayes,,,10,3:15,0,0,0,0,5,0,5,2,0,0,0,0
0022000005,1610612740,New Orleans,Pelicans,NOP,pelicans,1629638,Nickeil,Alexander-Walker,N. Alexander-Walker,nickeil-alexander-walker,,DNP - Coach's Decision,6,,0,0,0,0,0,0,0,0,0,0,0,0
0022000005,1610612740,New Orleans,Pelicans,NOP,pelicans,1626195,Willy,Hernangomez,W. Hernangomez,willy-hernangomez,,DNP - Coach's Decision,9,,0,0,0,0,0,0,0,0,0,0,0,0
0022000005,1610612740,New Orleans,Pelicans,NOP,pelicans,1630184,Kira,Lewis Jr.,K. Lewis Jr.,kira-lewis-jr,,DNP - Coach's Decision,13,,0,0,0,0,0,0,0,0,0,0,0,0
0022000005,1610612740,New Orleans,Pelicans,NOP,pelicans,1630230,Naji,Marshall,N. Marshall,naji-marshall,,DNP - Coach's Decision,8,,0,0,0,0,0,0,0,0,0,0,0,0
0022000005,1610612740,New Orleans,Pelicans,NOP,pelicans,1628414,Sindarius,Thornwell,S. Thornwell,sindarius-thornwell,,DNP - Coach's Decision,15,,0,0,0,0,0,0,0,0,0,0,0,0
0022000005,1610612748,Miami,Heat,MIA,heat,202710,Jimmy,Butler III,J. Butler III,jimmy-butler-iii,F,,22,16:13,0,0,0,2,4,5,4,16,0,0,0,1
0022000005,1610612748,Miami,Heat,MIA,heat,1628389,Bam,Adebayo,B. Adebayo,bam-adebayo,F,,13,28:13,3,0,2,10,7,4,4,20,1,0,2,6
0022000005,1610612748,Miami,Heat,MIA,heat,203086,Meyers,Leonard,M. Leonard,meyers-leonard,C,,0,19:48,0,0,0,0,4,9,2,14,0,0,5,1
0022000005,1610612748,Miami,Heat,MIA,heat,1629130,Duncan,Robinson,D. Robinson,duncan-robinson,G,,55,32:02,3,0,3,2,11,9,4,28,0,0,3,1
0022000005,1610612748,Miami,Heat,MIA,heat,1629639,Tyler,Herro,T. Herro,tyler-herro,G,,14,32:20,0,0,0,2,4,11,4,22,0,1,1,3
0022000005,1610612748,Miami,Heat,MIA,heat,201609,Goran,Dragic,G. Dragic,goran-dragic,,,7,27:08,10,0,8,12,7,5,4,26,0,0,1,4
0022000005,1610612748,Miami,Heat,MIA,heat,2738,Andre,Iguodala,A. Iguodala,andre-iguodala,,,28,26:14,0,0,0,0,0,9,2,22,0,0,3,0
0022000005,1610612748,Miami,Heat,MIA,heat,1630173,Precious,Achiuwa,P. Achiuwa,precious-achiuwa,,,5,19:28,0,3,2,10,4,10,2,20,1,1,6,2
0022000005,1610612748,Miami,Heat,MIA,heat,202340,Avery,Bradley,A. Bradley,avery-bradley,,,11,28:28,3,0,4,2,7,8,2,24,0,0,2,2
0022000005,1610612748,Miami,Heat,MIA,heat,203090,Maurice,Harkless,M. Harkless,maurice-harkless,,,8,9:29,0,0,0,0,7,0,2,8,0,0,2,0
0022000005,1610612748,Miami,Heat,MIA,heat,1629644,KZ,Okpala,K. Okpala,kz-okpala,,,11,0:19,0,0,0,0,0,0,0,0,0,0,0,0
0022000005,1610612748,Miami,Heat,MIA,heat,1629735,Chris,Silva,C. Silva,chris-silva,,,30,0:19,0,0,0,0,0,0,0,0,0,0,0,0
0022000005,1610612748,Miami,Heat,MIA,heat,2617,Udonis,Haslem,U. Haslem,udonis-haslem,,DNP - Coach's Decision,40,,0,0,0,0,0,0,0,0,0,0,0,0
0022000005,1610612748,Miami,Heat,MIA,heat,1629134,Kendrick,Nunn,K. Nunn,kendrick-nunn,,DNP - Coach's Decision,25,,0,0,0,0,0,0,0,0,0,0,0,0
0022000005,1610612748,Miami,Heat,MIA,heat,203482,Kelly,Olynyk,K. Olynyk,kelly-olynyk,,DNP - Coach's Decision,9,,0,0,0,0,0,0,0,0,0,0,0,0
0022000007,1610612751,Brooklyn,Nets,BKN,nets,203925,Joe,Harris,J. Harris,joe-harris,F,,12,26:12,0,0,4,2,1,6,2,18,0,0,4,1
0022000007,1610612751,Brooklyn,Nets,BKN,nets,201142,Kevin,Durant,K. Durant,kevin-durant,F,,7,33:24,2,2,2,6,2,11,2,26,0,2,3,6
0022000007,1610612751,Brooklyn,Nets,BKN,nets,201599,DeAndre,Jordan,D. Jordan,deandre-jordan,C,,6,19:14,0,0,0,4,6,10,2,14,2,0,2,3
0022000007,1610612751,Brooklyn,Nets,BKN,nets,203915,Spencer,Dinwiddie,S. Dinwiddie,spencer-dinwiddie,G,,26,29:12,2,0,2,4,7,10,4,24,1,0,3,2
0022000007,1610612751,Brooklyn,Nets,BKN,nets,202681,Kyrie,Irving,K. Irving,kyrie-irving,G,,11,33:24,6,5,7,12,2,11,2,26,0,1,4,4
0022000007,1610612751,Brooklyn,Nets,BKN,nets,1628386,Jarrett,Allen,J. Allen,jarrett-allen,,,31,21:27,0,4,0,4,10,11,5,26,4,0,1,6
0022000007,1610612751,Brooklyn,Nets,BKN,nets,1629013,Landry,Shamet,L. Shamet,landry-shamet,,,20,19:25,0,0,0,0,16,15,5,28,1,0,0,1
0022000007,1610612751,Brooklyn,Nets,BKN,nets,1627747,Caris,LeVert,C. LeVert,caris-levert,,,22,18:34,2,2,2,6,16,15,5,28,1,0,1,1
0022000007,1610612751,Brooklyn,Nets,BKN,nets,1627752,Taurean,Prince,T. Prince,taurean-prince,,,2,12:06,0,3,0,0,15,10,5,20,1,1,2,1
0022000007,1610612751,Brooklyn,Nets,BKN,nets,201145,Jeff,Green,J. Green,jeff-green,,,8,14:32,0,2,0,2,10,6,3,20,0,1,1,1
0022000007,1610612751,Brooklyn,Nets,BKN,nets,1629066,Rodions,Kurucs,R. Kurucs,rodions-kurucs,,,00,2:30,0,0,0,0,0,0,0,0,0,0,1,0
0022000007,1610612751,Brooklyn,Nets,BKN,nets,1628971,Bruce,Brown,B. Brown,bruce-brown,,,1,2:30,0,0,0,0,0,0,0,0,0,0,0,0
0022000007,1610612751,Brooklyn,Nets,BKN,nets,1627789,Timothe,Luwawu-Cabarrot,T. Luwawu-Cabarrot,timothe-luwawu-cabarrot,,,9,2:30,2,0,0,2,0,0,0,0,0,0,0,1
0022000007,1610612751,Brooklyn,Nets,BKN,nets,1629617,Reggie,Perry,R. Perry,reggie-perry,,,0,2:30,0,0,0,0,0,0,0,0,0,0,0,0
0022000007,1610612751,Brooklyn,Nets,BKN,nets,204020,Tyler,Johnson,T. Johnson,tyler-johnson,,,10,2:30,0,0,0,0,0,0,0,0,0,0,0,0
0022000007,1610612738,Boston,Celtics,BOS,celtics,1628369,Jayson,Tatum,J. Tatum,jayson-tatum,F,,0,36:07,6,0,0,12,12,18,17,36,1,3,1,1
0022000007,1610612738,Boston,Celtics,BOS,celtics,202684,Tristan,Thompson,T. Thompson,tristan-thompson,F,,13,21:25,0,8,0,6,6,6,8,16,1,1,5,2
0022000007,1610612738,Boston,Celtics,BOS,celtics,1628464,Daniel,Theis,D. Theis,daniel-theis,C,,27,23:21,0,2,0,2,4,5,11,22,0,0,3,2
0022000007,1610612738,Boston,Celtics,BOS,celtics,1627759,Jaylen,Brown,J. Brown,jaylen-brown,G,,7,30:31,4,2,5,16,10,6,13,22,1,2,5,6
0022000007,1610612738,Boston,Celtics,BOS,celtics,203935,Marcus,Smart,M. Smart,marcus-smart,G,,36,31:53,0,0,0,0,10,8,13,24,1,1,5,4
0022000007,1610612738,Boston,Celtics,BOS,celtics,201952,Jeff,Teague,J. Teague,jeff-teague,,,55,21:18,0,0,0,0,6,12,4,20,0,1,1,1
0022000007,1610612738,Boston,Celtics,BOS,celtics,1629684,Grant,Williams,G. Williams,grant-williams,,,12,18:33,2,2,2,4,6,9,6,14,1,0,3,1
0022000007,1610612738,Boston,Celtics,BOS,celtics,1630202,Payton,Pritchard,P. Pritchard,payton-pritchard,,,11,25:07,5,4,0,4,6,12,4,26,0,0,3,2
0022000007,1610612738,Boston,Celtics,BOS,celtics,1628400,Semi,Ojeleye,S. Ojeleye,semi-ojeleye,,,37,14:17,0,3,0,2,4,9,5,18,0,2,1,3
0022000007,1610612738,Boston,Celtics,BOS,celtics,1629750,Javonte,Green,J. Green,javonte-green,,,43,3:43,0,0,0,0,0,3,2,4,0,0,0,0
0022000007,1610612738,Boston,Celtics,BOS,celtics,1630174,Aaron,Nesmith,A. Nesmith,aaron-nesmith,,,26,8:45,0,0,0,0,2,2,2,4,0,0,0,0
0022000007,1610612738,Boston,Celtics,BOS,celtics,1629035,Carsen,Edwards,C. Edwards,carsen-edwards,,,4,2:30,0,0,0,0,2,0,0,2,0,0,0,0
0022000007,1610612738,Boston,Celtics,BOS,celtics,1629682,Tremont,Waters,T. Waters,tremont-waters,,,51,2:30,0,0,0,0,2,0,0,2,0,0,0,0
0022000027,1610612761,Toronto,Raptors,TOR,raptors,1628384,OG,Anunoby,O. Anunoby,og-anunoby,F,,3,35:44,1,0,1,2,17,14,14,36,1,0,2,3
0022000027,1610612761,Toronto,Raptors,TOR,raptors,1627783,Pascal,Siakam,P. Siakam,pascal-siakam,F,,43,43:02,0,4,2,8,22,15,15,40,1,0,5,6
0022000027,1610612761,Toronto,Raptors,TOR,raptors,203382,Aron,Baynes,A. Baynes,aron-baynes,C,,46,19:44,2,2,0,10,10,5,10,18,0,0,3,1
0022000027,1610612761,Toronto,Raptors,TOR,raptors,1627832,Fred,VanVleet,F. VanVleet,fred-vanvleet,G,,23,35:27,9,3,10,6,16,12,12,34,0,0,1,4
0022000027,1610612761,Toronto,Raptors,TOR,raptors,200768,Kyle,Lowry,K. Lowry,kyle-lowry,G,,7,35:29,0,0,0,8,13,14,15,36,0,2,5,4
0022000027,1610612761,Toronto,Raptors,TOR,raptors,1628449,Chris,Boucher,C. Boucher,chris-boucher,,,25,28:16,5,8,0,12,12,12,7,30,7,0,4,1
0022000027,1610612761,Toronto,Raptors,TOR,raptors,1629744,Matt,Thomas,M. Thomas,matt-thomas,,,21,18:51,3,0,0,2,7,5,5,22,0,0,0,0
0022000027,1610612761,Toronto,Raptors,TOR,raptors,1626181,Norman,Powell,N. Powell,norman-powell,,,24,17:54,0,0,0,0,8,8,5,20,0,0,2,1
0022000027,1610612761,Toronto,Raptors,TOR,raptors,1627761,DeAndre',Bembry,D. Bembry,deandre-bembry,,,95,5:33,0,0,0,2,5,0,2,4,0,1,1,0
0022000027,1610612761,Toronto,Raptors,TOR,raptors,1629056,Terence,Davis,T. Davis,terence-davis,,DNP - Coach's Decision,0,,0,0,0,0,0,0,0,0,0,0,0,0
0022000027,1610612761,Toronto,Raptors,TOR,raptors,1630201,Malachi,Flynn,M. Flynn,malachi-flynn,,DNP - Coach's Decision,8,,0,0,0,0,0,0,0,0,0,0,0,0
0022000027,1610612761,Toronto,Raptors,TOR,raptors,1626169,Stanley,Johnson,S. Johnson,stanley-johnson,,DNP - Coach's Decision,5,,0,0,0,0,0,0,0,0,0,0,0,0
0022000027,1610612761,Toronto,Raptors,TOR,raptors,203458,Alex,Len,A. Len,alex-len,,DNP - Coach's Decision,27,,0,0,0,0,0,0,0,0,0,0,0,0
0022000027,1610612761,Toronto,Raptors,TOR,raptors,1629139,Yuta,Watanabe,Y. Watanabe,yuta-watanabe,,DNP - Coach's Decision,18,,0,0,0,0,0,0,0,0,0,0,0,0
0022000027,1610612761,Toronto,Raptors,TOR,raptors,1628778,Paul,Watson,P. Watson,paul-watson,,DNP - Coach's Decision,1,,0,0,0,0,0,0,0,0,0,0,0,0
0022000027,1610612759,San Antonio,Spurs,SAS,spurs,1629640,Keldon,Johnson,K. Johnson,keldon-johnson,F,,3,28:28,2,0,2,10,13,13,7,34,1,3,2,3
0022000027,1610612759,San Antonio,Spurs,SAS,spurs,201942,DeMar,DeRozan,D. DeRozan,demar-derozan,F,,10,36:26,5,4,2,6,15,15,11,40,0,2,2,7
0022000027,1610612759,San Antonio,Spurs,SAS,spurs,200746,LaMarcus,Aldridge,L. Aldridge,lamarcus-aldridge,C,,12,28:43,0,5,0,2,13,11,12,32,1,1,2,2
0022000027,1610612759,San Antonio,Spurs,SAS,spurs,1629022,Lonnie,Walker IV,L. Walker IV,lonnie-walker-iv,G,,1,24:53,2,2,2,8,7,13,9,32,0,0,3,3
0022000027,1610612759,San Antonio,Spurs,SAS,spurs,1627749,Dejounte,Murray,D. Murray,dejounte-murray,G,,5,29:59,0,0,2,8,16,9,10,28,0,2,3,2
0022000027,1610612759,San Antonio,Spurs,SAS,spurs,201988,Patty,Mills,P. Mills,patty-mills,,,8,29:38,6,3,7,4,13,8,6,28,0,0,2,3
0022000027,1610612759,San Antonio,Spurs,SAS,spurs,200752,Rudy,Gay,R. Gay,rudy-gay,,,22,27:05,0,0,0,2,10,6,6,22,0,1,3,2
0022000027,1610612759,San Antonio,Spurs,SAS,spurs,1627751,Jakob,Poeltl,J. Poeltl,jakob-poeltl,,,25,18:47,2,0,0,4,7,6,1,18,0,0,0,1
0022000027,1610612759,San Antonio,Spurs,SAS,spurs,1630170,Devin,Vassell,D. Vassell,devin-vassell,,,24,11:53,2,0,2,4,4,2,3,12,1,0,3,0
0022000027,1610612759,San Antonio,Spurs,SAS,spurs,1626168,Trey,Lyles,T. Lyles,trey-lyles,,,41,4:08,3,3,0,0,2,2,0,4,0,0,0,0
0022000027,1610612759,San Antonio,Spurs,SAS,spurs,1628966,Keita,Bates-Diop,K. Bates-Diop,keita-bates-diop,,DNP - Coach's Decision,31,,0,0,0,0,0,0,0,0,0,0,0,0
0022000027,1610612759,San Antonio,Spurs,SAS,spurs,1629234,Drew,Eubanks,D. Eubanks,drew-eubanks,,DNP - Coach's Decision,14,,0,0,0,0,0,0,0,0,0,0,0,0
0022000027,1610612759,San Antonio,Spurs,SAS,spurs,1630200,Tre,Jones,T. Jones,tre-jones,,DNP - Coach's Decision,33,,0,0,0,0,0,0,0,0,0,0,0,0
0022000027,1610612759,San Antonio,Spurs,SAS,spurs,1629677,Luka,Samanic,L. Samanic,luka-samanic,,DNP - Coach's Decision,19,,0,0,0,0,0,0,0,0,0,0,0,0
0022000026,1610612754,Indiana,Pacers,IND,pacers,203933,T.J.,Warren,T. Warren,tj-warren,F,,1,26:59,2,4,2,16,4,7,2,20,0,1,3,2
0022000026,1610612754,Indiana,Pacers,IND,pacers,1627734,Domantas,Sabonis,D. Sabonis,domantas-sabonis,F,,11,33:56,6,2,0,16,13,6,4,28,0,1,6,7
0022000026,1610612754,Indiana,Pacers,IND,pacers,1626167,Myles,Turner,M. Turner,myles-turner,C,,33,25:13,2,0,0,6,2,8,0,14,4,0,4,0
0022000026,1610612754,Indiana,Pacers,IND,pacers,203506,Victor,Oladipo,V. Oladipo,victor-oladipo,G,,4,25:03,0,5,2,4,4,7,2,16,0,1,2,1
0022000026,1610612754,Indiana,Pacers,IND,pacers,1627763,Malcolm,Brogdon,M. Brogdon,malcolm-brogdon,G,,7,28:52,2,0,0,10,4,7,2,20,0,0,1,2
0022000026,1610612754,Indiana,Pacers,IND,pacers,203200,Justin,Holiday,J. Holiday,justin-holiday,,,8,31:25,4,0,4,4,11,10,4,24,0,0,3,2
0022000026,1610612754,Indiana,Pacers,IND,pacers,203926,Doug,McDermott,D. McDermott,doug-mcdermott,,,20,22:08,7,7,0,6,9,5,2,20,0,0,2,0
0022000026,1610612754,Indiana,Pacers,IND,pacers,1628988,Aaron,Holiday,A. Holiday,aaron-holiday,,,3,18:56,2,0,2,6,9,5,2,14,0,1,2,1
0022000026,1610612754,Indiana,Pacers,IND,pacers,204456,T.J.,McConnell,T. McConnell,tj-mcconnell,,,9,19:08,0,0,0,4,10,6,2,14,0,2,2,1
0022000026,1610612754,Indiana,Pacers,IND,pacers,1629665,Jalen,Lecque,J. Lecque,jalen-lecque,,,0,2:05,0,0,0,0,1,1,0,0,0,0,0,0
0022000026,1610612754,Indiana,Pacers,IND,pacers,1630199,Cassius,Stanley,C. Stanley,cassius-stanley,,,2,2:05,0,2,0,2,1,1,0,0,0,1,0,0
0022000026,1610612754,Indiana,Pacers,IND,pacers,203960,JaKarr,Sampson,J. Sampson,jakarr-sampson,,,14,2:05,0,0,0,0,1,1,0,0,0,0,1,0
0022000026,1610612754,Indiana,Pacers,IND,pacers,1629103,Kelan,Martin,K. Martin,kelan-martin,,,21,2:05,0,0,0,2,1,1,0,0,0,0,0,0
0022000026,1610612741,Chicago,Bulls,CHI,bulls,1630172,Patrick,Williams,P. Williams,patrick-williams,F,,44,22:04,3,0,0,2,12,9,4,40,1,0,0,4
0022000026,1610612741,Chicago,Bulls,CHI,bulls,1628374,Lauri,Markkanen,L. Markkanen,lauri-markkanen,F,,24,27:09,6,2,0,8,16,6,6,48,0,0,2,4
0022000026,1610612741,Chicago,Bulls,CHI,bulls,1628976,Wendell,Carter Jr.,W. Carter Jr.,wendell-carter-jr,C,,34,27:21,0,5,0,4,15,11,8,46,2,1,3,5
0022000026,1610612741,Chicago,Bulls,CHI,bulls,203897,Zach,LaVine,Z. LaVine,zach-lavine,G,,8,28:50,2,0,2,6,17,8,8,48,0,0,4,3
0022000026,1610612741,Chicago,Bulls,CHI,bulls,1629632,Coby,White,C. White,coby-white,G,,0,24:57,0,3,0,0,19,11,4,46,1,2,2,0
0022000026,1610612741,Chicago,Bulls,CHI,bulls,203490,Otto,Porter Jr.,O. Porter Jr.,otto-porter-jr,,,22,19:07,0,0,0,6,11,6,8,28,0,1,1,1
0022000026,1610612741,Chicago,Bulls,CHI,bulls,203107,Tomas,Satoransky,T. Satoransky,tomas-satoransky,,,31,24:54,2,2,2,4,12,14,8,34,1,0,0,1
0022000026,1610612741,Chicago,Bulls,CHI,bulls,202066,Garrett,Temple,G. Temple,garrett-temple,,,17,19:51,0,0,0,0,10,11,2,28,0,0,1,1
0022000026,1610612741,Chicago,Bulls,CHI,bulls,1627756,Denzel,Valentine,D. Valentine,denzel-valentine,,,45,12:54,0,0,0,0,9,5,2,20,1,0,0,1
0022000026,1610612741,Chicago,Bulls,CHI,bulls,1629655,Daniel,Gafford,D. Gafford,daniel-gafford,,,12,11:57,1,1,0,2,4,7,0,16,1,0,0,3
0022000026,1610612741,Chicago,Bulls,CHI,bulls,1627853,Ryan,Arcidiacono,R. Arcidiacono,ryan-arcidiacono,,,51,8:26,0,0,0,2,0,5,0,10,0,0,0,2
0022000026,1610612741,Chicago,Bulls,CHI,bulls,1628990,Chandler,Hutchison,C. Hutchison,chandler-hutchison,,,15,7:31,0,0,0,0,0,5,0,8,0,0,1,1
0022000026,1610612741,Chicago,Bulls,CHI,bulls,1629690,Adam,Mokoka,A. Mokoka,adam-mokoka,,,20,4:59,0,0,0,0,0,2,0,8,0,0,2,0
0022000026,1610612741,Chicago,Bulls,CHI,bulls,1626245,Cristiano,Felicio,C. Felicio,cristiano-felicio,,DNP - Coach's Decision,6,,0,0,0,0,0,0,0,0,0,0,0,0
0022000026,1610612741,Chicago,Bulls,CHI,bulls,1628436,Luke,Kornet,L. Kornet,luke-kornet,,DNP - Coach's Decision,2,,0,0,0,0,0,0,0,0,0,0,0,0
0022000022,1610612760,Oklahoma City,Thunder,OKC,thunder,1629652,Luguentz,Dort,L. Dort,luguentz-dort,F,,5,34:34,2,2,0,8,9,7,19,28,1,2,3,3
0022000022,1610612760,Oklahoma City,Thunder,OKC,thunder,1629647,Darius,Bazley,D. Bazley,darius-bazley,F,,7,32:56,2,0,4,8,9,5,19,26,2,0,1,0
0022000022,1610612760,Oklahoma City,Thunder,OKC,thunder,201143,Al,Horford,A. Horford,al-horford,C,,42,28:33,0,0,0,2,8,5,18,24,1,1,0,2
0022000022,1610612760,Oklahoma City,Thunder,OKC,thunder,1628983,Shai,Gilgeous-Alexander,S. Gilgeous-Alexander,shai-gilgeous-alexander,G,,2,34:22,2,2,1,12,9,7,19,26,1,4,4,7
0022000022,1610612760,Oklahoma City,Thunder,OKC,thunder,201588,George,Hill,G. Hill,george-hill,G,,3,24:03,3,3,0,4,4,5,15,18,0,0,2,4
0022000022,1610612760,Oklahoma City,Thunder,OKC,thunder,203488,Mike,Muscala,M. Muscala,mike-muscala,,,33,18:10,2,0,0,6,7,2,9,18,0,0,3,3
0022000022,1610612760,Oklahoma City,Thunder,OKC,thunder,1628977,Hamidou,Diallo,H. Diallo,hamidou-diallo,,,6,19:40,3,4,3,6,12,0,10,18,0,0,1,2
0022000022,1610612760,Oklahoma City,Thunder,OKC,thunder,1630177,Theo,Maledon,T. Maledon,theo-maledon,,,11,20:26,0,0,0,2,14,2,10,22,0,0,2,0
0022000022,1610612760,Oklahoma City,Thunder,OKC,thunder,1630197,Aleksej,Pokusevski,A. Pokusevski,aleksej-pokusevski,,,17,10:56,0,0,0,0,9,0,8,14,1,0,2,0
0022000022,1610612760,Oklahoma City,Thunder,OKC,thunder,1629026,Kenrich,Williams,K. Williams,kenrich-williams,,,34,16:20,3,2,3,0,9,2,8,16,1,1,3,1
0022000022,1610612760,Oklahoma City,Thunder,OKC,thunder,1629650,Moses,Brown,M. Brown,moses-brown,,DNP - Coach's Decision,9,,0,0,0,0,0,0,0,0,0,0,0,0
0022000022,1610612760,Oklahoma City,Thunder,OKC,thunder,1630221,Josh,Hall,J. Hall,josh-hall,,DNP - Coach's Decision,15,,0,0,0,0,0,0,0,0,0,0,0,0
0022000022,1610612760,Oklahoma City,Thunder,OKC,thunder,1628382,Justin,Jackson,J. Jackson,justin-jackson,,DNP - Coach's Decision,44,,0,0,0,0,0,0,0,0,0,0,0,0
0022000022,1610612760,Oklahoma City,Thunder,OKC,thunder,203121,Darius,Miller,D. Miller,darius-miller,,DNP - Coach's Decision,12,,0,0,0,0,0,0,0,0,0,0,0,0
0022000022,1610612760,Oklahoma City,Thunder,OKC,thunder,1629676,Isaiah,Roby,I. Roby,isaiah-roby,,DNP - Coach's Decision,22,,0,0,0,0,0,0,0,0,0,0,0,0
0022000022,1610612766,Charlotte,Hornets,CHA,hornets,202330,Gordon,Hayward,G. Hayward,gordon-hayward,F,,20,34:41,2,2,2,8,11,5,9,32,0,1,3,3
0022000022,1610612766,Charlotte,Hornets,CHA,hornets,1629023,P.J.,Washington,P. Washington,pj-washington,F,,25,29:09,2,2,2,12,9,11,5,32,3,1,3,3
0022000022,1610612766,Charlotte,Hornets,CHA,hornets,202687,Bismack,Biyombo,B. Biyombo,bismack-biyombo,C,,8,30:19,2,0,0,4,10,2,9,34,2,1,2,1
0022000022,1610612766,Charlotte,Hornets,CHA,hornets,1626179,Terry,Rozier,T. Rozier,terry-rozier,G,,3,31:18,4,3,2,4,9,7,3,36,1,0,2,6
0022000022,1610612766,Charlotte,Hornets,CHA,hornets,1628984,Devonte',Graham,D. Graham,devonte-graham,G,,4,33:50,0,0,6,2,13,9,9,32,0,1,2,3
0022000022,1610612766,Charlotte,Hornets,CHA,hornets,1628970,Miles,Bridges,M. Bridges,miles-bridges,,,0,23:07,0,0,6,2,9,9,2,18,2,1,4,0
0022000022,1610612766,Charlotte,Hornets,CHA,hornets,1630163,LaMelo,Ball,L. Ball,lamelo-ball,,,2,15:19,2,0,4,4,6,6,2,16,0,0,1,1
0022000022,1610612766,Charlotte,Hornets,CHA,hornets,1628998,Cody,Martin,C. Martin,cody-martin,,,11,16:11,0,0,0,0,6,8,2,16,0,0,1,0
0022000022,1610612766,Charlotte,Hornets,CHA,hornets,1629667,Jalen,McDaniels,J. McDaniels,jalen-mcdaniels,,,6,10:43,0,0,0,0,6,4,6,10,0,0,3,2
0022000022,1610612766,Charlotte,Hornets,CHA,hornets,1628997,Caleb,Martin,C. Martin,caleb-martin,,,10,15:23,6,0,5,6,6,4,8,14,0,2,1,2
0022000022,1610612766,Charlotte,Hornets,CHA,hornets,1630176,Vernon,Carey Jr.,V. Carey Jr.,vernon-carey-jr,,DNP - Coach's Decision,22,,0,0,0,0,0,0,0,0,0,0,0,0
0022000022,1610612766,Charlotte,Hornets,CHA,hornets,1628370,Malik,Monk,M. Monk,malik-monk,,DNP - Coach's Decision,1,,0,0,0,0,0,0,0,0,0,0,0,0
0022000022,1610612766,Charlotte,Hornets,CHA,hornets,1630208,Nick,Richards,N. Richards,nick-richards,,DNP - Coach's Decision,14,,0,0,0,0,0,0,0,0,0,0,0,0
0022000024,1610612753,Orlando,Magic,ORL,magic,1628407,Dwayne,Bacon,D. Bacon,dwayne-bacon,F,,8,20:21,0,0,0,0,13,6,2,24,0,0,1,0
0022000024,1610612753,Orlando,Magic,ORL,magic,203932,Aaron,Gordon,A. Gordon,aaron-gordon,F,,00,29:39,0,4,0,10,9,7,6,36,0,1,3,5
0022000024,1610612753,Orlando,Magic,ORL,magic,202696,Nikola,Vučević,N. Vučević,nikola-vučević,C,,9,31:05,0,4,0,6,16,11,2,34,0,0,1,2
0022000024,1610612753,Orlando,Magic,ORL,magic,203095,Evan,Fournier,E. Fournier,evan-fournier,G,,10,28:57,0,2,0,6,15,11,2,34,0,0,4,4
0022000024,1610612753,Orlando,Magic,ORL,magic,1628365,Markelle,Fultz,M. Fultz,markelle-fultz,G,,20,31:05,6,0,4,12,16,11,2,34,0,1,3,8
0022000024,1610612753,Orlando,Magic,ORL,magic,1629643,Chuma,Okeke,C. Okeke,chuma-okeke,,,3,18:21,0,0,0,0,9,9,2,14,0,0,1,1
0022000024,1610612753,Orlando,Magic,ORL,magic,203082,Terrence,Ross,T. Ross,terrence-ross,,,31,28:06,2,5,0,4,6,8,6,24,0,0,0,3
0022000024,1610612753,Orlando,Magic,ORL,magic,203920,Khem,Birch,K. Birch,khem-birch,,,24,16:55,2,0,0,4,2,5,6,16,0,0,3,0
0022000024,1610612753,Orlando,Magic,ORL,magic,1630175,Cole,Anthony,C. Anthony,cole-anthony,,,50,16:55,0,2,0,4,2,5,6,16,0,1,2,0
0022000024,1610612753,Orlando,Magic,ORL,magic,203487,Michael,Carter-Williams,M. Carter-Williams,michael-carter-williams,,,7,18:36,1,1,0,4,2,7,6,18,0,0,3,2
0022000024,1610612753,Orlando,Magic,ORL,magic,1628964,Mo,Bamba,M. Bamba,mo-bamba,,DNP - Coach's Decision,5,,0,0,0,0,0,0,0,0,0,0,0,0
0022000024,1610612753,Orlando,Magic,ORL,magic,1629648,Jordan,Bone,J. Bone,jordan-bone,,DNP - Coach's Decision,23,,0,0,0,0,0,0,0,0,0,0,0,0
0022000024,1610612753,Orlando,Magic,ORL,magic,1629109,Gary,Clark,G. Clark,gary-clark,,DNP - Coach's Decision,12,,0,0,0,0,0,0,0,0,0,0,0,0
0022000024,1610612753,Orlando,Magic,ORL,magic,1630211,Karim,Mane,K. Mane,karim-mane,,DNP - Coach's Decision,4,,0,0,0,0,0,0,0,0,0,0,0,0
0022000024,1610612764,Washington,Wizards,WAS,wizards,1629067,Isaac,Bonga,I. Bonga,isaac-bonga,F,,17,20:00,5,0,0,4,6,6,2,26,2,0,3,0
0022000024,1610612764,Washington,Wizards,WAS,wizards,1630166,Deni,Avdija,D. Avdija,deni-avdija,F,,9,14:40,0,0,0,2,3,8,2,26,0,0,4,1
0022000024,1610612764,Washington,Wizards,WAS,wizards,1628418,Thomas,Bryant,T. Bryant,thomas-bryant,C,,13,30:04,6,3,2,10,6,13,4,34,0,0,2,1
0022000024,1610612764,Washington,Wizards,WAS,wizards,203078,Bradley,Beal,B. Beal,bradley-beal,G,,3,37:14,5,7,0,16,6,17,4,46,0,0,2,8
0022000024,1610612764,Washington,Wizards,WAS,wizards,201566,Russell,Westbrook,R. Westbrook,russell-westbrook,G,,4,35:59,2,2,2,6,5,12,0,34,0,0,3,3
0022000024,1610612764,Washington,Wizards,WAS,wizards,1628972,Troy,Brown Jr.,T. Brown Jr.,troy-brown-jr,,,6,13:14,0,0,0,0,4,2,2,6,0,0,2,0
0022000024,1610612764,Washington,Wizards,WAS,wizards,202397,Ish,Smith,I. Smith,ish-smith,,,14,22:19,0,0,4,6,7,7,4,24,0,0,1,4
0022000024,1610612764,Washington,Wizards,WAS,wizards,202722,Davis,Bertans,D. Bertans,davis-bertans,,,42,19:46,0,3,0,2,4,7,2,12,0,0,1,1
0022000024,1610612764,Washington,Wizards,WAS,wizards,201577,Robin,Lopez,R. Lopez,robin-lopez,,,15,17:56,0,1,0,2,5,5,0,16,1,0,1,2
0022000024,1610612764,Washington,Wizards,WAS,wizards,203526,Raul,Neto,R. Neto,raul-neto,,,19,9:09,0,0,0,2,5,5,0,8,0,0,2,1
0022000024,1610612764,Washington,Wizards,WAS,wizards,1629010,Jerome,Robinson,J. Robinson,jerome-robinson,,,12,19:39,0,0,0,0,4,8,0,18,0,0,4,0
0022000024,1610612764,Washington,Wizards,WAS,wizards,1630264,Anthony,Gill,A. Gill,anthony-gill,,DNP - Coach's Decision,16,,0,0,0,0,0,0,0,0,0,0,0,0
0022000024,1610612764,Washington,Wizards,WAS,wizards,1628394,Anžejs,Pasečņiks,A. Pasečņiks,anžejs-pasečņiks,,DNP - Coach's Decision,18,,0,0,0,0,0,0,0,0,0,0,0,0
0022000024,1610612764,Washington,Wizards,WAS,wizards,1629021,Moritz,Wagner,M. Wagner,moritz-wagner,,DNP - Coach's Decision,21,,0,0,0,0,0,0,0,0,0,0,0,0
0022000021,1610612737,Atlanta,Hawks,ATL,hawks,1629629,Cam,Reddish,C. Reddish,cam-reddish,F,,22,32:29,2,2,0,2,16,12,12,32,1,2,3,0
0022000021,1610612737,Atlanta,Hawks,ATL,hawks,1629631,De'Andre,Hunter,D. Hunter,deandre-hunter,F,,12,35:19,5,3,0,4,19,14,12,24,2,1,3,4
0022000021,1610612737,Atlanta,Hawks,ATL,hawks,1628381,John,Collins,J. Collins,john-collins,C,,20,27:18,0,3,2,6,19,8,10,18,2,0,4,5
0022000021,1610612737,Atlanta,Hawks,ATL,hawks,203992,Bogdan,Bogdanović,B. Bogdanović,bogdan-bogdanović,G,,13,32:13,3,0,2,2,21,11,13,34,0,0,0,2
0022000021,1610612737,Atlanta,Hawks,ATL,hawks,1629027,Trae,Young,T. Young,trae-young,G,,11,35:23,0,2,2,16,14,14,14,32,0,0,1,10
0022000021,1610612737,Atlanta,Hawks,ATL,hawks,1628981,Bruno,Fernando,B. Fernando,bruno-fernando,,,24,17:12,0,0,0,0,5,6,7,16,0,1,1,0
0022000021,1610612737,Atlanta,Hawks,ATL,hawks,1628989,Kevin,Huerter,K. Huerter,kevin-huerter,,,3,26:35,2,5,2,8,14,13,6,26,0,1,5,0
0022000021,1610612737,Atlanta,Hawks,ATL,hawks,203524,Solomon,Hill,S. Hill,solomon-hill,,,18,12:58,0,0,0,2,7,4,2,16,0,0,2,1
0022000021,1610612737,Atlanta,Hawks,ATL,hawks,1629164,Brandon,Goodwin,B. Goodwin,brandon-goodwin,,,0,11:58,0,1,0,0,10,4,2,10,0,1,0,2
0022000021,1610612737,Atlanta,Hawks,ATL,hawks,1630233,Nathan,Knight,N. Knight,nathan-knight,,,1,8:35,0,1,0,4,5,4,2,12,0,0,1,3
0022000021,1610612737,Atlanta,Hawks,ATL,hawks,201568,Danilo,Gallinari,D. Gallinari,danilo-gallinari,,DNP - Injury/Illness,8,,0,0,0,0,0,0,0,0,0,0,0,0
0022000021,1610612737,Atlanta,Hawks,ATL,hawks,1630219,Skylar,Mays,S. Mays,skylar-mays,,DNP - Coach's Decision,4,,0,0,0,0,0,0,0,0,0,0,0,0
0022000021,1610612737,Atlanta,Hawks,ATL,hawks,200765,Rajon,Rondo,R. Rondo,rajon-rondo,,DNP - Coach's Decision,7,,0,0,0,0,0,0,0,0,0,0,0,0
0022000021,1610612763,Memphis,Grizzlies,MEM,grizzlies,1628415,Dillon,Brooks,D. Brooks,dillon-brooks,F,,24,30:36,4,3,5,10,8,9,4,24,0,3,6,1
0022000021,1610612763,Memphis,Grizzlies,MEM,grizzlies,203937,Kyle,Anderson,K. Anderson,kyle-anderson,F,,1,36:26,8,4,2,10,12,15,6,30,2,0,2,3
0022000021,1610612763,Memphis,Grizzlies,MEM,grizzlies,202685,Jonas,Valančiūnas,J. Valančiūnas,jonas-valančiūnas,C,,17,28:56,2,0,0,2,12,7,6,28,1,0,5,6
0022000021,1610612763,Memphis,Grizzlies,MEM,grizzlies,1628960,Grayson,Allen,G. Allen,grayson-allen,G,,3,29:28,2,2,5,2,7,9,4,30,0,0,0,2
0022000021,1610612763,Memphis,Grizzlies,MEM,grizzlies,1629630,Ja,Morant,J. Morant,ja-morant,G,,12,33:31,2,2,4,16,9,14,6,32,1,2,4,5
0022000021,1610612763,Memphis,Grizzlies,MEM,grizzlies,1630217,Desmond,Bane,D. Bane,desmond-bane,,,22,22:21,3,3,0,0,4,10,4,20,0,0,4,0
0022000021,1610612763,Memphis,Grizzlies,MEM,grizzlies,1626145,Tyus,Jones,T. Jones,tyus-jones,,,21,15:59,0,0,0,0,5,4,4,14,1,0,0,0
0022000021,1610612763,Memphis,Grizzlies,MEM,grizzlies,1629634,Brandon,Clarke,B. Clarke,brandon-clarke,,,15,20:06,0,0,0,4,0,7,4,18,0,0,4,1
0022000021,1610612763,Memphis,Grizzlies,MEM,grizzlies,1629723,John,Konchar,J. Konchar,john-konchar,,,46,15:39,5,4,0,0,3,7,2,14,1,0,1,2
0022000021,1610612763,Memphis,Grizzlies,MEM,grizzlies,203476,Gorgui,Dieng,G. Dieng,gorgui-dieng,,,14,6:58,0,0,0,0,0,3,0,10,0,0,1,0
0022000021,1610612763,Memphis,Grizzlies,MEM,grizzlies,1630253,Sean,McDermott,S. McDermott,sean-mcdermott,,DNP - Coach's Decision,30,,0,0,0,0,0,0,0,0,0,0,0,0
0022000021,1610612763,Memphis,Grizzlies,MEM,grizzlies,1630214,Xavier,Tillman,X. Tillman,xavier-tillman,,DNP - Injury/Illness,2,,0,0,0,0,0,0,0,0,0,0,0,0
0022000025,1610612755,Philadelphia,76ers,PHI,sixers,201980,Danny,Green,D. Green,danny-green,F,,14,28:02,3,0,3,0,5,6,2,26,0,0,2,0
0022000025,1610612755,Philadelphia,76ers,PHI,sixers,202699,Tobias,Harris,T. Harris,tobias-harris,F,,12,30:10,2,0,5,6,2,3,0,24,2,1,2,2
0022000025,1610612755,Philadelphia,76ers,PHI,sixers,203954,Joel,Embiid,J. Embiid,joel-embiid,C,,21,30:39,3,7,0,12,7,6,2,30,1,1,3,5
0022000025,1610612755,Philadelphia,76ers,PHI,sixers,203552,Seth,Curry,S. Curry,seth-curry,G,,31,29:53,8,0,5,4,7,6,2,28,0,1,0,2
0022000025,1610612755,Philadelphia,76ers,PHI,sixers,1627732,Ben,Simmons,B. Simmons,ben-simmons,G,,25,32:53,3,3,0,10,7,6,2,32,2,1,4,6
0022000025,1610612755,Philadelphia,76ers,PHI,sixers,1629003,Shake,Milton,S. Milton,shake-milton,,,18,22:32,0,4,0,8,10,11,0,18,0,0,3,2
0022000025,1610612755,Philadelphia,76ers,PHI,sixers,1627788,Furkan,Korkmaz,F. Korkmaz,furkan-korkmaz,,,30,18:00,0,3,0,0,13,11,2,12,0,0,1,1
0022000025,1610612755,Philadelphia,76ers,PHI,sixers,203118,Mike,Scott,M. Scott,mike-scott,,,1,16:46,0,0,0,0,8,14,0,14,0,0,0,0
0022000025,1610612755,Philadelphia,76ers,PHI,sixers,2730,Dwight,Howard,D. Howard,dwight-howard,,,39,15:24,2,3,0,8,6,11,0,10,1,0,4,5
0022000025,1610612755,Philadelphia,76ers,PHI,sixers,1630178,Tyrese,Maxey,T. Maxey,tyrese-maxey,,,0,8:49,2,0,0,2,3,11,0,6,0,0,0,0
0022000025,1610612755,Philadelphia,76ers,PHI,sixers,1629680,Matisse,Thybulle,M. Thybulle,matisse-thybulle,,,22,6:52,0,0,0,0,7,0,0,0,0,0,0,0
0022000025,1610612755,Philadelphia,76ers,PHI,sixers,1628396,Tony,Bradley,T. Bradley,tony-bradley,,DNP - Coach's Decision,11,,0,0,0,0,0,0,0,0,0,0,0,0
0022000025,1610612755,Philadelphia,76ers,PHI,sixers,1628390,Terrance,Ferguson,T. Ferguson,terrance-ferguson,,DNP - Coach's Decision,23,,0,0,0,0,0,0,0,0,0,0,0,0
0022000025,1610612755,Philadelphia,76ers,PHI,sixers,1630198,Isaiah,Joe,I. Joe,isaiah-joe,,DNP - Coach's Decision,7,,0,0,0,0,0,0,0,0,0,0,0,0
0022000025,1610612755,Philadelphia,76ers,PHI,sixers,1629751,Dakota,Mathias,D. Mathias,dakota-mathias,,DNP - Coach's Decision,33,,0,0,0,0,0,0,0,0,0,0,0,0
0022000025,1610612752,New York,Knicks,NYK,knicks,203493,Reggie,Bullock Jr.,R. Bullock Jr.,reggie-bullock-jr,F,,25,27:23,0,3,0,0,15,8,5,32,0,0,4,1
0022000025,1610612752,New York,Knicks,NYK,knicks,203944,Julius,Randle,J. Randle,julius-randle,F,,30,34:35,0,3,0,16,19,10,13,32,0,3,4,5
0022000025,1610612752,New York,Knicks,NYK,knicks,1629011,Mitchell,Robinson,M. Robinson,mitchell-robinson,C,,23,24:59,2,5,2,10,19,10,10,30,2,0,3,1
0022000025,1610612752,New York,Knicks,NYK,knicks,1629628,RJ,Barrett,R. Barrett,rj-barrett,G,,9,37:04,3,1,0,4,17,15,13,34,0,2,0,5
0022000025,1610612752,New York,Knicks,NYK,knicks,203901,Elfrid,Payton,E. Payton,elfrid-payton,G,,6,18:14,0,0,0,0,12,8,7,16,0,0,1,0
0022000025,1610612752,New York,Knicks,NYK,knicks,202692,Alec,Burks,A. Burks,alec-burks,,,18,30:42,3,3,0,0,11,13,8,38,1,1,4,4
0022000025,1610612752,New York,Knicks,NYK,knicks,203457,Nerlens,Noel,N. Noel,nerlens-noel,,,3,15:58,0,2,0,4,2,10,0,16,1,0,1,1
0022000025,1610612752,New York,Knicks,NYK,knicks,1628995,Kevin,Knox II,K. Knox II,kevin-knox-ii,,,20,28:33,5,0,0,4,14,12,9,30,0,0,2,0
0022000025,1610612752,New York,Knicks,NYK,knicks,1628372,Dennis,Smith Jr.,D. Smith Jr.,dennis-smith-jr,,,4,17:38,2,0,0,2,6,10,0,22,0,0,4,2
0022000025,1610612752,New York,Knicks,NYK,knicks,1628373,Frank,Ntilikina,F. Ntilikina,frank-ntilikina,,,11,2:27,0,0,0,0,0,2,0,0,0,0,0,0
0022000025,1610612752,New York,Knicks,NYK,knicks,1629033,Theo,Pinson,T. Pinson,theo-pinson,,,21,2:27,0,0,0,0,0,2,0,0,0,0,0,0
0022000025,1610612752,New York,Knicks,NYK,knicks,1629649,Ignas,Brazdeikis,I. Brazdeikis,ignas-brazdeikis,,DNP - Coach's Decision,17,,0,0,0,0,0,0,0,0,0,0,0,0
0022000025,1610612752,New York,Knicks,NYK,knicks,1629607,Jared,Harper,J. Harper,jared-harper,,DNP - Coach's Decision,0,,0,0,0,0,0,0,0,0,0,0,0,0
