stage,column,dtype,non_null,null_pct,prefix
matches,GAME_ID,object,32241,0.0,BASE
matches,HOME_TEAM_ID,object,32241,0.0,HOME
matches,GAME_DATE,object,32241,0.0,BASE
matches,SEASON,object,32241,0.0,BASE
matches,HOME_IS_WIN,int64,32241,0.0,HOME
matches,HOME_POINTS_FOR,int64,32241,0.0,HOME
matches,HOME_POINTS_AGAINST,int64,32241,0.0,HOME
matches,HOME_POINT_DIFF,int64,32241,0.0,HOME
matches,HOME_POINT_TOTAL,int64,32241,0.0,HOME
matches,HOME_fieldGoalsMade_traditional,float64,0,100.0,HOME
matches,HOME_fieldGoalsAttempted_traditional,float64,0,100.0,HOME
matches,HOME_threePointersMade_traditional,float64,0,100.0,HOME
matches,HOME_threePointersAttempted_traditional,float64,0,100.0,HOME
matches,HOME_freeThrowsMade_traditional,float64,0,100.0,HOME
matches,HOME_freeThrowsAttempted_traditional,float64,0,100.0,HOME
matches,HOME_reboundsOffensive_traditional,float64,0,100.0,HOME
matches,HOME_reboundsDefensive_traditional,float64,0,100.0,HOME
matches,HOME_reboundsTotal_traditional,float64,0,100.0,HOME
matches,HOME_assists_traditional,float64,0,100.0,HOME
matches,HOME_steals_traditional,float64,0,100.0,HOME
matches,HOME_blocks_traditional,float64,0,100.0,HOME
matches,HOME_turnovers_traditional,float64,0,100.0,HOME
matches,HOME_foulsPersonal_traditional,float64,0,100.0,HOME
matches,HOME_points_traditional,float64,0,100.0,HOME
matches,HOME_MINUTES_PLAYED,float64,0,100.0,HOME
matches,HOME_pointsOffTurnovers_misc,float64,0,100.0,HOME
matches,HOME_pointsSecondChance_misc,float64,0,100.0,HOME
matches,HOME_pointsFastBreak_misc,float64,0,100.0,HOME
matches,HOME_pointsPaint_misc,float64,0,100.0,HOME
matches,HOME_blocksAgainst_misc,float64,0,100.0,HOME
matches,HOME_offensiveRating_advanced,float64,0,100.0,HOME
matches,HOME_defensiveRating_advanced,float64,0,100.0,HOME
matches,HOME_netRating_advanced,float64,0,100.0,HOME
matches,HOME_assistPercentage_advanced,float64,0,100.0,HOME
matches,HOME_assistToTurnover_advanced,float64,0,100.0,HOME
matches,HOME_assistRatio_advanced,float64,0,100.0,HOME
matches,HOME_offensiveReboundPercentage_advanced,float64,0,100.0,HOME
matches,HOME_defensiveReboundPercentage_advanced,float64,0,100.0,HOME
matches,HOME_reboundPercentage_advanced,float64,0,100.0,HOME
matches,HOME_turnoverRatio_advanced,float64,0,100.0,HOME
matches,HOME_effectiveFieldGoalPercentage_advanced,float64,0,100.0,HOME
matches,HOME_trueShootingPercentage_advanced,float64,0,100.0,HOME
matches,HOME_usagePercentage_advanced,float64,0,100.0,HOME
matches,HOME_estimatedPace_advanced,float64,0,100.0,HOME
matches,HOME_pace_advanced,float64,0,100.0,HOME
matches,HOME_possessions_advanced,float64,0,100.0,HOME
matches,HOME_PIE_advanced,float64,0,100.0,HOME
matches,HOME_effectiveFieldGoalPercentage_fourfactors,float64,0,100.0,HOME
matches,HOME_freeThrowAttemptRate_fourfactors,float64,0,100.0,HOME
matches,HOME_teamTurnoverPercentage_fourfactors,float64,0,100.0,HOME
matches,HOME_oppEffectiveFieldGoalPercentage_fourfactors,float64,0,100.0,HOME
matches,HOME_oppFreeThrowAttemptRate_fourfactors,float64,0,100.0,HOME
matches,HOME_oppTeamTurnoverPercentage_fourfactors,float64,0,100.0,HOME
matches,HOME_oppOffensiveReboundPercentage_fourfactors,float64,0,100.0,HOME
matches,HOME_foulsDrawn_misc,float64,0,100.0,HOME
matches,HOME_percentageFieldGoalsAttempted2pt_scoring,float64,0,100.0,HOME
matches,HOME_percentageFieldGoalsAttempted3pt_scoring,float64,0,100.0,HOME
matches,HOME_percentagePoints2pt_scoring,float64,0,100.0,HOME
matches,HOME_percentagePointsMidrange2pt_scoring,float64,0,100.0,HOME
matches,HOME_percentagePoints3pt_scoring,float64,0,100.0,HOME
matches,HOME_percentagePointsFastBreak_scoring,float64,0,100.0,HOME
matches,HOME_percentagePointsFreeThrow_scoring,float64,0,100.0,HOME
matches,HOME_percentagePointsOffTurnovers_scoring,float64,0,100.0,HOME
matches,HOME_percentagePointsPaint_scoring,float64,0,100.0,HOME
matches,HOME_percentageAssisted2pt_scoring,float64,0,100.0,HOME
matches,HOME_percentageUnassisted2pt_scoring,float64,0,100.0,HOME
matches,HOME_percentageAssisted3pt_scoring,float64,0,100.0,HOME
matches,HOME_percentageUnassisted3pt_scoring,float64,0,100.0,HOME
matches,HOME_percentageAssistedFGM_scoring,float64,0,100.0,HOME
matches,HOME_percentageUnassistedFGM_scoring,float64,0,100.0,HOME
matches,HOME_threePointersPercentage_traditional,float64,0,100.0,HOME
matches,HOME_freeThrowsPercentage_traditional,float64,0,100.0,HOME
matches,HOME_percentageFieldGoalsMade_usage,float64,0,100.0,HOME
matches,HOME_percentageFieldGoalsAttempted_usage,float64,0,100.0,HOME
matches,HOME_percentageThreePointersMade_usage,float64,0,100.0,HOME
matches,HOME_percentageThreePointersAttempted_usage,float64,0,100.0,HOME
matches,HOME_percentageFreeThrowsMade_usage,float64,0,100.0,HOME
matches,HOME_percentageFreeThrowsAttempted_usage,float64,0,100.0,HOME
matches,HOME_percentageReboundsOffensive_usage,float64,0,100.0,HOME
matches,HOME_percentageReboundsDefensive_usage,float64,0,100.0,HOME
matches,HOME_percentageReboundsTotal_usage,float64,0,100.0,HOME
matches,HOME_percentageAssists_usage,float64,0,100.0,HOME
matches,HOME_percentageTurnovers_usage,float64,0,100.0,HOME
matches,HOME_percentageSteals_usage,float64,0,100.0,HOME
matches,HOME_percentageBlocks_usage,float64,0,100.0,HOME
matches,HOME_percentageBlocksAllowed_usage,float64,0,100.0,HOME
matches,HOME_percentagePersonalFouls_usage,float64,0,100.0,HOME
matches,HOME_percentagePersonalFoulsDrawn_usage,float64,0,100.0,HOME
matches,HOME_percentagePoints_usage,float64,0,100.0,HOME
matches,HOME_plusMinusPoints_traditional,float64,0,100.0,HOME
matches,HOME_player_perf_score_mean,float64,0,100.0,HOME
matches,HOME_player_perf_score_sum,float64,0,100.0,HOME
matches,HOME_num_present,float64,0,100.0,HOME
matches,HOME_num_absent,float64,0,100.0,HOME
matches,HOME_num_injured,float64,0,100.0,HOME
matches,HOME_num_suspended,float64,0,100.0,HOME
matches,HOME_num_resting,float64,0,100.0,HOME
matches,HOME_num_personal,float64,0,100.0,HOME
matches,HOME_num_absent_other,float64,0,100.0,HOME
matches,HOME_top_player_count,float64,0,100.0,HOME
matches,HOME_top_player_absent,float64,0,100.0,HOME
matches,HOME_top_player_injured,float64,0,100.0,HOME
matches,HOME_top_player_resting,float64,0,100.0,HOME
matches,HOME_top_player_suspended,float64,0,100.0,HOME
matches,HOME_top_player_personal,float64,0,100.0,HOME
matches,HOME_top_player_absent_other,float64,0,100.0,HOME
matches,HOME_top_player_absent_rate,float64,0,100.0,HOME
matches,HOME_top_player_injury_rate,float64,0,100.0,HOME
matches,HOME_top_player_resting_rate,float64,0,100.0,HOME
matches,HOME_top_player_suspension_rate,float64,0,100.0,HOME
matches,HOME_top_player_personal_rate,float64,0,100.0,HOME
matches,HOME_top_player_absent_other_rate,float64,0,100.0,HOME
matches,HOME_has_top_absent,float64,0,100.0,HOME
matches,HOME_has_absent,float64,0,100.0,HOME
matches,HOME_MONEYLINE,float64,0,100.0,HOME
matches,AWAY_TEAM_ID,object,32241,0.0,AWAY
matches,AWAY_IS_WIN,int64,32241,0.0,AWAY
matches,AWAY_POINTS_FOR,int64,32241,0.0,AWAY
matches,AWAY_POINTS_AGAINST,int64,32241,0.0,AWAY
matches,AWAY_POINT_DIFF,int64,32241,0.0,AWAY
matches,AWAY_POINT_TOTAL,int64,32241,0.0,AWAY
matches,AWAY_fieldGoalsMade_traditional,float64,0,100.0,AWAY
matches,AWAY_fieldGoalsAttempted_traditional,float64,0,100.0,AWAY
matches,AWAY_threePointersMade_traditional,float64,0,100.0,AWAY
matches,AWAY_threePointersAttempted_traditional,float64,0,100.0,AWAY
matches,AWAY_freeThrowsMade_traditional,float64,0,100.0,AWAY
matches,AWAY_freeThrowsAttempted_traditional,float64,0,100.0,AWAY
matches,AWAY_reboundsOffensive_traditional,float64,0,100.0,AWAY
matches,AWAY_reboundsDefensive_traditional,float64,0,100.0,AWAY
matches,AWAY_reboundsTotal_traditional,float64,0,100.0,AWAY
matches,AWAY_assists_traditional,float64,0,100.0,AWAY
matches,AWAY_steals_traditional,float64,0,100.0,AWAY
matches,AWAY_blocks_traditional,float64,0,100.0,AWAY
matches,AWAY_turnovers_traditional,float64,0,100.0,AWAY
matches,AWAY_foulsPersonal_traditional,float64,0,100.0,AWAY
matches,AWAY_points_traditional,float64,0,100.0,AWAY
matches,AWAY_MINUTES_PLAYED,float64,0,100.0,AWAY
matches,AWAY_pointsOffTurnovers_misc,float64,0,100.0,AWAY
matches,AWAY_pointsSecondChance_misc,float64,0,100.0,AWAY
matches,AWAY_pointsFastBreak_misc,float64,0,100.0,AWAY
matches,AWAY_pointsPaint_misc,float64,0,100.0,AWAY
matches,AWAY_blocksAgainst_misc,float64,0,100.0,AWAY
matches,AWAY_offensiveRating_advanced,float64,0,100.0,AWAY
matches,AWAY_defensiveRating_advanced,float64,0,100.0,AWAY
matches,AWAY_netRating_advanced,float64,0,100.0,AWAY
matches,AWAY_assistPercentage_advanced,float64,0,100.0,AWAY
matches,AWAY_assistToTurnover_advanced,float64,0,100.0,AWAY
matches,AWAY_assistRatio_advanced,float64,0,100.0,AWAY
matches,AWAY_offensiveReboundPercentage_advanced,float64,0,100.0,AWAY
matches,AWAY_defensiveReboundPercentage_advanced,float64,0,100.0,AWAY
matches,AWAY_reboundPercentage_advanced,float64,0,100.0,AWAY
matches,AWAY_turnoverRatio_advanced,float64,0,100.0,AWAY
matches,AWAY_effectiveFieldGoalPercentage_advanced,float64,0,100.0,AWAY
matches,AWAY_trueShootingPercentage_advanced,float64,0,100.0,AWAY
matches,AWAY_usagePercentage_advanced,float64,0,100.0,AWAY
matches,AWAY_estimatedPace_advanced,float64,0,100.0,AWAY
matches,AWAY_pace_advanced,float64,0,100.0,AWAY
matches,AWAY_possessions_advanced,float64,0,100.0,AWAY
matches,AWAY_PIE_advanced,float64,0,100.0,AWAY
matches,AWAY_effectiveFieldGoalPercentage_fourfactors,float64,0,100.0,AWAY
matches,AWAY_freeThrowAttemptRate_fourfactors,float64,0,100.0,AWAY
matches,AWAY_teamTurnoverPercentage_fourfactors,float64,0,100.0,AWAY
matches,AWAY_oppEffectiveFieldGoalPercentage_fourfactors,float64,0,100.0,AWAY
matches,AWAY_oppFreeThrowAttemptRate_fourfactors,float64,0,100.0,AWAY
matches,AWAY_oppTeamTurnoverPercentage_fourfactors,float64,0,100.0,AWAY
matches,AWAY_oppOffensiveReboundPercentage_fourfactors,float64,0,100.0,AWAY
matches,AWAY_foulsDrawn_misc,float64,0,100.0,AWAY
matches,AWAY_percentageFieldGoalsAttempted2pt_scoring,float64,0,100.0,AWAY
matches,AWAY_percentageFieldGoalsAttempted3pt_scoring,float64,0,100.0,AWAY
matches,AWAY_percentagePoints2pt_scoring,float64,0,100.0,AWAY
matches,AWAY_percentagePointsMidrange2pt_scoring,float64,0,100.0,AWAY
matches,AWAY_percentagePoints3pt_scoring,float64,0,100.0,AWAY
matches,AWAY_percentagePointsFastBreak_scoring,float64,0,100.0,AWAY
matches,AWAY_percentagePointsFreeThrow_scoring,float64,0,100.0,AWAY
matches,AWAY_percentagePointsOffTurnovers_scoring,float64,0,100.0,AWAY
matches,AWAY_percentagePointsPaint_scoring,float64,0,100.0,AWAY
matches,AWAY_percentageAssisted2pt_scoring,float64,0,100.0,AWAY
matches,AWAY_percentageUnassisted2pt_scoring,float64,0,100.0,AWAY
matches,AWAY_percentageAssisted3pt_scoring,float64,0,100.0,AWAY
matches,AWAY_percentageUnassisted3pt_scoring,float64,0,100.0,AWAY
matches,AWAY_percentageAssistedFGM_scoring,float64,0,100.0,AWAY
matches,AWAY_percentageUnassistedFGM_scoring,float64,0,100.0,AWAY
matches,AWAY_threePointersPercentage_traditional,float64,0,100.0,AWAY
matches,AWAY_freeThrowsPercentage_traditional,float64,0,100.0,AWAY
matches,AWAY_percentageFieldGoalsMade_usage,float64,0,100.0,AWAY
matches,AWAY_percentageFieldGoalsAttempted_usage,float64,0,100.0,AWAY
matches,AWAY_percentageThreePointersMade_usage,float64,0,100.0,AWAY
matches,AWAY_percentageThreePointersAttempted_usage,float64,0,100.0,AWAY
matches,AWAY_percentageFreeThrowsMade_usage,float64,0,100.0,AWAY
matches,AWAY_percentageFreeThrowsAttempted_usage,float64,0,100.0,AWAY
matches,AWAY_percentageReboundsOffensive_usage,float64,0,100.0,AWAY
matches,AWAY_percentageReboundsDefensive_usage,float64,0,100.0,AWAY
matches,AWAY_percentageReboundsTotal_usage,float64,0,100.0,AWAY
matches,AWAY_percentageAssists_usage,float64,0,100.0,AWAY
matches,AWAY_percentageTurnovers_usage,float64,0,100.0,AWAY
matches,AWAY_percentageSteals_usage,float64,0,100.0,AWAY
matches,AWAY_percentageBlocks_usage,float64,0,100.0,AWAY
matches,AWAY_percentageBlocksAllowed_usage,float64,0,100.0,AWAY
matches,AWAY_percentagePersonalFouls_usage,float64,0,100.0,AWAY
matches,AWAY_percentagePersonalFoulsDrawn_usage,float64,0,100.0,AWAY
matches,AWAY_percentagePoints_usage,float64,0,100.0,AWAY
matches,AWAY_plusMinusPoints_traditional,float64,0,100.0,AWAY
matches,AWAY_player_perf_score_mean,float64,0,100.0,AWAY
matches,AWAY_player_perf_score_sum,float64,0,100.0,AWAY
matches,AWAY_num_present,float64,0,100.0,AWAY
matches,AWAY_num_absent,float64,0,100.0,AWAY
matches,AWAY_num_injured,float64,0,100.0,AWAY
matches,AWAY_num_suspended,float64,0,100.0,AWAY
matches,AWAY_num_resting,float64,0,100.0,AWAY
matches,AWAY_num_personal,float64,0,100.0,AWAY
matches,AWAY_num_absent_other,float64,0,100.0,AWAY
matches,AWAY_top_player_count,float64,0,100.0,AWAY
matches,AWAY_top_player_absent,float64,0,100.0,AWAY
matches,AWAY_top_player_injured,float64,0,100.0,AWAY
matches,AWAY_top_player_resting,float64,0,100.0,AWAY
matches,AWAY_top_player_suspended,float64,0,100.0,AWAY
matches,AWAY_top_player_personal,float64,0,100.0,AWAY
matches,AWAY_top_player_absent_other,float64,0,100.0,AWAY
matches,AWAY_top_player_absent_rate,float64,0,100.0,AWAY
matches,AWAY_top_player_injury_rate,float64,0,100.0,AWAY
matches,AWAY_top_player_resting_rate,float64,0,100.0,AWAY
matches,AWAY_top_player_suspension_rate,float64,0,100.0,AWAY
matches,AWAY_top_player_personal_rate,float64,0,100.0,AWAY
matches,AWAY_top_player_absent_other_rate,float64,0,100.0,AWAY
matches,AWAY_has_top_absent,float64,0,100.0,AWAY
matches,AWAY_has_absent,float64,0,100.0,AWAY
matches,AWAY_MONEYLINE,float64,0,100.0,AWAY
matches,IS_WIN,int64,32241,0.0,BASE
matches,POINT_DIFF,int64,32241,0.0,BASE
matches,POINT_TOTAL,int64,32241,0.0,BASE
matches,DIFF_IS_WIN,int64,32241,0.0,DIFF
matches,DIFF_POINTS_FOR,int64,32241,0.0,DIFF
matches,DIFF_POINTS_AGAINST,int64,32241,0.0,DIFF
matches,DIFF_POINT_DIFF,int64,32241,0.0,DIFF
matches,DIFF_POINT_TOTAL,int64,32241,0.0,DIFF
matches,DIFF_fieldGoalsMade_traditional,float64,0,100.0,DIFF
matches,DIFF_fieldGoalsAttempted_traditional,float64,0,100.0,DIFF
matches,DIFF_threePointersMade_traditional,float64,0,100.0,DIFF
matches,DIFF_threePointersAttempted_traditional,float64,0,100.0,DIFF
matches,DIFF_freeThrowsMade_traditional,float64,0,100.0,DIFF
matches,DIFF_freeThrowsAttempted_traditional,float64,0,100.0,DIFF
matches,DIFF_reboundsOffensive_traditional,float64,0,100.0,DIFF
matches,DIFF_reboundsDefensive_traditional,float64,0,100.0,DIFF
matches,DIFF_reboundsTotal_traditional,float64,0,100.0,DIFF
matches,DIFF_assists_traditional,float64,0,100.0,DIFF
matches,DIFF_steals_traditional,float64,0,100.0,DIFF
matches,DIFF_blocks_traditional,float64,0,100.0,DIFF
matches,DIFF_turnovers_traditional,float64,0,100.0,DIFF
matches,DIFF_foulsPersonal_traditional,float64,0,100.0,DIFF
matches,DIFF_points_traditional,float64,0,100.0,DIFF
matches,DIFF_MINUTES_PLAYED,float64,0,100.0,DIFF
matches,DIFF_pointsOffTurnovers_misc,float64,0,100.0,DIFF
matches,DIFF_pointsSecondChance_misc,float64,0,100.0,DIFF
matches,DIFF_pointsFastBreak_misc,float64,0,100.0,DIFF
matches,DIFF_pointsPaint_misc,float64,0,100.0,DIFF
matches,DIFF_blocksAgainst_misc,float64,0,100.0,DIFF
matches,DIFF_offensiveRating_advanced,float64,0,100.0,DIFF
matches,DIFF_defensiveRating_advanced,float64,0,100.0,DIFF
matches,DIFF_netRating_advanced,float64,0,100.0,DIFF
matches,DIFF_assistPercentage_advanced,float64,0,100.0,DIFF
matches,DIFF_assistToTurnover_advanced,float64,0,100.0,DIFF
matches,DIFF_assistRatio_advanced,float64,0,100.0,DIFF
matches,DIFF_offensiveReboundPercentage_advanced,float64,0,100.0,DIFF
matches,DIFF_defensiveReboundPercentage_advanced,float64,0,100.0,DIFF
matches,DIFF_reboundPercentage_advanced,float64,0,100.0,DIFF
matches,DIFF_turnoverRatio_advanced,float64,0,100.0,DIFF
matches,DIFF_effectiveFieldGoalPercentage_advanced,float64,0,100.0,DIFF
matches,DIFF_trueShootingPercentage_advanced,float64,0,100.0,DIFF
matches,DIFF_usagePercentage_advanced,float64,0,100.0,DIFF
matches,DIFF_estimatedPace_advanced,float64,0,100.0,DIFF
matches,DIFF_pace_advanced,float64,0,100.0,DIFF
matches,DIFF_possessions_advanced,float64,0,100.0,DIFF
matches,DIFF_PIE_advanced,float64,0,100.0,DIFF
matches,DIFF_effectiveFieldGoalPercentage_fourfactors,float64,0,100.0,DIFF
matches,DIFF_freeThrowAttemptRate_fourfactors,float64,0,100.0,DIFF
matches,DIFF_teamTurnoverPercentage_fourfactors,float64,0,100.0,DIFF
matches,DIFF_oppEffectiveFieldGoalPercentage_fourfactors,float64,0,100.0,DIFF
matches,DIFF_oppFreeThrowAttemptRate_fourfactors,float64,0,100.0,DIFF
matches,DIFF_oppTeamTurnoverPercentage_fourfactors,float64,0,100.0,DIFF
matches,DIFF_oppOffensiveReboundPercentage_fourfactors,float64,0,100.0,DIFF
matches,DIFF_foulsDrawn_misc,float64,0,100.0,DIFF
matches,DIFF_percentageFieldGoalsAttempted2pt_scoring,float64,0,100.0,DIFF
matches,DIFF_percentageFieldGoalsAttempted3pt_scoring,float64,0,100.0,DIFF
matches,DIFF_percentagePoints2pt_scoring,float64,0,100.0,DIFF
matches,DIFF_percentagePointsMidrange2pt_scoring,float64,0,100.0,DIFF
matches,DIFF_percentagePoints3pt_scoring,float64,0,100.0,DIFF
matches,DIFF_percentagePointsFastBreak_scoring,float64,0,100.0,DIFF
matches,DIFF_percentagePointsFreeThrow_scoring,float64,0,100.0,DIFF
matches,DIFF_percentagePointsOffTurnovers_scoring,float64,0,100.0,DIFF
matches,DIFF_percentagePointsPaint_scoring,float64,0,100.0,DIFF
matches,DIFF_percentageAssisted2pt_scoring,float64,0,100.0,DIFF
matches,DIFF_percentageUnassisted2pt_scoring,float64,0,100.0,DIFF
matches,DIFF_percentageAssisted3pt_scoring,float64,0,100.0,DIFF
matches,DIFF_percentageUnassisted3pt_scoring,float64,0,100.0,DIFF
matches,DIFF_percentageAssistedFGM_scoring,float64,0,100.0,DIFF
matches,DIFF_percentageUnassistedFGM_scoring,float64,0,100.0,DIFF
matches,DIFF_threePointersPercentage_traditional,float64,0,100.0,DIFF
matches,DIFF_freeThrowsPercentage_traditional,float64,0,100.0,DIFF
matches,DIFF_percentageFieldGoalsMade_usage,float64,0,100.0,DIFF
matches,DIFF_percentageFieldGoalsAttempted_usage,float64,0,100.0,DIFF
matches,DIFF_percentageThreePointersMade_usage,float64,0,100.0,DIFF
matches,DIFF_percentageThreePointersAttempted_usage,float64,0,100.0,DIFF
matches,DIFF_percentageFreeThrowsMade_usage,float64,0,100.0,DIFF
matches,DIFF_percentageFreeThrowsAttempted_usage,float64,0,100.0,DIFF
matches,DIFF_percentageReboundsOffensive_usage,float64,0,100.0,DIFF
matches,DIFF_percentageReboundsDefensive_usage,float64,0,100.0,DIFF
matches,DIFF_percentageReboundsTotal_usage,float64,0,100.0,DIFF
matches,DIFF_percentageAssists_usage,float64,0,100.0,DIFF
matches,DIFF_percentageTurnovers_usage,float64,0,100.0,DIFF
matches,DIFF_percentageSteals_usage,float64,0,100.0,DIFF
matches,DIFF_percentageBlocks_usage,float64,0,100.0,DIFF
matches,DIFF_percentageBlocksAllowed_usage,float64,0,100.0,DIFF
matches,DIFF_percentagePersonalFouls_usage,float64,0,100.0,DIFF
matches,DIFF_percentagePersonalFoulsDrawn_usage,float64,0,100.0,DIFF
matches,DIFF_percentagePoints_usage,float64,0,100.0,DIFF
matches,DIFF_plusMinusPoints_traditional,float64,0,100.0,DIFF
matches,DIFF_player_perf_score_mean,float64,0,100.0,DIFF
matches,DIFF_player_perf_score_sum,float64,0,100.0,DIFF
matches,DIFF_num_present,float64,0,100.0,DIFF
matches,DIFF_num_absent,float64,0,100.0,DIFF
matches,DIFF_num_injured,float64,0,100.0,DIFF
matches,DIFF_num_suspended,float64,0,100.0,DIFF
matches,DIFF_num_resting,float64,0,100.0,DIFF
matches,DIFF_num_personal,float64,0,100.0,DIFF
matches,DIFF_num_absent_other,float64,0,100.0,DIFF
matches,DIFF_top_player_count,float64,0,100.0,DIFF
matches,DIFF_top_player_absent,float64,0,100.0,DIFF
matches,DIFF_top_player_injured,float64,0,100.0,DIFF
matches,DIFF_top_player_resting,float64,0,100.0,DIFF
matches,DIFF_top_player_suspended,float64,0,100.0,DIFF
matches,DIFF_top_player_personal,float64,0,100.0,DIFF
matches,DIFF_top_player_absent_other,float64,0,100.0,DIFF
matches,DIFF_top_player_absent_rate,float64,0,100.0,DIFF
matches,DIFF_top_player_injury_rate,float64,0,100.0,DIFF
matches,DIFF_top_player_resting_rate,float64,0,100.0,DIFF
matches,DIFF_top_player_suspension_rate,float64,0,100.0,DIFF
matches,DIFF_top_player_personal_rate,float64,0,100.0,DIFF
matches,DIFF_top_player_absent_other_rate,float64,0,100.0,DIFF
matches,DIFF_has_top_absent,float64,0,100.0,DIFF
matches,DIFF_has_absent,float64,0,100.0,DIFF
matches,DIFF_ODDS,float64,0,100.0,DIFF
