date,game_id,team,odds,prob,ev,stake,won,gain,bankroll
2022-10-24,22200048.0,utah jazz,1.68,0.6883407531018787,0.15641246521115626,20.0,0,-20.0,980.0
2022-10-24,22200049.0,memphis grizzlies,1.8,0.6951245565432876,0.2512242017779178,19.6,1,15.680000000000001,995.68
2022-10-28,22200077.0,san antonio spurs,2.35,0.6170995918642228,0.4501840408809237,19.9136,1,26.88336,1022.56336
2022-10-31,22200096.0,charlotte hornets,2.25,0.7322579519235113,0.6475803918279004,20.4512672,0,-20.4512672,1002.1120928
2022-11-01,22200106.0,phoenix suns,1.54,0.7643276886567464,0.17706464053138937,20.042241856,1,10.82281060224,1012.93490340224
2022-11-04,22200126.0,san antonio spurs,2.25,0.5308548889926594,0.19442350023348376,20.2586980680448,0,-20.2586980680448,992.6762053341952
2022-11-04,22200131.0,utah jazz,2.23,0.6145566873124192,0.37046141270669475,19.853524106683903,1,24.4198346512212,1017.0960399854164
2022-11-05,22200133.0,charlotte hornets,2.26,0.5861418083062879,0.3246804867722106,20.34192079970833,0,-20.34192079970833,996.7541191857081
2022-11-05,22200136.0,milwaukee bucks,1.41,0.8244242736107636,0.16243822579117673,19.93508238371416,1,8.173383777322805,1004.9275029630309
2022-11-07,22200152.0,memphis grizzlies,2.23,0.6049532111905053,0.3490456609548267,20.098550059260617,0,-20.098550059260617,984.8289529037702
2022-11-09,22200167.0,phoenix suns,1.98,0.603589279144335,0.19510677270578336,19.696579058075404,1,19.302647476913897,1004.1316003806841
2022-11-09,22200168.0,milwaukee bucks,1.81,0.6900889947625237,0.24906108052016807,20.082632007613682,1,16.266931926167082,1020.3985323068512
2022-11-09,22200171.0,sacramento kings,2.38,0.504601397979165,0.20095132719041264,20.407970646137024,1,28.16299949166909,1048.5615317985203
2022-11-11,22200180.0,milwaukee bucks,1.97,0.6382997552019516,0.25745051774784455,20.971230635970407,0,-20.971230635970407,1027.5903011625498
2022-11-13,22200193.0,cleveland cavaliers,1.79,0.7070034685215677,0.26553620865360616,20.551806023250997,0,-20.551806023250997,1007.0384951392989
2022-11-15,22200208.0,utah jazz,1.49,0.7762984520036398,0.15668469348542335,20.14076990278598,0,-20.14076990278598,986.8977252365129
2022-11-16,22200216.0,milwaukee bucks,1.68,0.7344630114477756,0.23389785923226292,19.737954504730258,1,13.421809063216575,1000.3195342997294
2022-11-16,22200217.0,new orleans pelicans,1.73,0.6801537050212823,0.1766659096868184,20.00639068599459,1,14.604665200776049,1014.9241995005054
2022-11-16,22200219.0,denver nuggets,1.7,0.6917336923291343,0.17594727695952828,20.29848399001011,0,-20.29848399001011,994.6257155104953
2022-11-16,22200220.0,phoenix suns,2.04,0.7103403999664105,0.4490944159314776,19.892514310209908,1,20.688214882618304,1015.3139303931137
2022-11-19,22200237.0,philadelphia 76ers,2.18,0.6797659080394483,0.48188967952599726,20.306278607862275,0,-20.306278607862275,995.0076517852514
2022-11-19,22200238.0,utah jazz,2.32,0.5312793181037969,0.23256801800080873,19.900153035705028,1,26.268202007130633,1021.275853792382
2022-11-23,22200260.0,philadelphia 76ers,2.26,0.6145281078611046,0.38883352376609626,20.42551707584764,0,-20.42551707584764,1000.8503367165343
2022-11-23,22200266.0,toronto raptors,2.04,0.616495488406837,0.2576507963499475,20.01700673433069,0,-20.01700673433069,980.8333299822036
2022-11-25,22200273.0,philadelphia 76ers,1.9,0.6838587775311183,0.2993316773091248,19.616666599644073,1,17.654999939679666,998.4883299218833
2022-11-25,22200285.0,los angeles clippers,2.29,0.5636642717389508,0.29079118228219736,19.969766598437666,0,-19.969766598437666,978.5185633234456
2022-11-27,22200292.0,los angeles clippers,2.0,0.6602392620630079,0.32047852412601574,19.570371266468914,1,19.570371266468914,998.0889345899145
2022-11-27,22200297.0,philadelphia 76ers,1.83,0.6700224421275486,0.22614106909341403,19.96177869179829,1,16.568276314192584,1014.657210904107
2022-11-28,22200304.0,new orleans pelicans,1.42,0.8297741292678495,0.1782792635603463,20.29314421808214,1,8.523120571594498,1023.1803314757016
2022-11-28,22200306.0,utah jazz,1.69,0.7427794869743749,0.25529733298669344,20.463606629514032,0,-20.463606629514032,1002.7167248461875
2022-11-29,22200311.0,los angeles clippers,2.32,0.5061221994211743,0.17420350265712425,20.05433449692375,1,26.47172153593935,1029.1884463821268
2022-11-30,22200318.0,new orleans pelicans,2.06,0.6726727272787365,0.38570581819419725,20.583768927642538,1,21.818795063301092,1051.007241445428
2022-12-02,22200327.0,atlanta hawks,2.36,0.5537135582068758,0.306763997368227,21.02014482890856,1,28.587396967315637,1079.5946384127437
2022-12-02,22200335.0,utah jazz,1.55,0.7640933925921792,0.1843447585178779,21.591892768254876,1,11.875541022540183,1091.4701794352839
2022-12-03,22200338.0,los angeles clippers,2.19,0.5706110229747557,0.24963814031471498,21.829403588705677,0,-21.829403588705677,1069.6407758465782
2022-12-04,22200344.0,new orleans pelicans,1.72,0.6926032129477726,0.19127752627016892,21.392815516931563,1,15.402827172190724,1085.0436030187689
2022-12-04,22200350.0,sacramento kings,1.6,0.7324015437037295,0.17184246992596708,21.700872060375378,1,13.020523236225229,1098.064126254994
2022-12-05,22200355.0,boston celtics,1.91,0.6230462362167959,0.19001831117408008,21.961282525099882,1,19.98476709784089,1118.048893352835
2022-12-05,22200357.0,memphis grizzlies,2.5,0.6870678629364695,0.7176696573411738,22.3609778670567,1,33.54146680058505,1151.59036015342
2022-12-10,22200389.0,washington wizards,2.46,0.5552719346698501,0.36596895928783124,23.031807203068404,0,-23.031807203068404,1128.5585529503517
2022-12-10,22200391.0,dallas mavericks,2.42,0.5638406499939488,0.36449437298535603,22.571171059007035,0,-22.571171059007035,1105.9873818913447
2022-12-10,22200394.0,minnesota timberwolves,2.47,0.5067628968690034,0.25170435526643864,22.119747637826894,0,-22.119747637826894,1083.8676342535177
2022-12-17,22200442.0,milwaukee bucks,1.69,0.7188662620891837,0.2148839829307203,21.677352685070357,1,14.957373352698545,1098.8250076062163
2022-12-18,22200449.0,minnesota timberwolves,1.87,0.6734117018798499,0.2592798825153193,21.976500152124327,1,19.119555132348168,1117.9445627385644
2022-12-19,22200456.0,minnesota timberwolves,2.43,0.5887517905280171,0.43066685098308155,22.35889125477129,1,31.97321449432295,1149.9177772328874
2022-12-20,22200462.0,miami heat,1.72,0.7054350010030858,0.21334820172530744,22.99835554465775,0,-22.99835554465775,1126.9194216882297
2022-12-21,22200471.0,new york knicks,1.64,0.7870993965848717,0.29084301039918947,22.538388433764595,0,-22.538388433764595,1104.3810332544651
2022-12-21,22200473.0,minnesota timberwolves,1.98,0.6032985548647563,0.19453113863221727,22.087620665089304,0,-22.087620665089304,1082.2934125893757
2022-12-25,22200493.0,new york knicks,1.92,0.6237911409054133,0.19767899053839355,21.645868251787515,0,-21.645868251787515,1060.6475443375882
2022-12-26,22200502.0,new orleans pelicans,1.67,0.7490785770909777,0.25096122374193275,21.212950886751766,1,14.212677094123682,1074.8602214317118
2022-12-28,22200521.0,golden state warriors,2.24,0.6248665833218081,0.3997011466408502,21.497204428634237,1,26.65653349150646,1101.5167549232183
2022-12-30,22200536.0,golden state warriors,1.8,0.6494509052234816,0.169011629402267,22.030335098464366,1,17.624268078771493,1119.1410230019899
2023-01-01,22200548.0,milwaukee bucks,1.62,0.7406348072915555,0.19982838781231993,22.3828204600398,0,-22.3828204600398,1096.7582025419501
2023-01-02,22200551.0,los angeles lakers,1.93,0.6001518215372698,0.15829301556693065,21.935164050839003,1,20.399702567280272,1117.1579051092303
2023-01-02,22200558.0,golden state warriors,1.74,0.6611704308700191,0.15043654971383336,22.343158102184606,1,16.53393699561661,1133.691842104847
2023-01-04,22200571.0,minnesota timberwolves,1.91,0.6708547484292636,0.2813325694998934,22.67383684209694,1,20.633191526308213,1154.325033631155
2023-01-04,22200575.0,sacramento kings,1.74,0.6618555887213264,0.151628724375108,23.086500672623103,0,-23.086500672623103,1131.238532958532
2023-01-06,22200580.0,indiana pacers,1.75,0.6769040051424577,0.1845820089993011,22.62477065917064,1,16.96857799437798,1148.20711095291
2023-01-06,22200582.0,new york knicks,2.27,0.562648652108723,0.27721244028680103,22.9641422190582,1,29.164460618203915,1177.371571571114
2023-01-06,22200590.0,los angeles lakers,2.05,0.6076963695507994,0.24577755757913877,23.54743143142228,1,24.72480300299339,1202.0963745741074
2023-01-07,22200592.0,chicago bulls,1.98,0.586259291986844,0.1607933981339511,24.04192749148215,1,23.561088941652507,1225.65746351576
2023-01-08,22200600.0,memphis grizzlies,1.39,0.8418800722008702,0.17021330035920945,24.5131492703152,1,9.560128215422926,1235.217591731183
2023-01-10,22200611.0,miami heat,1.73,0.708749864565678,0.2261372656986229,24.704351834623658,1,18.03417683927527,1253.2517685704581
2023-01-13,22200633.0,indiana pacers,2.16,0.5957530404916113,0.2868265674618804,25.065035371409163,0,-25.065035371409163,1228.186733199049
2023-01-13,22200639.0,denver nuggets,2.4,0.5463369944060844,0.3112087865746025,24.56373466398098,1,34.38922852957337,1262.5759617286224
2023-01-14,22200647.0,dallas mavericks,2.12,0.5704640893721316,0.20938386946891896,25.25151923457245,0,-25.25151923457245,1237.32444249405
2023-01-16,22200659.0,new york knicks,1.74,0.7214828694116335,0.25538019277624224,24.746488849880997,0,-24.746488849880997,1212.577953644169
2023-01-16,22200660.0,washington wizards,2.14,0.5703736387392814,0.22059958690206227,24.251559072883378,0,-24.251559072883378,1188.3263945712856
2023-01-17,22200665.0,milwaukee bucks,1.75,0.6712685883457011,0.1747200296049769,23.766527891425714,1,17.824895918569286,1206.151290489855
2023-01-17,22200666.0,brooklyn nets,1.64,0.7078585387353363,0.16088800352595145,24.1230258097971,0,-24.1230258097971,1182.0282646800579
2023-01-18,22200673.0,new orleans pelicans,2.21,0.6276759372600816,0.38716382134478033,23.640565293601156,0,-23.640565293601156,1158.3876993864567
2023-01-19,22200680.0,minnesota timberwolves,2.35,0.670706821908816,0.5761610314857177,23.167753987729135,1,31.276467883434336,1189.664167269891
2023-01-23,22200712.0,memphis grizzlies,2.2,0.5855268854831478,0.2881591480629253,23.79328334539782,0,-23.79328334539782,1165.8708839244932
2023-01-24,22200719.0,los angeles lakers,2.32,0.6200764032646989,0.43857725557410143,23.317417678489864,0,-23.317417678489864,1142.5534662460034
2023-01-25,22200725.0,oklahoma city thunder,1.87,0.633115866583653,0.1839266705114313,22.85106932492007,0,-22.85106932492007,1119.7023969210834
2023-01-25,22200728.0,sacramento kings,1.61,0.7262706127245128,0.16929568648646565,22.394047938421668,0,-22.394047938421668,1097.3083489826618
2023-01-30,22200759.0,oklahoma city thunder,2.5,0.6145429976734686,0.5363574941836715,21.946166979653235,0,-21.946166979653235,1075.3621820030085
2023-01-30,22200762.0,phoenix suns,1.7,0.7097929526760688,0.206648019549317,21.50724364006017,1,15.055070548042119,1090.4172525510505
2023-01-31,22200766.0,chicago bulls,2.14,0.6132331362722621,0.3123189116226408,21.80834505102101,0,-21.80834505102101,1068.6089075000295
2023-02-01,22200774.0,minnesota timberwolves,2.47,0.5716456960868164,0.41196486933443643,21.37217815000059,1,31.41710188050087,1100.0260093805305
2023-02-01,22200777.0,phoenix suns,1.75,0.7020390029996774,0.22856825524943547,22.00052018761061,0,-22.00052018761061,1078.0254891929198
2023-02-04,22200793.0,brooklyn nets,1.83,0.6779172376226424,0.24058854484943581,21.560509783858397,1,17.89522312060247,1095.9207123135222
2023-02-04,22200795.0,new york knicks,2.06,0.5993684075498387,0.23469891955266764,21.918414246270444,0,-21.918414246270444,1074.0022980672518
2023-02-05,22200805.0,memphis grizzlies,1.73,0.7511093702751351,0.29941921057598386,21.480045961345038,0,-21.480045961345038,1052.5222521059068
2023-02-08,22200823.0,washington wizards,1.57,0.7636376647739148,0.1989111336950462,21.050445042118135,1,11.998753674007338,1064.521005779914
2023-02-09,22200833.0,brooklyn nets,2.02,0.6451954117818482,0.30329473179933353,21.29042011559828,1,21.716228517910245,1086.2372342978242
2023-02-15,22200874.0,chicago bulls,2.07,0.5692964004124839,0.1784435488538414,21.724744685956484,0,-21.724744685956484,1064.5124896118677
2023-02-26,22200912.0,washington wizards,2.48,0.5077431018483377,0.2592028925838774,21.290249792237354,0,-21.290249792237354,1043.2222398196304
2023-02-26,22200915.0,oklahoma city thunder,2.23,0.6458585867134012,0.44026464837088475,20.864444796392608,0,-20.864444796392608,1022.3577950232378
2023-02-28,22200928.0,oklahoma city thunder,2.03,0.5939263417040952,0.20567047365931312,20.447155900464757,0,-20.447155900464757,1001.9106391227731
2023-03-02,22200942.0,washington wizards,1.97,0.6174681630365362,0.2164122811819762,20.038212782455464,1,19.4370663989818,1021.3477055217548
2023-03-02,22200943.0,philadelphia 76ers,2.09,0.6192894861242378,0.294315025999657,20.426954110435098,0,-20.426954110435098,1000.9207514113198
2023-03-02,22200945.0,golden state warriors,2.07,0.6123682116365448,0.2676021980876475,20.018415028226396,1,21.41970408020224,1022.340455491522
2023-03-03,22200955.0,los angeles lakers,1.89,0.6191509102030097,0.17019522028368828,20.44680910983044,0,-20.44680910983044,1001.8936463816915
2023-03-04,22200956.0,washington wizards,2.01,0.6138619634166735,0.2338625464675137,20.03787292763383,0,-20.03787292763383,981.8557734540576
2023-03-05,22200962.0,dallas mavericks,1.98,0.5968452510436664,0.18175359706645944,19.637115469081152,0,-19.637115469081152,962.2186579849765
2023-03-07,22200980.0,philadelphia 76ers,2.14,0.5453597243049948,0.16706981001268884,19.24437315969953,1,21.93858540205747,984.157243387034
2023-03-07,22200982.0,oklahoma city thunder,2.29,0.5697501681067245,0.30472788496439907,19.68314486774068,1,25.391256879385477,1009.5485002664194
2023-03-08,22200985.0,washington wizards,2.08,0.5972967989440362,0.24237734180359527,20.19097000532839,0,-20.19097000532839,989.357530261091
2023-03-09,22200996.0,memphis grizzlies,2.05,0.7175070814773148,0.47088951702849524,19.78715060522182,1,20.77650813548291,1010.1340383965739
2023-03-10,22200999.0,washington wizards,1.89,0.6146849431685855,0.16175454258862643,20.20268076793148,0,-20.20268076793148,989.9313576286424
2023-03-10,22201003.0,los angeles lakers,2.03,0.6454784383822088,0.31032122991588373,19.79862715257285,1,20.39258596715003,1010.3239435957925
2023-03-11,22201012.0,milwaukee bucks,2.18,0.5998129007999858,0.30759212374396916,20.20647887191585,0,-20.20647887191585,990.1174647238767
2023-03-13,22201023.0,dallas mavericks,2.27,0.5140863545842536,0.16697602490625552,19.802349294477533,0,-19.802349294477533,970.3151154293992
2023-03-18,22201061.0,memphis grizzlies,1.89,0.726508493090283,0.3731010519406348,19.406302308587982,1,17.271609054643303,987.5867244840424
2023-03-24,22201103.0,philadelphia 76ers,2.31,0.6244509512814637,0.44248169746018107,19.75173448968085,0,-19.75173448968085,967.8349899943615
2023-03-29,22201139.0,philadelphia 76ers,1.38,0.8463241959644322,0.16792739043091642,19.35669979988723,1,7.355545923957146,975.1905359183187
2023-03-29,22201140.0,chicago bulls,2.31,0.6045853883864829,0.39659224717277564,19.503810718366374,0,-19.503810718366374,955.6867251999523
2023-03-29,22201141.0,memphis grizzlies,1.7,0.7470007662155425,0.2699013025664221,19.113734503999048,0,-19.113734503999048,936.5729906959533
2023-03-30,22201147.0,denver nuggets,1.69,0.7605295286399236,0.2852949034014709,18.731459813919066,0,-18.731459813919066,917.8415308820342
2023-03-31,22201151.0,washington wizards,2.43,0.613632495120936,0.4911269631438746,18.356830617640686,0,-18.356830617640686,899.4847002643936
2023-04-01,22201161.0,miami heat,2.0,0.6808748707582545,0.36174974151650896,17.989694005287873,1,17.989694005287873,917.4743942696815
2023-04-01,22201162.0,los angeles clippers,2.26,0.5168090687643507,0.16798849540743244,18.349487885393632,0,-18.349487885393632,899.1249063842879
2023-04-02,22201175.0,denver nuggets,2.27,0.6385013380253186,0.4493980373174733,17.98249812768576,1,22.837772622160912,921.9626790064488
2023-04-04,22201180.0,brooklyn nets,2.21,0.651446911418637,0.4396976742351877,18.439253580128977,0,-18.439253580128977,903.5234254263198
2023-04-05,22201192.0,boston celtics,1.83,0.7373404213293354,0.3493329710326838,18.070468508526396,1,14.99848886207691,918.5219142883967
2023-04-06,22201198.0,philadelphia 76ers,1.68,0.704260893735243,0.18315830147520828,18.370438285767936,0,-18.370438285767936,900.1514760026288
2023-04-07,22201202.0,charlotte hornets,2.47,0.6043040373535039,0.4926309722631548,18.003029520052575,0,-18.003029520052575,882.1484464825762
2023-04-07,22201206.0,boston celtics,1.96,0.7297337403853402,0.4302781311552668,17.642968929651524,1,16.93725017246546,899.0856966550417
2023-04-09,22201222.0,washington wizards,2.29,0.7343050836174234,0.6815586414838997,17.981713933100835,0,-17.981713933100835,881.1039827219408
2023-04-09,22201224.0,dallas mavericks,1.5,0.8012524469358514,0.20187867040377716,17.622079654438817,0,-17.622079654438817,863.481903067502
2023-04-09,22201226.0,memphis grizzlies,2.0,0.610890864920563,0.22178172984112599,17.26963806135004,0,-17.26963806135004,846.2122650061519
2023-04-09,22201227.0,denver nuggets,2.48,0.6158416655881171,0.5272873306585306,16.92424530012304,1,25.0478830441821,871.260148050334
2023-04-19,42200152.0,memphis grizzlies,1.9,0.6283553915817238,0.19387524400527512,17.42520296100668,1,15.68268266490601,886.94283071524
2023-11-14,22300024.0,denver nuggets,1.46,0.8365566601666541,0.22137272384331497,20.0,1,9.2,1009.2
2023-10-25,22300065.0,new york knicks,2.28,0.6168287041947683,0.4063694455640716,20.184,0,-20.184,989.0160000000001
2023-10-25,22300069.0,toronto raptors,1.78,0.6816926094714458,0.21341284485917367,19.780320000000003,1,15.428649600000004,1004.4446496
2023-10-25,22300071.0,memphis grizzlies,1.77,0.6850584797582383,0.21255350917208182,20.088892992,0,-20.088892992,984.3557566080001
2023-10-28,22300091.0,cleveland cavaliers,2.23,0.7210322434136973,0.607901902812545,19.687115132160002,0,-19.687115132160002,964.6686414758401
2023-10-28,22300092.0,toronto raptors,2.46,0.5633103036489752,0.38574334697647883,19.2933728295168,0,-19.2933728295168,945.3752686463233
2023-10-30,22300106.0,memphis grizzlies,1.7,0.6957721594691832,0.18281267109761146,18.907505372926465,0,-18.907505372926465,926.4677632733968
2023-10-31,22300112.0,cleveland cavaliers,1.94,0.6240093581057208,0.21057815472509822,18.529355265467938,0,-18.529355265467938,907.9384080079288
2023-11-06,22300154.0,minnesota timberwolves,2.16,0.6209661562463346,0.34128689749208263,18.158768160158576,1,21.064171065783952,929.0025790737128
2023-11-06,22300154.0,boston celtics,1.56,0.7372985421747236,0.15018572579256873,18.580051581474258,0,-18.580051581474258,910.4225274922386
2023-11-08,22300159.0,philadelphia 76ers,2.03,0.6960505944639513,0.41298270676182103,18.208450549844773,1,18.754704066340114,929.1772315585787
2023-11-08,22300163.0,houston rockets,2.08,0.6035883719908071,0.2554638137408787,18.583544631171574,1,20.0702282016653,949.2474597602439
2023-11-08,22300167.0,oklahoma city thunder,1.96,0.6916013963433227,0.3555387368329126,18.98494919520488,1,18.225551227396686,967.4730109876406
2023-11-15,22300194.0,philadelphia 76ers,1.83,0.672571803810382,0.2308064009729991,19.34946021975281,0,-19.34946021975281,948.1235507678878
2023-11-18,22300205.0,milwaukee bucks,1.68,0.6944268739953501,0.166637148312188,18.962471015357757,1,12.894480290443273,961.0180310583311
2023-11-18,22300207.0,oklahoma city thunder,1.98,0.6043152291420748,0.19654415370130818,19.220360621166623,1,18.83595340874329,979.8539844670744
2023-11-22,22300238.0,los angeles lakers,1.87,0.6316950024108462,0.18126965450828236,19.597079689341488,0,-19.597079689341488,960.2569047777329
2023-11-25,22300239.0,oklahoma city thunder,1.88,0.7270046480877288,0.3667687384049301,19.20513809555466,0,-19.20513809555466,941.0517666821783
2023-11-29,22300262.0,philadelphia 76ers,2.09,0.6497488158182244,0.3579750250600888,18.821035333643565,0,-18.821035333643565,922.2307313485347
2024-01-07,22300499.0,orlando magic,2.02,0.6165092934528315,0.24534877277471945,18.444614626970694,1,18.813506919510107,941.0442382680449
2024-01-19,22300588.0,new orleans pelicans,1.66,0.7130312254763611,0.18363183429075947,18.820884765360898,0,-18.820884765360898,922.223353502684
2024-01-25,22300631.0,new york knicks,2.05,0.6027490096444201,0.2356354697710612,18.44446707005368,1,19.36669042355636,941.5900439262404
2024-01-26,22300636.0,indiana pacers,2.48,0.5292503901745373,0.31254096763285255,18.831800878524806,1,27.871065300216713,969.4611092264571
2024-01-27,22300643.0,new york knicks,1.49,0.774341545401635,0.15376890264843612,19.389222184529142,1,9.500718870419279,978.9618280968764
2024-01-29,22300658.0,cleveland cavaliers,1.93,0.6390513987487757,0.23336919958513702,19.579236561937527,1,18.208690002601898,997.1705180994783
2024-01-30,22300671.0,new york knicks,1.62,0.7839051689657831,0.26992637372456874,19.943410361989567,1,12.364914424433534,1009.5354325239118
2024-02-01,22300685.0,new york knicks,1.74,0.7973343795004209,0.3873618203307323,20.190708650478236,1,14.941124401353894,1024.4765569252656
2024-02-03,22300698.0,philadelphia 76ers,1.72,0.7242894159674502,0.24577779546401435,20.489531138505313,0,-20.489531138505313,1003.9870257867603
2024-02-03,22300701.0,new york knicks,1.63,0.7755083215084966,0.26407856405884944,20.079740515735207,0,-20.079740515735207,983.9072852710251
2024-02-05,22300715.0,philadelphia 76ers,2.08,0.6848029754765439,0.4243901889912114,19.6781457054205,0,-19.6781457054205,964.2291395656046
2024-02-05,22300717.0,brooklyn nets,1.85,0.6310876704437413,0.16751219032092135,19.28458279131209,0,-19.28458279131209,944.9445567742924
2024-02-06,22300720.0,brooklyn nets,2.17,0.5683983037000861,0.23342431902918692,18.89889113548585,0,-18.89889113548585,926.0456656388066
2024-02-07,22300727.0,philadelphia 76ers,2.17,0.6810279507889968,0.47783065321212304,18.52091331277613,0,-18.52091331277613,907.5247523260305
2024-02-09,22300742.0,philadelphia 76ers,2.23,0.648729779026569,0.4466674072292489,18.15049504652061,0,-18.15049504652061,889.3742572795098
2024-02-10,22300755.0,new york knicks,2.18,0.7637140497793797,0.6648966285190478,17.787485145590196,0,-17.787485145590196,871.5867721339197
2024-02-12,22300765.0,new york knicks,1.83,0.6601720379240736,0.20811482940105486,17.431735442678395,0,-17.431735442678395,854.1550366912413
2024-02-14,22300778.0,new york knicks,2.2,0.5763513359685722,0.26797293913085896,17.08310073382483,0,-17.08310073382483,837.0719359574165
2024-02-26,22300830.0,memphis grizzlies,1.98,0.630308709459798,0.24801124473039993,16.74143871914833,0,-16.74143871914833,820.3304972382682
2024-02-28,22300848.0,los angeles clippers,1.7,0.6766154454429218,0.15024625725296703,16.406609944765364,0,-16.406609944765364,803.9238872935028
2024-02-29,22300852.0,new york knicks,2.22,0.6182192775003595,0.3724467960507982,16.078477745870057,0,-16.078477745870057,787.8454095476328
2024-03-01,22300861.0,memphis grizzlies,1.77,0.6796774226820782,0.20302903814727835,15.756908190952657,0,-15.756908190952657,772.0885013566801
2024-03-04,22300880.0,milwaukee bucks,2.05,0.7044398569013947,0.444101706647859,15.441770027133602,1,16.21385852849028,788.3023598851704
2024-03-05,22300889.0,new york knicks,1.7,0.7054954345972206,0.19934223881527502,15.766047197703408,0,-15.766047197703408,772.536312687467
2024-03-06,22300895.0,cleveland cavaliers,2.1,0.5865167055031376,0.23168508155658896,15.45072625374934,0,-15.45072625374934,757.0855864337176
2024-03-06,22300898.0,utah jazz,2.28,0.5429580281800643,0.23794430425054647,15.141711728674352,0,-15.141711728674352,741.9438747050433
2024-03-08,22300911.0,cleveland cavaliers,1.73,0.6770770175779111,0.1713432404097861,14.838877494100867,1,10.832380570693633,752.776255275737
2024-03-10,22300928.0,orlando magic,1.89,0.6840744943823606,0.29290079438266137,15.05552510551474,0,-15.05552510551474,737.7207301702222
2024-03-11,22300935.0,chicago bulls,2.23,0.5207809544973669,0.1613415285291282,14.754414603404443,0,-14.754414603404443,722.9663155668177
2024-03-12,22300940.0,memphis grizzlies,2.01,0.7248844498139163,0.45701774412597174,14.459326311336355,1,14.603919574449716,737.5702351412674
2024-03-13,22300946.0,toronto raptors,2.17,0.5658745351162485,0.22794774120225925,14.751404702825349,0,-14.751404702825349,722.8188304384421
2024-03-13,22300950.0,memphis grizzlies,2.05,0.7019530361583654,0.43900372412464894,14.456376608768842,0,-14.456376608768842,708.3624538296732
2024-03-13,22300954.0,sacramento kings,2.03,0.6309745024525182,0.28087823997861183,14.167249076593464,1,14.592266548891265,722.9547203785645
2024-03-17,22300976.0,milwaukee bucks,2.1,0.6636168844862377,0.39359545742109914,14.45909440757129,1,15.905003848328422,738.8597242268929
2024-03-20,22300996.0,cleveland cavaliers,1.63,0.7562499247109109,0.23268737727878475,14.777194484537858,0,-14.777194484537858,724.0825297423551
2024-03-24,22301031.0,minnesota timberwolves,1.63,0.7326948034663724,0.19429252965018695,14.481650594847101,1,9.123439874753672,733.2059696171087
2024-03-26,22301046.0,new orleans pelicans,1.86,0.6545804571251537,0.21751965025278586,14.664119392342174,0,-14.664119392342174,718.5418502247666
2024-03-28,22301061.0,new orleans pelicans,1.98,0.6743388844875319,0.33519099128531304,14.370837004495332,1,14.083420264405426,732.625270489172
2024-03-29,22301064.0,orlando magic,1.9,0.6412372882079845,0.21835084759517054,14.652505409783439,0,-14.652505409783439,717.9727650793885
2024-03-29,22301069.0,oklahoma city thunder,1.93,0.6868891525083517,0.32569606434111864,14.35945530158777,1,13.354293430476625,731.3270585098652
2024-03-31,22301082.0,new york knicks,1.93,0.6801712423316462,0.3127304977000771,14.626541170197305,0,-14.626541170197305,716.7005173396678
2024-04-01,22301092.0,new orleans pelicans,1.71,0.7018676060167667,0.2001936062886709,14.334010346793358,0,-14.334010346793358,702.3665069928745
2024-04-02,22301093.0,oklahoma city thunder,2.07,0.6277297808625654,0.2994006463855101,14.047330139857491,0,-14.047330139857491,688.319176853017
2024-04-05,22301097.0,dallas mavericks,1.79,0.6481429206412336,0.16017582794780805,13.76638353706034,1,10.87544299427767,699.1946198472947
2024-04-04,22301111.0,miami heat,1.59,0.7556317051411203,0.20145441117438145,13.983892396945894,0,-13.983892396945894,685.2107274503488
2024-04-05,22301121.0,memphis grizzlies,1.76,0.6575427074009537,0.1572751650256785,13.704214549006977,1,10.415203057245304,695.6259305075941
2024-04-07,22301139.0,new york knicks,2.29,0.5569632847565569,0.27544592209251517,13.912518610151883,1,17.94714900709593,713.5730795146901
2024-04-09,22301147.0,atlanta hawks,2.16,0.6201468022979676,0.33951709296361,14.271461590293802,0,-14.271461590293802,699.3016179243963
2024-04-09,22301148.0,boston celtics,2.19,0.7771926075063886,0.702051810438991,13.986032358487925,0,-13.986032358487925,685.3155855659083
2024-04-10,22301162.0,milwaukee bucks,1.96,0.6472148521291224,0.2685411101730799,13.706311711318167,1,13.15805924286544,698.4736448087738
2024-04-11,22301167.0,boston celtics,1.58,0.8064342394139413,0.27416609827402727,13.969472896175475,0,-13.969472896175475,684.5041719125983
2024-04-11,22301170.0,sacramento kings,1.71,0.6946838242344638,0.18790933944093324,13.690083438251966,0,-13.690083438251966,670.8140884743464
2024-04-12,22301172.0,chicago bulls,1.94,0.674457521795828,0.3084475922839063,13.416281769486927,1,12.611304863317711,683.4253933376641
2024-04-12,22301173.0,boston celtics,1.32,0.9322948080683051,0.23062914665016288,13.668507866753282,1,4.373922517361051,687.7993158550252
2024-04-12,22301185.0,sacramento kings,2.36,0.6216978398179926,0.46720690197046255,13.755986317100504,0,-13.755986317100504,674.0433295379247
2024-04-14,22301194.0,minnesota timberwolves,1.66,0.7230188123916551,0.2002112285701474,13.480866590758495,0,-13.480866590758495,660.5624629471662
2024-04-14,22301199.0,los angeles clippers,2.28,0.7164900942637082,0.6335974149212547,13.211249258943324,0,-13.211249258943324,647.3512136882229
2024-04-21,42300121.0,milwaukee bucks,1.86,0.6457687589309078,0.20112989161148853,12.947024273764457,1,11.134440875437434,658.4856545636603
2024-04-23,42300122.0,milwaukee bucks,1.75,0.6739282396982635,0.1793744194719613,13.169713091273207,0,-13.169713091273207,645.3159414723871
2024-04-20,42300161.0,minnesota timberwolves,1.67,0.7117830507386617,0.18867769473356488,12.906318829447741,1,8.647233615729986,653.963175088117
2024-04-23,42300162.0,minnesota timberwolves,1.6,0.7489218135499897,0.1982749016799834,13.079263501762341,1,7.847558101057406,661.8107331891745
2024-04-21,42300171.0,los angeles clippers,2.25,0.5743817987293749,0.2923590471410935,13.236214663783489,1,16.54526832972936,678.3560015189038
2024-05-01,42300175.0,los angeles clippers,2.07,0.6247500441446256,0.29323259137937496,13.567120030378076,0,-13.567120030378076,664.7888814885257
2024-05-14,42300215.0,new york knicks,1.76,0.7169469199683879,0.2618265791443626,13.295777629770514,1,10.10479099862559,674.8936724871513
2024-05-19,42300217.0,new york knicks,1.6,0.7230399200765848,0.15686387212253572,13.497873449743027,0,-13.497873449743027,661.3957990374083
2024-05-11,42300223.0,oklahoma city thunder,1.97,0.6171165369804968,0.2157195778515788,13.227915980748167,0,-13.227915980748167,648.1678830566601
2024-04-16,52300131.0,sacramento kings,2.08,0.6566671892742606,0.365867753690462,12.963357661133202,1,14.000426274023859,662.168309330684
2024-04-19,52300211.0,new orleans pelicans,1.78,0.6707100645837033,0.1938639149589918,13.243366186613681,1,10.329825625558671,672.4981349562427
