date,home_team,away_team,home_score,away_score,home_odds,away_odds
2012-06-22,Miami Heat,Oklahoma City Thunder,,121,1.50,2.07
2012-06-20,Miami Heat,Oklahoma City Thunder,,104,1.47,2.16
2012-06-18,Miami Heat,Oklahoma City Thunder,,91,1.39,2.36
2012-06-15,Oklahoma City Thunder,Miami Heat,96,100,1.34,2.51
2012-06-13,Oklahoma City Thunder,Miami Heat,,105,1.31,2.66
2012-06-10,Miami Heat,Boston Celtics,,101,1.13,3.78
2012-06-08,Boston Celtics,Miami Heat,79,98,1.92,1.60
2012-06-07,Oklahoma City Thunder,San Antonio Spurs,,107,1.35,2.48
2012-06-06,Miami Heat,Boston Celtics,90,94,1.13,3.73
2012-06-05,San Antonio Spurs,Oklahoma City Thunder,103,108,1.32,2.55
2012-06-04,Boston Celtics,Miami Heat,,93,1.90,1.61
2012-06-03,Oklahoma City Thunder,San Antonio Spurs,,109,1.41,2.28
2012-06-02,Boston Celtics,Miami Heat,,101,1.56,2.00
2012-06-01,Oklahoma City Thunder,San Antonio Spurs,,102,1.40,2.43
2012-05-31,Miami Heat,Boston Celtics,,115,1.13,3.73
2012-05-30,San Antonio Spurs,Oklahoma City Thunder,,120,1.34,2.49
2012-05-29,Miami Heat,Boston Celtics,,93,1.12,3.88
2012-05-28,San Antonio Spurs,Oklahoma City Thunder,,101,1.30,2.75
2012-05-27,Boston Celtics,Philadelphia 76ers,,85,1.22,3.00
2012-05-25,Indiana Pacers,Miami Heat,93,105,1.99,1.53
2012-05-24,Philadelphia 76ers,Boston Celtics,76,82,1.69,1.79
2012-05-23,Miami Heat,Indiana Pacers,,115,1.18,3.35
2012-05-22,Oklahoma City Thunder,Los Angeles Lakers,,106,1.17,3.50
2012-05-22,Boston Celtics,Philadelphia 76ers,,101,1.29,2.73
2012-05-21,Los Angeles Clippers,San Antonio Spurs,99,102,3.38,1.19
2012-05-20,Indiana Pacers,Miami Heat,93,101,1.92,1.58
2012-05-20,Los Angeles Lakers,Oklahoma City Thunder,100,103,1.86,1.67
2012-05-19,Los Angeles Clippers,San Antonio Spurs,86,96,2.59,1.33
2012-05-19,Los Angeles Lakers,Oklahoma City Thunder,,99,1.55,2.01
2012-05-19,Philadelphia 76ers,Boston Celtics,76,92,1.58,1.91
2012-05-18,San Antonio Spurs,Los Angeles Clippers,,105,1.04,5.75
2012-05-18,Indiana Pacers,Miami Heat,,94,1.97,1.54
2012-05-17,Oklahoma City Thunder,Los Angeles Lakers,,77,1.12,4.00
2012-05-17,Philadelphia 76ers,Boston Celtics,91,107,1.58,1.91
2012-05-16,San Antonio Spurs,Los Angeles Clippers,,108,1.03,5.75
2012-05-16,Miami Heat,Indiana Pacers,75,78,1.21,3.08
2012-05-15,Oklahoma City Thunder,Los Angeles Lakers,,119,1.14,3.53
2012-05-15,Boston Celtics,Philadelphia 76ers,81,82,1.33,2.53
2012-05-13,Miami Heat,Indiana Pacers,,95,1.12,3.88
2012-05-13,Memphis Grizzlies,Los Angeles Clippers,72,82,1.18,3.48
2012-05-13,Los Angeles Lakers,Denver Nuggets,,96,1.27,2.90
2012-05-13,Boston Celtics,Philadelphia 76ers,,92,1.26,2.80
2012-05-12,Los Angeles Clippers,Memphis Grizzlies,88,90,1.90,1.63
2012-05-11,Denver Nuggets,Los Angeles Lakers,,113,1.57,1.99
2012-05-11,Boston Celtics,Atlanta Hawks,,83,1.17,3.37
2012-05-11,Philadelphia 76ers,Chicago Bulls,76,79,1.46,2.15
2012-05-10,Memphis Grizzlies,Los Angeles Clippers,,92,1.24,2.98
2012-05-10,Miami Heat,New York Knicks,,106,1.02,6.17
2012-05-09,Los Angeles Lakers,Denver Nuggets,99,102,1.25,2.85
2012-05-09,Chicago Bulls,Philadelphia 76ers,,77,1.32,2.52
2012-05-09,Atlanta Hawks,Boston Celtics,,87,1.65,1.83
2012-05-09,Indiana Pacers,Orlando Magic,,105,1.06,4.95
2012-05-08,Los Angeles Clippers,Memphis Grizzlies,,101,1.65,1.83
2012-05-08,Utah Jazz,San Antonio Spurs,81,87,3.35,1.18
2012-05-07,Denver Nuggets,Los Angeles Lakers,88,92,1.57,1.93
2012-05-07,Boston Celtics,Atlanta Hawks,,101,1.27,2.75
2012-05-06,New York Knicks,Miami Heat,,89,3.83,1.14
2012-05-06,Philadelphia 76ers,Chicago Bulls,76,89,1.48,2.07
2012-05-06,Utah Jazz,San Antonio Spurs,90,102,2.72,1.28
2012-05-06,Dallas Mavericks,Oklahoma City Thunder,97,103,1.96,1.59
2012-05-05,Los Angeles Clippers,Memphis Grizzlies,,87,1.50,2.10
2012-05-05,Orlando Magic,Indiana Pacers,99,101,2.53,1.32
2012-05-05,Denver Nuggets,Los Angeles Lakers,,99,1.49,2.13
2012-05-05,Philadelphia 76ers,Chicago Bulls,76,79,1.79,1.69
2012-05-05,Boston Celtics,Atlanta Hawks,,90,1.13,3.60
2012-05-04,Dallas Mavericks,Oklahoma City Thunder,79,95,1.48,2.09
2012-05-04,New York Knicks,Miami Heat,70,87,2.63,1.30
2012-05-03,Memphis Grizzlies,Los Angeles Clippers,,105,1.21,3.08
2012-05-03,Orlando Magic,Indiana Pacers,74,97,2.09,1.48
2012-05-03,San Antonio Spurs,Utah Jazz,,114,1.01,7.38
2012-05-02,Los Angeles Lakers,Denver Nuggets,,104,1.28,2.72
2012-05-02,Chicago Bulls,Philadelphia 76ers,92,109,1.22,3.02
2012-05-02,Atlanta Hawks,Boston Celtics,80,87,1.35,2.40
2012-05-01,Oklahoma City Thunder,Dallas Mavericks,,102,1.24,2.92
2012-05-01,Indiana Pacers,Orlando Magic,,93,1.09,4.33
2012-05-01,Miami Heat,New York Knicks,,104,1.05,4.98
2012-04-30,Memphis Grizzlies,Los Angeles Clippers,98,99,1.30,2.60
2012-04-30,Atlanta Hawks,Boston Celtics,,83,1.68,1.80
2012-04-29,Los Angeles Lakers,Denver Nuggets,,103,1.34,2.44
2012-04-29,San Antonio Spurs,Utah Jazz,,106,1.02,6.00
2012-04-29,Oklahoma City Thunder,Dallas Mavericks,,99,1.15,3.47
2012-04-29,Indiana Pacers,Orlando Magic,77,81,1.08,4.60
2012-04-28,Miami Heat,New York Knicks,,100,1.09,4.37
2012-04-28,Chicago Bulls,Philadelphia 76ers,,103,1.09,4.28
2012-04-27,Golden State Warriors,San Antonio Spurs,101,107,2.68,1.29
2012-04-27,Sacramento Kings,Los Angeles Lakers,,113,1.28,2.68
2012-04-27,Atlanta Hawks,Dallas Mavericks,,106,1.34,2.44
2012-04-27,Boston Celtics,Milwaukee Bucks,,87,1.11,4.02
2012-04-27,Charlotte Hornets,New York Knicks,84,104,2.53,1.32
2012-04-27,Chicago Bulls,Cleveland Cavaliers,,107,1.00,6.83
2012-04-27,Detroit Pistons,Philadelphia 76ers,,108,1.12,3.83
2012-04-27,Houston Rockets,New Orleans Pelicans,,84,1.31,2.55
2012-04-27,Memphis Grizzlies,Orlando Magic,,88,1.00,6.92
2012-04-27,Minnesota Timberwolves,Denver Nuggets,102,131,3.48,1.15
2012-04-27,Utah Jazz,Portland Trail Blazers,,96,1.21,3.07
2012-04-27,Washington Wizards,Miami Heat,,104,1.24,2.92
2012-04-27,Toronto Raptors,Brooklyn Nets,,98,1.20,3.28
2012-04-26,Phoenix Suns,San Antonio Spurs,106,110,1.57,1.93
2012-04-26,Milwaukee Bucks,Philadelphia 76ers,85,90,1.19,3.20
2012-04-26,New York Knicks,Los Angeles Clippers,,99,1.36,2.41
2012-04-26,Oklahoma City Thunder,Denver Nuggets,101,106,1.84,1.63
2012-04-26,Cleveland Cavaliers,Washington Wizards,85,96,1.97,1.54
2012-04-26,Indiana Pacers,Chicago Bulls,87,92,1.95,1.55
2012-04-26,Orlando Magic,Charlotte Hornets,,102,1.00,7.50
2012-04-25,Golden State Warriors,New Orleans Pelicans,81,83,1.96,1.54
2012-04-25,Utah Jazz,Phoenix Suns,,100,1.33,2.51
2012-04-25,Boston Celtics,Miami Heat,,78,1.22,3.03
2012-04-25,Oklahoma City Thunder,Sacramento Kings,,118,1.10,4.20
2012-04-25,Atlanta Hawks,Los Angeles Clippers,,109,1.67,1.81
2012-04-24,San Antonio Spurs,Portland Trail Blazers,,124,1.00,6.83
2012-04-24,Memphis Grizzlies,Cleveland Cavaliers,,109,1.01,6.50
2012-04-24,Milwaukee Bucks,Toronto Raptors,,92,1.07,4.68
2012-04-24,Brooklyn Nets,Philadelphia 76ers,87,105,4.22,1.10
2012-04-24,Indiana Pacers,Detroit Pistons,,103,1.20,3.15
2012-04-24,Washington Wizards,Charlotte Hornets,,101,1.06,4.75
2012-04-23,Los Angeles Clippers,New Orleans Pelicans,,107,1.07,4.95
2012-04-23,Denver Nuggets,Orlando Magic,,101,1.05,5.30
2012-04-23,Minnesota Timberwolves,Golden State Warriors,88,93,1.09,4.59
2012-04-23,San Antonio Spurs,Cleveland Cavaliers,,114,1.01,8.00
2012-04-23,Charlotte Hornets,Sacramento Kings,88,114,2.33,1.41
2012-04-23,Detroit Pistons,Toronto Raptors,,76,1.41,2.33
2012-04-23,Miami Heat,Houston Rockets,,97,1.33,2.57
2012-04-22,Los Angeles Lakers,Oklahoma City Thunder,,114,1.84,1.69
2012-04-22,Atlanta Hawks,New York Knicks,112,113,1.56,1.98
2012-04-22,Utah Jazz,Orlando Magic,,117,1.10,4.40
2012-04-22,Milwaukee Bucks,Brooklyn Nets,,106,1.07,4.92
2012-04-22,Chicago Bulls,Dallas Mavericks,,93,1.20,3.33
2012-04-22,Houston Rockets,Golden State Warriors,,99,1.01,8.38
2012-04-22,Memphis Grizzlies,Portland Trail Blazers,,93,1.01,6.88
2012-04-22,Miami Heat,Washington Wizards,84,86,1.09,4.58
2012-04-22,Indiana Pacers,Philadelphia 76ers,106,109,1.40,2.34
2012-04-21,Phoenix Suns,Denver Nuggets,107,118,1.39,2.38
2012-04-21,Sacramento Kings,Oklahoma City Thunder,92,103,5.17,1.06
2012-04-21,San Antonio Spurs,Los Angeles Lakers,,121,1.26,2.90
2012-04-21,Dallas Mavericks,Golden State Warriors,,104,1.01,7.13
2012-04-21,Cleveland Cavaliers,New York Knicks,,98,4.70,1.09
2012-04-21,Atlanta Hawks,Boston Celtics,,97,1.08,4.78
2012-04-21,Charlotte Hornets,Memphis Grizzlies,80,85,7.38,1.01
2012-04-20,Phoenix Suns,Los Angeles Clippers,,93,1.63,1.90
2012-04-20,Miami Heat,Chicago Bulls,,83,1.25,2.95
2012-04-20,New Orleans Pelicans,Houston Rockets,,105,2.70,1.31
2012-04-20,Detroit Pistons,Minnesota Timberwolves,80,91,1.34,2.55
2012-04-20,Indiana Pacers,Milwaukee Bucks,,118,1.30,2.75
2012-04-19,Golden State Warriors,Los Angeles Lakers,87,99,3.03,1.23
2012-04-19,Phoenix Suns,Oklahoma City Thunder,97,109,2.25,1.44
2012-04-19,Portland Trail Blazers,Utah Jazz,91,112,2.47,1.37
2012-04-19,Sacramento Kings,San Antonio Spurs,102,127,2.53,1.34
2012-04-19,Denver Nuggets,Los Angeles Clippers,98,104,1.52,2.08
2012-04-19,Dallas Mavericks,Houston Rockets,,117,1.38,2.40
2012-04-19,Boston Celtics,Orlando Magic,,102,1.38,2.40
2012-04-19,Memphis Grizzlies,New Orleans Pelicans,,103,1.08,4.83
2012-04-19,Atlanta Hawks,Detroit Pistons,,116,1.10,4.38
2012-04-19,Brooklyn Nets,New York Knicks,95,104,3.92,1.13
2012-04-19,Miami Heat,Toronto Raptors,,96,1.05,5.38
2012-04-19,Charlotte Hornets,Chicago Bulls,68,100,6.75,1.01
2012-04-19,Cleveland Cavaliers,Philadelphia 76ers,87,103,4.37,1.10
2012-04-19,Washington Wizards,Milwaukee Bucks,,121,3.70,1.18
2012-04-18,Los Angeles Lakers,San Antonio Spurs,91,112,2.10,1.50
2012-04-18,Minnesota Timberwolves,Memphis Grizzlies,84,91,4.25,1.11
2012-04-18,New York Knicks,Boston Celtics,,118,1.49,2.13
2012-04-18,Detroit Pistons,Cleveland Cavaliers,,116,1.19,3.38
2012-04-18,Philadelphia 76ers,Indiana Pacers,97,102,1.51,2.09
2012-04-17,Golden State Warriors,San Antonio Spurs,99,120,4.58,1.09
2012-04-17,Los Angeles Clippers,Oklahoma City Thunder,,92,2.05,1.53
2012-04-17,Phoenix Suns,Portland Trail Blazers,,125,1.04,5.75
2012-04-17,Utah Jazz,Dallas Mavericks,,123,1.44,2.28
2012-04-17,Chicago Bulls,Washington Wizards,84,87,1.01,7.50
2012-04-17,Houston Rockets,Denver Nuggets,102,105,1.39,2.38
2012-04-17,Brooklyn Nets,Miami Heat,98,101,4.28,1.11
2012-04-17,Charlotte Hornets,New Orleans Pelicans,67,75,2.90,1.27
2012-04-17,Indiana Pacers,Minnesota Timberwolves,,111,1.04,5.75
2012-04-17,Orlando Magic,Philadelphia 76ers,,113,2.68,1.31
2012-04-17,Toronto Raptors,Atlanta Hawks,87,109,2.70,1.31
2012-04-16,Denver Nuggets,Houston Rockets,,101,1.46,2.18
2012-04-16,New Orleans Pelicans,Memphis Grizzlies,,88,2.50,1.35
2012-04-16,Atlanta Hawks,Toronto Raptors,86,102,1.07,5.03
2012-04-16,Charlotte Hornets,Boston Celtics,82,94,3.10,1.23
2012-04-16,Cleveland Cavaliers,Orlando Magic,84,100,2.93,1.26
2012-04-16,Detroit Pistons,Chicago Bulls,94,100,4.45,1.10
2012-04-16,Sacramento Kings,Portland Trail Blazers,,104,1.53,2.05
2012-04-15,Los Angeles Lakers,Dallas Mavericks,,112,1.55,1.92
2012-04-15,New York Knicks,Miami Heat,85,93,2.07,1.52
2012-04-15,San Antonio Spurs,Phoenix Suns,,105,1.10,4.40
2012-04-15,Milwaukee Bucks,Indiana Pacers,99,105,1.53,2.05
2012-04-15,Memphis Grizzlies,Utah Jazz,,103,1.09,4.15
2012-04-15,Minnesota Timberwolves,Oklahoma City Thunder,110,115,6.13,1.03
2012-04-15,Brooklyn Nets,Boston Celtics,82,94,3.28,1.20
2012-04-15,Washington Wizards,Cleveland Cavaliers,89,98,1.35,2.50
2012-04-14,Los Angeles Clippers,Golden State Warriors,,112,1.01,7.13
2012-04-14,Los Angeles Lakers,Denver Nuggets,,103,1.46,2.18
2012-04-14,Portland Trail Blazers,Dallas Mavericks,94,97,2.25,1.44
2012-04-14,Detroit Pistons,Milwaukee Bucks,97,113,2.50,1.36
2012-04-14,Houston Rockets,Phoenix Suns,105,112,1.44,2.25
2012-04-14,New Orleans Pelicans,Utah Jazz,,96,2.34,1.40
2012-04-14,Oklahoma City Thunder,Sacramento Kings,,115,1.01,7.50
2012-04-14,Miami Heat,Charlotte Hornets,,105,1.01,9.38
2012-04-14,New York Knicks,Washington Wizards,,103,1.05,5.55
2012-04-14,Orlando Magic,Atlanta Hawks,81,109,1.89,1.65
2012-04-14,Philadelphia 76ers,Brooklyn Nets,89,95,1.03,5.88
2012-04-14,Toronto Raptors,Boston Celtics,,84,3.48,1.18
2012-04-14,Indiana Pacers,Cleveland Cavaliers,,102,1.01,7.00
2012-04-13,Golden State Warriors,Dallas Mavericks,103,112,2.95,1.22
2012-04-13,San Antonio Spurs,Memphis Grizzlies,,107,1.28,2.83
2012-04-13,Chicago Bulls,Miami Heat,,96,1.67,1.85
2012-04-13,Minnesota Timberwolves,Los Angeles Clippers,82,95,3.10,1.20
2012-04-13,Charlotte Hornets,Detroit Pistons,85,109,2.52,1.34
2012-04-12,Portland Trail Blazers,Golden State Warriors,,118,1.37,2.53
2012-04-12,Denver Nuggets,Minnesota Timberwolves,,113,1.14,3.93
2012-04-12,San Antonio Spurs,Los Angeles Lakers,84,98,1.10,4.75
2012-04-12,Boston Celtics,Atlanta Hawks,,88,1.50,2.10
2012-04-12,Houston Rockets,Utah Jazz,91,103,1.29,2.75
2012-04-12,Memphis Grizzlies,Phoenix Suns,,104,1.31,2.65
2012-04-12,Milwaukee Bucks,New York Knicks,107,111,1.40,2.35
2012-04-12,New Orleans Pelicans,Sacramento Kings,,105,1.52,2.08
2012-04-12,Oklahoma City Thunder,Los Angeles Clippers,98,100,1.15,3.68
2012-04-12,Cleveland Cavaliers,Indiana Pacers,98,104,4.20,1.11
2012-04-12,Toronto Raptors,Philadelphia 76ers,75,93,2.40,1.38
2012-04-11,Chicago Bulls,New York Knicks,,98,1.21,3.18
2012-04-11,Dallas Mavericks,Sacramento Kings,,110,1.08,4.67
2012-04-11,Brooklyn Nets,Philadelphia 76ers,88,107,2.83,1.28
2012-04-11,Cleveland Cavaliers,Charlotte Hornets,,103,1.23,3.10
2012-04-11,Miami Heat,Boston Celtics,107,115,1.17,3.48
2012-04-11,Washington Wizards,Orlando Magic,,93,2.59,1.33
2012-04-10,Portland Trail Blazers,Houston Rockets,89,94,1.50,2.01
2012-04-10,Denver Nuggets,Golden State Warriors,,123,1.11,4.20
2012-04-10,Minnesota Timberwolves,Phoenix Suns,90,114,2.06,1.53
2012-04-10,Utah Jazz,San Antonio Spurs,,91,1.50,2.12
2012-04-10,Memphis Grizzlies,Los Angeles Clippers,,94,1.41,2.33
2012-04-10,Milwaukee Bucks,Oklahoma City Thunder,89,109,2.13,1.49
2012-04-10,New Orleans Pelicans,Los Angeles Lakers,91,93,2.23,1.45
2012-04-10,Charlotte Hornets,Washington Wizards,85,113,1.65,1.87
2012-04-10,Indiana Pacers,Toronto Raptors,,103,1.06,5.15
2012-04-10,Orlando Magic,Detroit Pistons,,119,1.20,3.30
2012-04-09,Sacramento Kings,Houston Rockets,87,104,2.23,1.45
2012-04-09,Oklahoma City Thunder,Toronto Raptors,,91,1.01,7.13
2012-04-09,San Antonio Spurs,Utah Jazz,,114,1.06,5.03
2012-04-09,Boston Celtics,Philadelphia 76ers,,103,1.45,2.23
2012-04-09,Brooklyn Nets,Cleveland Cavaliers,,122,1.19,3.38
2012-04-09,Miami Heat,Detroit Pistons,,98,1.03,6.13
2012-04-08,New York Knicks,Chicago Bulls,,100,2.04,1.54
2012-04-08,Golden State Warriors,Denver Nuggets,,112,2.15,1.48
2012-04-08,Los Angeles Clippers,Sacramento Kings,,109,1.14,3.83
2012-04-08,Phoenix Suns,Los Angeles Lakers,,125,1.66,1.88
2012-04-08,Milwaukee Bucks,Portland Trail Blazers,,116,1.35,2.50
2012-04-08,Charlotte Hornets,Atlanta Hawks,96,116,4.05,1.12
2012-04-08,Memphis Grizzlies,Dallas Mavericks,,94,1.42,2.30
2012-04-08,New Orleans Pelicans,Minnesota Timberwolves,,99,2.05,1.53
2012-04-08,Philadelphia 76ers,Orlando Magic,82,88,1.32,2.68
2012-04-08,Indiana Pacers,Boston Celtics,72,86,1.64,1.88
2012-04-07,Los Angeles Lakers,Houston Rockets,107,112,1.29,2.78
2012-04-07,Denver Nuggets,Phoenix Suns,,105,1.51,2.09
2012-04-07,Utah Jazz,Golden State Warriors,,104,1.15,3.68
2012-04-07,Dallas Mavericks,Portland Trail Blazers,97,99,1.27,2.90
2012-04-07,Milwaukee Bucks,Charlotte Hornets,,95,1.01,8.00
2012-04-07,San Antonio Spurs,New Orleans Pelicans,,128,1.02,6.88
2012-04-07,Atlanta Hawks,Detroit Pistons,,101,1.09,4.58
2012-04-07,Brooklyn Nets,Washington Wizards,,110,1.17,3.48
2012-04-07,Miami Heat,Memphis Grizzlies,82,97,1.15,3.68
2012-04-07,Toronto Raptors,Cleveland Cavaliers,80,84,1.17,3.48
2012-04-07,Indiana Pacers,Oklahoma City Thunder,,103,2.18,1.46
2012-04-06,Sacramento Kings,Los Angeles Clippers,85,93,2.08,1.52
2012-04-06,Chicago Bulls,Boston Celtics,,93,1.23,3.03
2012-04-06,Detroit Pistons,Washington Wizards,,99,1.15,3.68
2012-04-06,Orlando Magic,New York Knicks,80,96,1.51,2.09
2012-04-05,Los Angeles Clippers,Los Angeles Lakers,108,113,1.53,2.05
2012-04-05,Portland Trail Blazers,Brooklyn Nets,,101,1.12,3.80
2012-04-05,Utah Jazz,Phoenix Suns,105,107,1.28,2.73
2012-04-05,Dallas Mavericks,Memphis Grizzlies,,95,1.28,2.72
2012-04-05,Miami Heat,Oklahoma City Thunder,,98,1.51,2.09
2012-04-05,Milwaukee Bucks,Cleveland Cavaliers,,107,1.01,6.58
2012-04-05,Minnesota Timberwolves,Golden State Warriors,94,97,1.27,2.77
2012-04-05,New Orleans Pelicans,Denver Nuggets,,94,2.42,1.35
2012-04-05,Atlanta Hawks,Charlotte Hornets,,120,1.01,7.17
2012-04-05,Boston Celtics,San Antonio Spurs,86,87,1.76,1.72
2012-04-05,Philadelphia 76ers,Toronto Raptors,78,99,1.13,3.70
2012-04-05,Washington Wizards,Indiana Pacers,96,109,2.85,1.28
2012-04-04,Los Angeles Lakers,Brooklyn Nets,,91,1.11,3.98
2012-04-04,Sacramento Kings,Phoenix Suns,100,109,2.01,1.52
2012-04-04,Memphis Grizzlies,Golden State Warriors,,98,1.20,3.30
2012-04-04,Detroit Pistons,Orlando Magic,,102,1.90,1.63
2012-04-04,Miami Heat,Philadelphia 76ers,,99,1.21,3.08
2012-04-04,Cleveland Cavaliers,San Antonio Spurs,90,125,4.20,1.10
2012-04-04,Indiana Pacers,New York Knicks,,112,1.29,2.73
2012-04-04,Toronto Raptors,Charlotte Hornets,,92,1.09,4.37
2012-04-03,Portland Trail Blazers,Utah Jazz,97,102,1.57,1.93
2012-04-03,Sacramento Kings,Minnesota Timberwolves,,116,1.47,2.11
2012-04-03,Dallas Mavericks,Los Angeles Clippers,75,94,1.38,2.32
2012-04-03,Chicago Bulls,Houston Rockets,93,99,1.15,3.48
2012-04-03,Oklahoma City Thunder,Memphis Grizzlies,88,94,1.15,3.55
2012-04-03,Washington Wizards,Milwaukee Bucks,98,112,3.18,1.21
2012-04-02,Los Angeles Lakers,Golden State Warriors,,120,1.05,5.42
2012-04-02,Phoenix Suns,New Orleans Pelicans,,92,1.06,4.83
2012-04-02,Portland Trail Blazers,Minnesota Timberwolves,,119,1.51,2.04
2012-04-02,Houston Rockets,Indiana Pacers,102,104,1.42,2.23
2012-04-02,Orlando Magic,Denver Nuggets,101,104,1.46,2.18
2012-04-02,Toronto Raptors,Washington Wizards,,99,1.24,2.88
2012-04-01,Boston Celtics,Miami Heat,,91,2.25,1.42
2012-04-01,Oklahoma City Thunder,Chicago Bulls,,92,1.24,2.88
2012-04-01,Los Angeles Clippers,Utah Jazz,,105,1.33,2.51
2012-04-01,Sacramento Kings,Brooklyn Nets,99,111,1.25,2.95
2012-04-01,Milwaukee Bucks,Memphis Grizzlies,95,99,1.53,2.02
2012-04-01,San Antonio Spurs,Indiana Pacers,,112,1.13,3.75
2012-04-01,Detroit Pistons,Charlotte Hornets,,110,1.19,3.20
2012-04-01,New York Knicks,Cleveland Cavaliers,,91,1.03,6.13
2012-04-01,Philadelphia 76ers,Atlanta Hawks,76,95,1.26,2.80
2012-03-31,Los Angeles Lakers,New Orleans Pelicans,,88,1.01,8.00
2012-03-31,Golden State Warriors,Brooklyn Nets,100,102,1.43,2.22
2012-03-31,Los Angeles Clippers,Portland Trail Blazers,,98,1.08,5.25
2012-03-31,Utah Jazz,Sacramento Kings,103,104,1.20,3.15
2012-03-31,Chicago Bulls,Detroit Pistons,,83,1.02,6.48
2012-03-31,Houston Rockets,Memphis Grizzlies,,98,1.62,1.85
2012-03-31,Minnesota Timberwolves,Boston Celtics,79,100,1.79,1.69
2012-03-31,Orlando Magic,Dallas Mavericks,98,100,1.33,2.47
2012-03-31,Atlanta Hawks,New York Knicks,,100,1.51,2.03
2012-03-31,Cleveland Cavaliers,Milwaukee Bucks,84,121,2.37,1.36
2012-03-31,Charlotte Hornets,Denver Nuggets,88,99,3.85,1.12
2012-03-31,Toronto Raptors,Miami Heat,101,113,3.35,1.18
2012-03-31,Washington Wizards,Philadelphia 76ers,,97,3.75,1.12
2012-03-30,Los Angeles Lakers,Oklahoma City Thunder,93,102,1.73,1.86
2012-03-30,Portland Trail Blazers,New Orleans Pelicans,,99,1.11,3.97
2012-03-30,Miami Heat,Dallas Mavericks,,106,1.15,3.52
2012-03-30,Indiana Pacers,Washington Wizards,,93,1.07,4.52
2012-03-29,Golden State Warriors,New Orleans Pelicans,87,102,1.56,1.94
2012-03-29,Los Angeles Clippers,Phoenix Suns,,103,1.21,3.08
2012-03-29,Sacramento Kings,San Antonio Spurs,112,117,2.15,1.45
2012-03-29,Atlanta Hawks,Chicago Bulls,77,98,2.33,1.41
2012-03-29,Boston Celtics,Utah Jazz,,94,1.48,2.09
2012-03-29,Brooklyn Nets,Indiana Pacers,,100,2.80,1.26
2012-03-29,Charlotte Hornets,Minnesota Timberwolves,83,88,2.59,1.32
2012-03-29,Cleveland Cavaliers,Detroit Pistons,75,87,1.80,1.68
2012-03-29,New York Knicks,Orlando Magic,,108,1.87,1.65
2012-03-29,Toronto Raptors,Denver Nuggets,,105,2.26,1.41
2012-03-28,Golden State Warriors,Los Angeles Lakers,101,104,3.13,1.22
2012-03-28,Phoenix Suns,San Antonio Spurs,100,107,1.87,1.62
2012-03-28,Portland Trail Blazers,Oklahoma City Thunder,95,109,2.48,1.34
2012-03-28,Dallas Mavericks,Houston Rockets,,90,1.19,3.05
2012-03-28,Memphis Grizzlies,Minnesota Timberwolves,,93,1.38,2.25
2012-03-28,Milwaukee Bucks,Atlanta Hawks,,108,1.59,1.90
2012-03-28,Philadelphia 76ers,Cleveland Cavaliers,76,103,1.10,4.13
2012-03-27,Los Angeles Clippers,New Orleans Pelicans,,97,1.06,5.03
2012-03-27,Chicago Bulls,Denver Nuggets,91,108,1.16,3.42
2012-03-27,Houston Rockets,Sacramento Kings,,113,1.25,2.85
2012-03-27,Brooklyn Nets,Utah Jazz,84,105,1.64,1.84
2012-03-27,New York Knicks,Milwaukee Bucks,,89,1.40,2.28
2012-03-27,Charlotte Hornets,Boston Celtics,95,102,2.85,1.25
2012-03-27,Indiana Pacers,Miami Heat,,105,2.18,1.44
2012-03-27,Toronto Raptors,Orlando Magic,101,117,2.85,1.28
2012-03-27,Washington Wizards,Detroit Pistons,77,79,1.83,1.65
2012-03-26,Los Angeles Lakers,Memphis Grizzlies,96,102,1.23,3.03
2012-03-26,Portland Trail Blazers,Golden State Warriors,,90,1.08,4.51
2012-03-26,Oklahoma City Thunder,Miami Heat,,103,1.62,1.85
2012-03-26,San Antonio Spurs,Philadelphia 76ers,,93,1.50,2.05
2012-03-26,Atlanta Hawks,Utah Jazz,,139,1.73,1.74
2012-03-26,Boston Celtics,Washington Wizards,,88,1.09,4.58
2012-03-25,Minnesota Timberwolves,Denver Nuggets,,117,1.67,1.88
2012-03-25,Cleveland Cavaliers,Phoenix Suns,83,108,2.22,1.42
2012-03-25,Golden State Warriors,Sacramento Kings,,111,1.60,1.89
2012-03-25,Milwaukee Bucks,Indiana Pacers,104,125,1.41,2.26
2012-03-25,Chicago Bulls,Toronto Raptors,,102,1.01,7.08
2012-03-25,Houston Rockets,Dallas Mavericks,99,101,1.52,2.00
2012-03-25,New Orleans Pelicans,San Antonio Spurs,86,89,2.43,1.35
2012-03-25,Brooklyn Nets,Charlotte Hornets,,102,1.26,2.80
2012-03-25,New York Knicks,Detroit Pistons,,101,1.05,5.23
2012-03-25,Washington Wizards,Atlanta Hawks,92,95,2.04,1.50
2012-03-24,Los Angeles Clippers,Memphis Grizzlies,,101,1.59,1.96
2012-03-24,Los Angeles Lakers,Portland Trail Blazers,,103,1.09,4.37
2012-03-24,Utah Jazz,Denver Nuggets,,121,1.62,1.87
2012-03-24,San Antonio Spurs,Dallas Mavericks,,104,1.40,2.28
2012-03-24,Oklahoma City Thunder,Minnesota Timberwolves,,149,1.06,4.88
2012-03-24,Philadelphia 76ers,Boston Celtics,76,99,1.23,2.97
2012-03-24,Atlanta Hawks,Brooklyn Nets,,93,1.19,3.18
2012-03-24,Detroit Pistons,Miami Heat,73,88,3.93,1.11
2012-03-24,Charlotte Hornets,Milwaukee Bucks,92,112,3.08,1.21
2012-03-24,Indiana Pacers,Phoenix Suns,111,113,1.45,2.06
2012-03-24,Orlando Magic,Cleveland Cavaliers,,93,1.09,4.28
2012-03-24,Toronto Raptors,New York Knicks,,96,2.60,1.30
2012-03-23,Portland Trail Blazers,Memphis Grizzlies,,97,1.82,1.71
2012-03-23,Sacramento Kings,Utah Jazz,102,103,1.61,1.92
2012-03-23,Houston Rockets,Golden State Warriors,,109,1.18,3.35
2012-03-23,Milwaukee Bucks,Boston Celtics,91,100,1.45,2.15
2012-03-23,New Orleans Pelicans,Los Angeles Clippers,,97,2.28,1.40
2012-03-23,Washington Wizards,Indiana Pacers,83,85,2.98,1.22
2012-03-22,Dallas Mavericks,Los Angeles Lakers,93,109,1.39,2.38
2012-03-22,Denver Nuggets,Detroit Pistons,,116,1.12,4.03
2012-03-22,San Antonio Spurs,Minnesota Timberwolves,,116,1.07,4.68
2012-03-22,New Orleans Pelicans,Golden State Warriors,92,101,1.60,1.89
2012-03-22,Oklahoma City Thunder,Los Angeles Clippers,,114,1.11,4.05
2012-03-22,Atlanta Hawks,Cleveland Cavaliers,,103,1.17,3.32
2012-03-22,Brooklyn Nets,Washington Wizards,89,108,1.35,2.40
2012-03-22,Orlando Magic,Phoenix Suns,,103,1.14,3.62
2012-03-22,Philadelphia 76ers,New York Knicks,79,82,1.40,2.35
2012-03-22,Toronto Raptors,Chicago Bulls,82,94,3.20,1.19
2012-03-21,Portland Trail Blazers,Milwaukee Bucks,87,116,1.47,2.11
2012-03-21,Sacramento Kings,Memphis Grizzlies,,119,2.08,1.52
2012-03-21,Utah Jazz,Oklahoma City Thunder,,97,2.07,1.52
2012-03-21,Houston Rockets,Los Angeles Lakers,,107,2.04,1.50
2012-03-21,Miami Heat,Phoenix Suns,,99,1.06,4.90
2012-03-21,New York Knicks,Toronto Raptors,,106,1.11,4.05
2012-03-21,Indiana Pacers,Los Angeles Clippers,,102,1.48,2.15
2012-03-20,Denver Nuggets,Dallas Mavericks,95,112,1.38,2.32
2012-03-20,Golden State Warriors,Minnesota Timberwolves,93,97,1.62,1.85
2012-03-20,Orlando Magic,Chicago Bulls,59,85,1.60,1.94
2012-03-20,Atlanta Hawks,Boston Celtics,76,79,1.62,1.87
2012-03-20,Brooklyn Nets,Cleveland Cavaliers,100,105,1.41,2.27
2012-03-20,Charlotte Hornets,Philadelphia 76ers,80,105,4.60,1.07
2012-03-19,Los Angeles Lakers,Utah Jazz,99,103,1.04,5.50
2012-03-19,Oklahoma City Thunder,Portland Trail Blazers,,111,1.08,4.80
2012-03-19,Phoenix Suns,Houston Rockets,,99,1.30,2.61
2012-03-19,Miami Heat,Orlando Magic,,91,1.12,3.85
2012-03-18,Memphis Grizzlies,Washington Wizards,,97,1.01,7.13
2012-03-18,Sacramento Kings,Minnesota Timberwolves,,115,1.90,1.65
2012-03-18,Los Angeles Clippers,Detroit Pistons,,87,1.21,3.20
2012-03-18,Cleveland Cavaliers,Atlanta Hawks,87,103,1.98,1.56
2012-03-18,Dallas Mavericks,San Antonio Spurs,,106,1.49,2.06
2012-03-18,Denver Nuggets,Boston Celtics,,98,1.26,2.82
2012-03-18,Utah Jazz,Golden State Warriors,,99,1.19,3.27
2012-03-18,Brooklyn Nets,New Orleans Pelicans,94,102,1.52,2.01
2012-03-18,Chicago Bulls,Philadelphia 76ers,,89,1.37,2.33
2012-03-18,Charlotte Hornets,Toronto Raptors,,107,1.83,1.66
2012-03-18,Indiana Pacers,New York Knicks,88,102,1.40,2.28
2012-03-17,Los Angeles Clippers,Houston Rockets,,95,1.19,3.38
2012-03-17,Golden State Warriors,Milwaukee Bucks,98,120,1.88,1.61
2012-03-17,Los Angeles Lakers,Minnesota Timberwolves,,97,1.18,3.48
2012-03-17,Phoenix Suns,Detroit Pistons,,109,1.37,2.35
2012-03-17,Sacramento Kings,Boston Celtics,,120,2.25,1.41
2012-03-17,Oklahoma City Thunder,San Antonio Spurs,105,114,1.38,2.35
2012-03-17,Chicago Bulls,Portland Trail Blazers,89,100,1.11,4.00
2012-03-17,Memphis Grizzlies,Toronto Raptors,110,114,1.07,4.63
2012-03-17,Atlanta Hawks,Washington Wizards,,102,1.04,5.50
2012-03-17,New York Knicks,Indiana Pacers,,115,1.41,2.27
2012-03-17,Orlando Magic,Brooklyn Nets,,86,1.02,6.15
2012-03-17,Philadelphia 76ers,Miami Heat,78,84,2.18,1.44
2012-03-16,Los Angeles Clippers,Phoenix Suns,87,91,1.14,3.83
2012-03-16,Denver Nuggets,Oklahoma City Thunder,90,103,1.95,1.59
2012-03-16,Utah Jazz,Minnesota Timberwolves,,111,1.52,2.02
2012-03-16,Dallas Mavericks,Charlotte Hornets,,101,1.00,6.92
2012-03-16,New Orleans Pelicans,Washington Wizards,89,99,1.43,2.22
2012-03-15,Golden State Warriors,Boston Celtics,103,105,2.50,1.35
2012-03-15,Los Angeles Clippers,Atlanta Hawks,,96,1.22,3.03
2012-03-15,Phoenix Suns,Utah Jazz,,120,1.37,2.33
2012-03-15,Sacramento Kings,Detroit Pistons,112,124,1.46,2.18
2012-03-15,Chicago Bulls,Miami Heat,,106,2.10,1.50
2012-03-15,San Antonio Spurs,Orlando Magic,,122,1.19,3.20
2012-03-15,Houston Rockets,Charlotte Hornets,,107,1.13,3.77
2012-03-15,Milwaukee Bucks,Cleveland Cavaliers,,115,1.25,2.83
2012-03-15,New Orleans Pelicans,Los Angeles Lakers,101,107,2.33,1.38
2012-03-15,Brooklyn Nets,Toronto Raptors,,98,1.60,1.94
2012-03-15,New York Knicks,Portland Trail Blazers,,121,1.30,2.58
2012-03-15,Indiana Pacers,Philadelphia 76ers,,111,1.81,1.68
2012-03-14,Sacramento Kings,Golden State Warriors,89,115,1.53,2.04
2012-03-14,Denver Nuggets,Atlanta Hawks,,118,1.34,2.52
2012-03-14,Dallas Mavericks,Washington Wizards,,107,1.01,7.00
2012-03-14,Memphis Grizzlies,Los Angeles Lakers,111,116,1.70,1.82
2012-03-14,Oklahoma City Thunder,Houston Rockets,103,104,1.03,6.00
2012-03-14,Cleveland Cavaliers,Toronto Raptors,88,96,1.42,2.32
2012-03-14,Indiana Pacers,Portland Trail Blazers,,92,1.46,2.18
2012-03-14,Orlando Magic,Miami Heat,,104,2.30,1.42
2012-03-13,Los Angeles Clippers,Boston Celtics,85,94,1.33,2.59
2012-03-13,Phoenix Suns,Minnesota Timberwolves,124,127,1.41,2.33
2012-03-13,Utah Jazz,Detroit Pistons,,105,1.24,3.03
2012-03-13,San Antonio Spurs,Washington Wizards,,112,1.00,7.25
2012-03-13,Chicago Bulls,New York Knicks,,104,1.11,4.02
2012-03-13,New Orleans Pelicans,Charlotte Hornets,71,73,1.24,2.88
2012-03-13,Brooklyn Nets,Milwaukee Bucks,99,105,2.08,1.48
2012-03-12,Los Angeles Clippers,Golden State Warriors,93,97,1.19,3.38
2012-03-12,Sacramento Kings,Atlanta Hawks,99,106,1.69,1.84
2012-03-12,Denver Nuggets,Memphis Grizzlies,91,94,1.27,2.75
2012-03-11,Cleveland Cavaliers,Houston Rockets,,118,1.55,1.95
2012-03-11,Orlando Magic,Indiana Pacers,,107,1.32,2.53
2012-03-11,Toronto Raptors,Milwaukee Bucks,99,105,1.90,1.59
2012-03-11,Los Angeles Lakers,Boston Celtics,,97,1.32,2.68
2012-03-11,New York Knicks,Philadelphia 76ers,94,106,1.56,1.98
2012-03-11,Golden State Warriors,Dallas Mavericks,,111,1.47,2.12
2012-03-11,Phoenix Suns,Memphis Grizzlies,,98,1.85,1.63
2012-03-11,Brooklyn Nets,Houston Rockets,106,112,2.75,1.27
2012-03-11,Chicago Bulls,Utah Jazz,,111,1.04,5.32
2012-03-11,Minnesota Timberwolves,New Orleans Pelicans,89,95,1.15,3.55
2012-03-11,Oklahoma City Thunder,Charlotte Hornets,,122,1.00,8.17
2012-03-11,Detroit Pistons,Toronto Raptors,,105,1.55,1.97
2012-03-11,Miami Heat,Indiana Pacers,,93,1.09,4.28
2012-03-11,Washington Wizards,Portland Trail Blazers,99,110,2.75,1.30
2012-03-10,Sacramento Kings,Dallas Mavericks,,110,1.84,1.64
2012-03-10,Denver Nuggets,New Orleans Pelicans,,110,1.04,5.53
2012-03-10,Milwaukee Bucks,New York Knicks,,119,1.83,1.65
2012-03-10,San Antonio Spurs,Los Angeles Clippers,108,120,1.40,2.28
2012-03-10,Minnesota Timberwolves,Los Angeles Lakers,102,105,1.84,1.68
2012-03-10,Oklahoma City Thunder,Cleveland Cavaliers,90,96,1.01,6.58
2012-03-10,Boston Celtics,Portland Trail Blazers,,104,1.52,2.01
2012-03-10,Detroit Pistons,Atlanta Hawks,,86,1.87,1.62
2012-03-10,Charlotte Hornets,Brooklyn Nets,74,83,1.86,1.63
2012-03-10,Philadelphia 76ers,Utah Jazz,76,104,1.22,3.00
2012-03-09,Phoenix Suns,Dallas Mavericks,,96,2.12,1.46
2012-03-09,Chicago Bulls,Orlando Magic,94,99,1.25,2.83
2012-03-08,Golden State Warriors,Memphis Grizzlies,92,110,1.79,1.73
2012-03-08,Sacramento Kings,New Orleans Pelicans,,99,1.33,2.59
2012-03-08,Denver Nuggets,Cleveland Cavaliers,99,100,1.06,4.83
2012-03-08,San Antonio Spurs,New York Knicks,,118,1.20,3.15
2012-03-08,Brooklyn Nets,Los Angeles Clippers,,101,3.15,1.20
2012-03-08,Minnesota Timberwolves,Portland Trail Blazers,,106,1.74,1.75
2012-03-08,Oklahoma City Thunder,Phoenix Suns,,115,1.06,4.95
2012-03-08,Milwaukee Bucks,Chicago Bulls,104,106,3.20,1.19
2012-03-08,Miami Heat,Atlanta Hawks,,89,1.02,6.08
2012-03-08,Charlotte Hornets,Utah Jazz,93,99,2.98,1.22
2012-03-08,Philadelphia 76ers,Boston Celtics,76,103,1.25,2.95
2012-03-08,Toronto Raptors,Houston Rockets,,116,1.84,1.64
2012-03-08,Washington Wizards,Los Angeles Lakers,,106,3.30,1.20
2012-03-07,Dallas Mavericks,New York Knicks,,95,1.60,1.93
2012-03-07,Boston Celtics,Houston Rockets,,97,1.36,2.37
2012-03-07,Detroit Pistons,Los Angeles Lakers,,88,2.68,1.29
2012-03-07,Miami Heat,Brooklyn Nets,,108,1.00,6.92
2012-03-07,Charlotte Hornets,Orlando Magic,,100,4.20,1.10
2012-03-07,Indiana Pacers,Atlanta Hawks,96,101,1.19,3.20
2012-03-06,Portland Trail Blazers,New Orleans Pelicans,,86,1.05,5.03
2012-03-06,Denver Nuggets,Sacramento Kings,,119,1.10,4.33
2012-03-06,Chicago Bulls,Indiana Pacers,,92,1.21,3.05
2012-03-06,Milwaukee Bucks,Philadelphia 76ers,,97,1.89,1.60
2012-03-06,Minnesota Timberwolves,Los Angeles Clippers,,95,1.52,2.01
2012-03-06,Oklahoma City Thunder,Dallas Mavericks,,95,1.21,3.07
2012-03-06,Cleveland Cavaliers,Utah Jazz,100,109,1.87,1.62
2012-03-06,Toronto Raptors,Orlando Magic,88,92,2.80,1.26
2012-03-06,Washington Wizards,Golden State Warriors,100,120,1.77,1.75
2012-03-05,San Antonio Spurs,Denver Nuggets,94,99,1.23,2.92
2012-03-05,Phoenix Suns,Sacramento Kings,,96,1.30,2.63
2012-03-05,Houston Rockets,Los Angeles Clippers,103,105,1.58,1.91
2012-03-05,Philadelphia 76ers,Chicago Bulls,91,96,2.23,1.42
2012-03-05,Charlotte Hornets,Brooklyn Nets,101,104,2.30,1.39
2012-03-05,Toronto Raptors,Golden State Warriors,,83,1.67,1.81
2012-03-04,Los Angeles Lakers,Miami Heat,,93,2.04,1.54
2012-03-04,Boston Celtics,New York Knicks,,115,1.71,1.82
2012-03-04,Portland Trail Blazers,Minnesota Timberwolves,110,122,1.27,2.75
2012-03-04,Dallas Mavericks,Utah Jazz,,102,1.19,3.27
2012-03-04,Memphis Grizzlies,Detroit Pistons,,100,1.18,3.35
2012-03-04,New Orleans Pelicans,Indiana Pacers,84,102,2.67,1.29
2012-03-04,Atlanta Hawks,Oklahoma City Thunder,,97,2.77,1.27
2012-03-04,Orlando Magic,Milwaukee Bucks,,114,1.09,4.37
2012-03-04,Washington Wizards,Cleveland Cavaliers,,101,1.44,2.18
2012-03-03,Los Angeles Lakers,Sacramento Kings,,115,1.04,5.63
2012-03-03,Phoenix Suns,Los Angeles Clippers,,81,2.01,1.52
2012-03-03,Utah Jazz,Miami Heat,,99,2.44,1.34
2012-03-03,San Antonio Spurs,Charlotte Hornets,,102,1.00,7.50
2012-03-03,Houston Rockets,Denver Nuggets,105,117,1.48,2.07
2012-03-03,New Orleans Pelicans,Dallas Mavericks,,97,3.08,1.21
2012-03-03,Philadelphia 76ers,Golden State Warriors,76,105,1.19,3.20
2012-03-03,Atlanta Hawks,Milwaukee Bucks,,99,1.40,2.28
2012-03-03,Boston Celtics,Brooklyn Nets,,107,1.27,2.77
2012-03-03,Cleveland Cavaliers,Chicago Bulls,91,112,4.70,1.09
2012-03-03,Toronto Raptors,Memphis Grizzlies,99,102,2.20,1.43
2012-03-02,Portland Trail Blazers,Miami Heat,93,107,2.27,1.41
2012-03-02,Sacramento Kings,Los Angeles Clippers,100,108,2.25,1.41
2012-03-02,Phoenix Suns,Minnesota Timberwolves,,104,1.41,2.27
2012-03-02,Orlando Magic,Oklahoma City Thunder,102,105,1.81,1.68
2012-03-01,Los Angeles Lakers,Minnesota Timberwolves,,104,1.25,3.00
2012-03-01,Denver Nuggets,Portland Trail Blazers,,104,1.50,2.04
2012-03-01,San Antonio Spurs,Chicago Bulls,89,96,1.61,1.88
2012-03-01,Utah Jazz,Houston Rockets,,104,1.58,1.91
2012-03-01,Memphis Grizzlies,Dallas Mavericks,,96,1.60,1.89
2012-03-01,New Orleans Pelicans,Toronto Raptors,84,95,1.50,2.04
2012-03-01,Atlanta Hawks,Golden State Warriors,82,85,1.24,3.03
2012-03-01,Boston Celtics,Milwaukee Bucks,,102,1.26,2.80
2012-03-01,Detroit Pistons,Charlotte Hornets,,109,1.29,2.66
2012-03-01,New York Knicks,Cleveland Cavaliers,,120,1.06,5.03
2012-03-01,Philadelphia 76ers,Oklahoma City Thunder,88,92,2.06,1.49
2012-03-01,Washington Wizards,Orlando Magic,95,102,3.60,1.13
2012-02-29,Los Angeles Clippers,Minnesota Timberwolves,97,109,1.24,2.88
2012-02-29,Sacramento Kings,Utah Jazz,,103,1.47,2.10
2012-02-29,Dallas Mavericks,Brooklyn Nets,92,93,1.06,4.80
2012-02-29,Chicago Bulls,New Orleans Pelicans,,99,1.01,7.17
2012-02-29,Houston Rockets,Toronto Raptors,,88,1.08,4.43
2012-02-29,Milwaukee Bucks,Washington Wizards,,119,1.19,3.20
2012-02-29,Detroit Pistons,Philadelphia 76ers,68,97,2.20,1.43
2012-02-29,Cleveland Cavaliers,Boston Celtics,83,86,2.12,1.46
2012-02-29,Indiana Pacers,Golden State Warriors,,102,1.25,2.85
2012-02-24,Oklahoma City Thunder,Los Angeles Lakers,,100,1.24,2.90
2012-02-24,Denver Nuggets,San Antonio Spurs,99,114,2.20,1.43
2012-02-24,Atlanta Hawks,Orlando Magic,,83,2.30,1.39
2012-02-24,Miami Heat,New York Knicks,,102,1.09,4.37
2012-02-23,Los Angeles Clippers,Denver Nuggets,,103,1.11,4.28
2012-02-23,Dallas Mavericks,Los Angeles Lakers,91,96,1.37,2.45
2012-02-23,Phoenix Suns,Golden State Warriors,104,106,1.41,2.26
2012-02-23,Chicago Bulls,Milwaukee Bucks,,110,1.03,5.83
2012-02-23,Houston Rockets,Philadelphia 76ers,,93,1.38,2.32
2012-02-23,Minnesota Timberwolves,Utah Jazz,,100,1.33,2.49
2012-02-23,Brooklyn Nets,Orlando Magic,91,108,2.80,1.26
2012-02-23,New York Knicks,Atlanta Hawks,,99,1.22,3.03
2012-02-23,Charlotte Hornets,Indiana Pacers,88,102,2.58,1.30
2012-02-23,Cleveland Cavaliers,New Orleans Pelicans,84,89,1.33,2.51
2012-02-23,Oklahoma City Thunder,Boston Celtics,,119,1.11,4.02
2012-02-23,Toronto Raptors,Detroit Pistons,,103,1.39,2.30
2012-02-23,Washington Wizards,Sacramento Kings,107,115,1.51,2.02
2012-02-22,Portland Trail Blazers,San Antonio Spurs,,137,1.28,2.78
2012-02-22,Memphis Grizzlies,Philadelphia 76ers,,89,1.82,1.66
2012-02-22,Miami Heat,Sacramento Kings,,120,1.01,6.83
2012-02-22,Cleveland Cavaliers,Detroit Pistons,,101,1.64,1.84
2012-02-22,Indiana Pacers,New Orleans Pelicans,,117,1.05,5.15
2012-02-21,Golden State Warriors,Los Angeles Clippers,,104,2.03,1.55
2012-02-21,Los Angeles Lakers,Portland Trail Blazers,,103,1.40,2.35
2012-02-21,Denver Nuggets,Minnesota Timberwolves,,103,1.46,2.18
2012-02-21,Phoenix Suns,Washington Wizards,,104,1.28,2.85
2012-02-21,Utah Jazz,San Antonio Spurs,102,106,2.03,1.55
2012-02-21,Dallas Mavericks,Boston Celtics,,89,1.08,4.70
2012-02-21,Houston Rockets,Memphis Grizzlies,,97,1.50,2.10
2012-02-21,Milwaukee Bucks,Orlando Magic,90,93,1.90,1.63
2012-02-21,Oklahoma City Thunder,New Orleans Pelicans,,101,1.05,5.38
2012-02-21,New York Knicks,Brooklyn Nets,92,100,1.09,4.58
2012-02-20,Chicago Bulls,Atlanta Hawks,,90,1.05,5.55
2012-02-20,Oklahoma City Thunder,Denver Nuggets,,124,1.15,3.68
2012-02-20,Phoenix Suns,Los Angeles Lakers,,102,2.03,1.55
2012-02-20,Brooklyn Nets,Milwaukee Bucks,85,92,1.95,1.60
2012-02-20,Houston Rockets,Utah Jazz,,101,1.28,2.83
2012-02-20,Minnesota Timberwolves,Philadelphia 76ers,,92,1.82,1.71
2012-02-20,Cleveland Cavaliers,Sacramento Kings,,93,1.60,1.95
2012-02-20,Detroit Pistons,Boston Celtics,,96,2.47,1.37
2012-02-20,Indiana Pacers,Charlotte Hornets,,108,1.04,5.67
2012-02-19,Miami Heat,Orlando Magic,,90,1.08,4.83
2012-02-19,New York Knicks,Dallas Mavericks,,104,1.95,1.60
2012-02-19,Portland Trail Blazers,Atlanta Hawks,,97,1.39,2.38
2012-02-19,Memphis Grizzlies,Golden State Warriors,,104,1.28,2.83
2012-02-18,Chicago Bulls,Brooklyn Nets,85,97,1.01,6.75
2012-02-18,Los Angeles Clippers,San Antonio Spurs,100,103,1.54,2.02
2012-02-18,Los Angeles Lakers,Phoenix Suns,,111,1.13,3.77
2012-02-18,Utah Jazz,Washington Wizards,,114,1.08,4.84
2012-02-18,Houston Rockets,Minnesota Timberwolves,98,111,1.33,2.59
2012-02-18,Memphis Grizzlies,Denver Nuggets,,103,1.41,2.33
2012-02-18,New York Knicks,New Orleans Pelicans,85,89,1.07,4.90
2012-02-18,Oklahoma City Thunder,Golden State Warriors,,110,1.07,5.03
2012-02-18,Philadelphia 76ers,Dallas Mavericks,75,82,1.46,2.18
2012-02-18,Cleveland Cavaliers,Miami Heat,87,111,5.03,1.07
2012-02-18,Detroit Pistons,Sacramento Kings,,114,1.54,2.02
2012-02-18,Orlando Magic,Milwaukee Bucks,,94,1.18,3.48
2012-02-18,Toronto Raptors,Charlotte Hornets,91,98,1.21,3.18
2012-02-17,Portland Trail Blazers,Los Angeles Clippers,71,74,1.95,1.60
2012-02-17,Chicago Bulls,Boston Celtics,,89,1.17,3.58
2012-02-17,Indiana Pacers,Brooklyn Nets,,93,1.13,3.92
2012-02-16,Los Angeles Clippers,Washington Wizards,,102,1.01,7.50
2012-02-16,Golden State Warriors,Portland Trail Blazers,91,93,1.32,2.59
2012-02-16,Phoenix Suns,Atlanta Hawks,99,101,1.85,1.67
2012-02-16,Dallas Mavericks,Denver Nuggets,,102,1.24,3.03
2012-02-16,Houston Rockets,Oklahoma City Thunder,,96,2.10,1.50
2012-02-16,Milwaukee Bucks,New Orleans Pelicans,89,92,1.09,4.58
2012-02-16,Minnesota Timberwolves,Charlotte Hornets,,102,1.05,5.30
2012-02-16,Boston Celtics,Detroit Pistons,88,98,1.07,4.92
2012-02-16,Brooklyn Nets,Memphis Grizzlies,100,105,2.18,1.46
2012-02-16,Cleveland Cavaliers,Indiana Pacers,,98,1.88,1.64
2012-02-16,New York Knicks,Sacramento Kings,,100,1.25,2.98
2012-02-16,Orlando Magic,Philadelphia 76ers,,103,1.50,2.10
2012-02-16,Toronto Raptors,San Antonio Spurs,106,113,3.20,1.21
2012-02-15,Los Angeles Lakers,Atlanta Hawks,,86,1.31,2.70
2012-02-15,Portland Trail Blazers,Washington Wizards,109,124,1.01,8.38
2012-02-15,Denver Nuggets,Phoenix Suns,,109,1.09,4.58
2012-02-15,Memphis Grizzlies,Houston Rockets,,93,1.52,2.08
2012-02-15,Chicago Bulls,Sacramento Kings,,121,1.01,7.38
2012-02-15,Oklahoma City Thunder,Utah Jazz,,111,1.01,7.38
2012-02-15,Detroit Pistons,San Antonio Spurs,95,99,4.28,1.11
2012-02-15,Indiana Pacers,Miami Heat,90,105,2.05,1.55
2012-02-15,Toronto Raptors,New York Knicks,87,90,2.59,1.33
2012-02-14,Golden State Warriors,Phoenix Suns,,102,1.49,2.13
2012-02-14,Dallas Mavericks,Los Angeles Clippers,,96,1.40,2.28
2012-02-14,Milwaukee Bucks,Miami Heat,96,114,3.08,1.23
2012-02-14,New Orleans Pelicans,Utah Jazz,,86,2.59,1.33
2012-02-14,Charlotte Hornets,Philadelphia 76ers,89,98,6.38,1.02
2012-02-14,Orlando Magic,Minnesota Timberwolves,,102,1.33,2.59
2012-02-13,Memphis Grizzlies,Utah Jazz,88,98,1.25,2.95
2012-02-13,Golden State Warriors,Houston Rockets,,106,1.69,1.83
2012-02-13,Atlanta Hawks,Miami Heat,87,107,2.25,1.44
2012-02-13,Detroit Pistons,Washington Wizards,77,98,1.25,2.95
2012-02-12,Boston Celtics,Chicago Bulls,,95,1.87,1.65
2012-02-12,Toronto Raptors,Los Angeles Lakers,92,94,2.90,1.27
2012-02-12,Sacramento Kings,Phoenix Suns,84,98,1.56,2.00
2012-02-12,Milwaukee Bucks,Orlando Magic,94,99,1.95,1.60
2012-02-12,Dallas Mavericks,Portland Trail Blazers,,97,1.37,2.43
2012-02-12,Brooklyn Nets,San Antonio Spurs,89,103,5.03,1.07
2012-02-12,Minnesota Timberwolves,New York Knicks,98,100,1.28,2.83
2012-02-12,Cleveland Cavaliers,Philadelphia 76ers,84,99,3.30,1.20
2012-02-12,Charlotte Hornets,Los Angeles Clippers,86,111,4.83,1.08
2012-02-12,Indiana Pacers,Denver Nuggets,109,113,1.52,2.08
2012-02-11,Utah Jazz,Oklahoma City Thunder,87,101,1.82,1.67
2012-02-11,Memphis Grizzlies,Indiana Pacers,,98,1.64,1.84
2012-02-11,Minnesota Timberwolves,Dallas Mavericks,97,104,1.91,1.59
2012-02-11,New Orleans Pelicans,Portland Trail Blazers,86,94,3.07,1.21
2012-02-11,New York Knicks,Los Angeles Lakers,,92,2.32,1.38
2012-02-11,Cleveland Cavaliers,Milwaukee Bucks,112,113,1.81,1.68
2012-02-11,Detroit Pistons,Brooklyn Nets,,109,1.52,2.01
2012-02-11,Charlotte Hornets,Chicago Bulls,64,95,6.83,1.01
2012-02-11,Orlando Magic,Atlanta Hawks,87,89,1.33,2.51
2012-02-11,Philadelphia 76ers,Los Angeles Clippers,77,78,1.44,2.18
2012-02-11,Toronto Raptors,Boston Celtics,,86,2.30,1.39
2012-02-11,Washington Wizards,Miami Heat,89,106,6.75,1.01
2012-02-10,Sacramento Kings,Oklahoma City Thunder,,106,3.08,1.18
2012-02-10,Denver Nuggets,Golden State Warriors,101,109,1.25,2.73
2012-02-10,Phoenix Suns,Houston Rockets,89,96,1.42,2.13
2012-02-10,Boston Celtics,Los Angeles Lakers,87,88,1.48,2.02
2012-02-09,Portland Trail Blazers,Houston Rockets,96,103,1.19,3.05
2012-02-09,Denver Nuggets,Dallas Mavericks,95,105,1.69,1.75
2012-02-09,Memphis Grizzlies,Minnesota Timberwolves,,85,1.17,3.15
2012-02-09,New Orleans Pelicans,Chicago Bulls,67,90,4.50,1.06
2012-02-09,Atlanta Hawks,Indiana Pacers,,97,1.45,2.06
2012-02-09,Brooklyn Nets,Detroit Pistons,92,99,1.45,2.06
2012-02-09,Philadelphia 76ers,San Antonio Spurs,90,100,1.44,2.11
2012-02-09,Toronto Raptors,Milwaukee Bucks,99,105,1.86,1.58
2012-02-09,Washington Wizards,New York Knicks,93,107,1.60,1.83
2012-02-09,Cleveland Cavaliers,Los Angeles Clippers,,99,3.13,1.19
2012-02-09,Orlando Magic,Miami Heat,,102,2.15,1.42
2012-02-08,Golden State Warriors,Oklahoma City Thunder,116,119,1.89,1.56
2012-02-08,Milwaukee Bucks,Phoenix Suns,105,107,1.16,3.23
2012-02-08,Minnesota Timberwolves,Sacramento Kings,,86,1.22,2.85
2012-02-08,Boston Celtics,Charlotte Hornets,,94,1.00,9.00
2012-02-08,Miami Heat,Cleveland Cavaliers,,107,1.01,6.88
2012-02-08,Indiana Pacers,Utah Jazz,,104,1.09,4.03
2012-02-07,Portland Trail Blazers,Oklahoma City Thunder,107,111,1.73,1.71
2012-02-07,Denver Nuggets,Houston Rockets,90,99,1.23,2.83
2012-02-07,Memphis Grizzlies,San Antonio Spurs,84,89,1.75,1.69
2012-02-07,New Orleans Pelicans,Sacramento Kings,92,100,1.61,1.83
2012-02-07,Atlanta Hawks,Phoenix Suns,90,99,1.17,3.18
2012-02-07,Brooklyn Nets,Chicago Bulls,87,108,4.15,1.08
2012-02-07,New York Knicks,Utah Jazz,,99,1.49,1.98
2012-02-07,Orlando Magic,Los Angeles Clippers,102,107,1.80,1.68
2012-02-07,Philadelphia 76ers,Los Angeles Lakers,76,95,1.40,2.20
2012-02-07,Washington Wizards,Toronto Raptors,,111,1.40,2.20
2012-02-05,Miami Heat,Toronto Raptors,,95,1.00,11.00
2012-02-05,Boston Celtics,Memphis Grizzlies,,98,1.40,2.25
2012-02-05,Portland Trail Blazers,Denver Nuggets,,117,1.25,2.85
2012-02-05,Sacramento Kings,Golden State Warriors,,114,1.64,1.82
2012-02-05,Phoenix Suns,Charlotte Hornets,,95,1.07,4.40
2012-02-05,Utah Jazz,Los Angeles Lakers,,96,1.55,1.95
2012-02-05,Milwaukee Bucks,Chicago Bulls,90,113,2.54,1.30
2012-02-05,San Antonio Spurs,Oklahoma City Thunder,,107,1.50,2.00
2012-02-05,Minnesota Timberwolves,Houston Rockets,,100,1.68,1.80
2012-02-05,Cleveland Cavaliers,Dallas Mavericks,,91,2.70,1.28
2012-02-05,Detroit Pistons,New Orleans Pelicans,,89,1.80,1.68
2012-02-05,New York Knicks,Brooklyn Nets,,99,1.22,2.95
2012-02-05,Atlanta Hawks,Philadelphia 76ers,87,98,1.50,2.00
2012-02-05,Indiana Pacers,Orlando Magic,81,85,1.28,2.70
2012-02-05,Washington Wizards,Los Angeles Clippers,79,107,3.75,1.12
2012-02-04,Denver Nuggets,Los Angeles Lakers,89,93,1.40,2.25
2012-02-04,Dallas Mavericks,Indiana Pacers,87,98,1.35,2.35
2012-02-04,Boston Celtics,New York Knicks,,91,1.20,3.10
2012-02-04,Houston Rockets,Phoenix Suns,,99,1.20,3.10
2012-02-04,Oklahoma City Thunder,Memphis Grizzlies,,101,1.12,3.75
2012-02-04,Brooklyn Nets,Minnesota Timberwolves,105,108,2.35,1.35
2012-02-04,Detroit Pistons,Milwaukee Bucks,,88,2.35,1.35
2012-02-04,Orlando Magic,Cleveland Cavaliers,,102,1.18,3.25
2012-02-04,Philadelphia 76ers,Miami Heat,79,99,1.95,1.55
2012-02-04,Toronto Raptors,Washington Wizards,,106,1.40,2.25
2012-02-03,Golden State Warriors,Utah Jazz,,119,1.33,2.40
2012-02-03,Los Angeles Clippers,Denver Nuggets,91,112,1.70,1.73
2012-02-03,Sacramento Kings,Portland Trail Blazers,,95,2.10,1.45
2012-02-03,San Antonio Spurs,New Orleans Pelicans,,93,1.08,4.15
2012-02-03,New York Knicks,Chicago Bulls,102,105,2.15,1.42
2012-02-03,Atlanta Hawks,Memphis Grizzlies,77,96,1.38,2.29
2012-02-02,Utah Jazz,Los Angeles Clippers,105,107,1.95,1.52
2012-02-02,Portland Trail Blazers,Charlotte Hornets,,112,1.00,10.00
2012-02-02,San Antonio Spurs,Houston Rockets,,99,1.28,2.60
2012-02-02,Dallas Mavericks,Oklahoma City Thunder,86,95,1.70,1.73
2012-02-02,Milwaukee Bucks,Miami Heat,,105,3.05,1.19
2012-02-02,Minnesota Timberwolves,Indiana Pacers,99,109,1.48,2.01
2012-02-02,New Orleans Pelicans,Phoenix Suns,103,120,1.60,1.83
2012-02-02,Boston Celtics,Toronto Raptors,,100,1.10,3.95
2012-02-02,Brooklyn Nets,Detroit Pistons,,99,1.25,2.73
2012-02-02,Orlando Magic,Washington Wizards,,109,1.05,4.80
2012-02-02,Philadelphia 76ers,Chicago Bulls,76,98,1.84,1.59
2012-02-01,Golden State Warriors,Sacramento Kings,,93,1.16,3.23
2012-02-01,Los Angeles Lakers,Charlotte Hornets,,106,1.01,6.00
2012-02-01,Memphis Grizzlies,Denver Nuggets,,100,1.80,1.64
2012-02-01,New York Knicks,Detroit Pistons,,113,1.09,4.15
2012-02-01,Cleveland Cavaliers,Boston Celtics,90,93,2.23,1.39
2012-02-01,Indiana Pacers,Brooklyn Nets,,106,1.05,4.65
2012-02-01,Toronto Raptors,Atlanta Hawks,77,100,2.68,1.27
2012-01-31,Los Angeles Clippers,Oklahoma City Thunder,,112,1.98,1.59
2012-01-31,Phoenix Suns,Dallas Mavericks,99,122,2.33,1.38
2012-01-31,Utah Jazz,Portland Trail Blazers,,93,1.88,1.61
2012-01-31,Houston Rockets,Minnesota Timberwolves,108,120,1.23,2.92
2012-01-31,Memphis Grizzlies,San Antonio Spurs,73,83,1.28,2.83
2012-01-31,Milwaukee Bucks,Detroit Pistons,,103,1.18,3.28
2012-01-31,Miami Heat,New Orleans Pelicans,,109,1.01,6.50
2012-01-31,Philadelphia 76ers,Orlando Magic,76,74,1.20,3.13
2012-01-31,Washington Wizards,Chicago Bulls,88,98,4.38,1.10
2012-01-30,Denver Nuggets,Los Angeles Clippers,105,109,1.28,2.83
2012-01-30,Minnesota Timberwolves,Los Angeles Lakers,101,106,1.60,1.95
2012-01-30,New Orleans Pelicans,Atlanta Hawks,72,94,2.05,1.54
2012-01-30,Dallas Mavericks,San Antonio Spurs,,101,1.31,2.65
2012-01-30,Boston Celtics,Cleveland Cavaliers,87,88,1.21,3.20
2012-01-30,Brooklyn Nets,Toronto Raptors,73,94,1.34,2.55
2012-01-30,Orlando Magic,Indiana Pacers,85,106,1.48,2.15
2012-01-29,Miami Heat,Chicago Bulls,,97,1.36,2.45
2012-01-29,Phoenix Suns,Memphis Grizzlies,,86,2.28,1.44
2012-01-29,Utah Jazz,Sacramento Kings,,96,1.09,4.50
2012-01-29,Milwaukee Bucks,Los Angeles Lakers,,100,2.54,1.37
2012-01-29,Houston Rockets,New York Knicks,,97,1.23,3.03
2012-01-29,Charlotte Hornets,Washington Wizards,99,102,1.88,1.64
2012-01-29,Philadelphia 76ers,Detroit Pistons,76,95,1.01,8.00
2012-01-28,Golden State Warriors,Oklahoma City Thunder,109,120,2.40,1.39
2012-01-28,Portland Trail Blazers,Phoenix Suns,,109,1.09,4.58
2012-01-28,Denver Nuggets,Toronto Raptors,,96,1.01,7.13
2012-01-28,Dallas Mavericks,Utah Jazz,,116,1.37,2.45
2012-01-28,Chicago Bulls,Milwaukee Bucks,,107,1.02,6.50
2012-01-28,Houston Rockets,Washington Wizards,,103,1.09,4.58
2012-01-28,Miami Heat,New York Knicks,,99,1.03,5.88
2012-01-28,Minnesota Timberwolves,San Antonio Spurs,,87,1.84,1.69
2012-01-28,New Orleans Pelicans,Orlando Magic,,93,2.25,1.44
2012-01-28,Boston Celtics,Indiana Pacers,,94,2.12,1.49
2012-01-28,Cleveland Cavaliers,Brooklyn Nets,96,99,1.38,2.43
2012-01-28,Detroit Pistons,Atlanta Hawks,101,107,2.98,1.26
2012-01-28,Philadelphia 76ers,Charlotte Hornets,76,89,1.01,9.38
2012-01-27,Los Angeles Clippers,Memphis Grizzlies,,98,1.44,2.25
2012-01-27,Orlando Magic,Boston Celtics,83,91,1.10,4.15
2012-01-26,Golden State Warriors,Portland Trail Blazers,,101,1.46,2.20
2012-01-26,Los Angeles Lakers,Los Angeles Clippers,,96,1.42,2.30
2012-01-26,Sacramento Kings,Denver Nuggets,93,122,2.95,1.25
2012-01-26,Utah Jazz,Toronto Raptors,106,111,1.06,5.17
2012-01-26,Dallas Mavericks,Minnesota Timberwolves,90,105,1.30,2.75
2012-01-26,San Antonio Spurs,Atlanta Hawks,,105,1.39,2.38
2012-01-26,Chicago Bulls,Indiana Pacers,90,95,1.14,3.85
2012-01-26,Houston Rockets,Milwaukee Bucks,99,105,1.35,2.50
2012-01-26,Oklahoma City Thunder,New Orleans Pelicans,,101,1.01,7.50
2012-01-26,Detroit Pistons,Miami Heat,98,101,4.15,1.09
2012-01-26,Cleveland Cavaliers,New York Knicks,,91,2.30,1.42
2012-01-26,Philadelphia 76ers,Brooklyn Nets,90,97,1.01,6.75
2012-01-26,Washington Wizards,Charlotte Hornets,,92,1.19,3.38
2012-01-25,Portland Trail Blazers,Memphis Grizzlies,,97,1.29,2.78
2012-01-25,Phoenix Suns,Toronto Raptors,96,99,1.27,2.77
2012-01-25,Miami Heat,Cleveland Cavaliers,,92,1.01,7.17
2012-01-25,Charlotte Hornets,New York Knicks,78,111,2.63,1.29
2012-01-25,Indiana Pacers,Orlando Magic,83,102,1.50,2.10
2012-01-24,Golden State Warriors,Memphis Grizzlies,90,91,1.55,2.03
2012-01-24,Portland Trail Blazers,Sacramento Kings,,101,1.05,5.15
2012-01-24,Dallas Mavericks,Phoenix Suns,,93,1.32,2.51
2012-01-24,Chicago Bulls,Brooklyn Nets,,110,1.01,6.58
2012-01-24,Milwaukee Bucks,Atlanta Hawks,92,97,1.82,1.67
2012-01-24,Minnesota Timberwolves,Houston Rockets,92,107,1.55,1.97
2012-01-24,New Orleans Pelicans,San Antonio Spurs,102,104,2.32,1.38
2012-01-24,Oklahoma City Thunder,Detroit Pistons,,99,1.01,6.75
2012-01-24,Boston Celtics,Orlando Magic,,87,2.75,1.27
2012-01-24,Philadelphia 76ers,Washington Wizards,76,103,1.01,6.42
2012-01-23,Los Angeles Lakers,Indiana Pacers,96,98,1.29,2.78
2012-01-23,Brooklyn Nets,Charlotte Hornets,,97,1.32,2.51
2012-01-23,Miami Heat,Milwaukee Bucks,82,91,1.08,4.43
2012-01-22,Los Angeles Clippers,Toronto Raptors,,103,1.12,4.05
2012-01-22,Washington Wizards,Boston Celtics,94,100,2.35,1.37
2012-01-22,Utah Jazz,Minnesota Timberwolves,,108,1.20,3.28
2012-01-22,Brooklyn Nets,Oklahoma City Thunder,74,84,3.57,1.14
2012-01-22,Chicago Bulls,Charlotte Hornets,,95,1.01,7.08
2012-01-22,Houston Rockets,San Antonio Spurs,,105,1.35,2.41
2012-01-22,Memphis Grizzlies,Sacramento Kings,,128,1.10,4.22
2012-01-22,New Orleans Pelicans,Dallas Mavericks,81,83,2.28,1.40
2012-01-22,Detroit Pistons,Portland Trail Blazers,,94,3.13,1.20
2012-01-22,Miami Heat,Philadelphia 76ers,,113,1.20,3.15
2012-01-22,New York Knicks,Denver Nuggets,114,119,1.96,1.56
2012-01-22,Atlanta Hawks,Cleveland Cavaliers,,121,1.18,3.37
2012-01-21,Golden State Warriors,Indiana Pacers,91,94,1.92,1.63
2012-01-21,Los Angeles Clippers,Minnesota Timberwolves,98,101,1.35,2.40
2012-01-21,San Antonio Spurs,Sacramento Kings,86,88,1.02,5.83
2012-01-21,Orlando Magic,Los Angeles Lakers,,92,1.41,2.26
2012-01-21,Boston Celtics,Phoenix Suns,71,79,1.25,2.88
2012-01-21,Cleveland Cavaliers,Chicago Bulls,75,114,2.51,1.32
2012-01-21,Detroit Pistons,Memphis Grizzlies,81,98,2.42,1.35
2012-01-21,New York Knicks,Milwaukee Bucks,86,100,1.35,2.40
2012-01-21,Philadelphia 76ers,Atlanta Hawks,76,90,1.25,2.85
2012-01-21,Toronto Raptors,Portland Trail Blazers,84,94,3.27,1.19
2012-01-21,Washington Wizards,Denver Nuggets,104,108,3.37,1.17
2012-01-20,Utah Jazz,Dallas Mavericks,91,94,1.55,2.02
2012-01-20,Houston Rockets,New Orleans Pelicans,,90,1.07,4.65
2012-01-20,Miami Heat,Los Angeles Lakers,,98,1.31,2.67
2012-01-19,Los Angeles Clippers,Dallas Mavericks,,91,2.08,1.53
2012-01-19,Sacramento Kings,Indiana Pacers,,92,2.68,1.29
2012-01-19,Atlanta Hawks,Portland Trail Blazers,,92,1.59,1.92
2012-01-19,Minnesota Timberwolves,Detroit Pistons,,93,1.11,3.95
2012-01-19,New Orleans Pelicans,Memphis Grizzlies,87,93,2.28,1.40
2012-01-19,Boston Celtics,Toronto Raptors,,96,1.08,4.51
2012-01-19,Brooklyn Nets,Golden State Warriors,,107,1.50,2.04
2012-01-19,New York Knicks,Phoenix Suns,88,91,1.16,3.58
2012-01-19,Orlando Magic,San Antonio Spurs,83,85,1.35,2.41
2012-01-19,Philadelphia 76ers,Denver Nuggets,104,108,1.29,2.67
2012-01-19,Washington Wizards,Oklahoma City Thunder,,105,5.61,1.04
2012-01-18,Utah Jazz,Los Angeles Clippers,,108,1.41,2.25
2012-01-18,Chicago Bulls,Phoenix Suns,,118,1.10,4.13
2012-01-18,Houston Rockets,Detroit Pistons,,97,1.17,3.40
2012-01-18,Milwaukee Bucks,Denver Nuggets,95,105,2.01,1.52
2012-01-18,Miami Heat,San Antonio Spurs,,120,1.22,3.00
2012-01-18,Cleveland Cavaliers,Golden State Warriors,95,105,1.59,1.91
2012-01-18,Orlando Magic,Charlotte Hornets,,96,1.02,6.17
2012-01-17,Los Angeles Lakers,Dallas Mavericks,,73,1.46,2.18
2012-01-17,Boston Celtics,Oklahoma City Thunder,88,97,2.03,1.52
2012-01-17,Minnesota Timberwolves,Sacramento Kings,,99,1.20,3.12
2012-01-16,Atlanta Hawks,Toronto Raptors,,93,1.06,5.17
2012-01-16,Los Angeles Clippers,Brooklyn Nets,,101,1.15,3.73
2012-01-16,New Orleans Pelicans,Portland Trail Blazers,77,84,2.68,1.29
2012-01-16,Charlotte Hornets,Cleveland Cavaliers,94,102,1.66,1.82
2012-01-16,Philadelphia 76ers,Milwaukee Bucks,76,94,1.11,4.02
2012-01-16,Washington Wizards,Houston Rockets,106,114,2.56,1.31
2012-01-16,Memphis Grizzlies,Chicago Bulls,,102,1.95,1.60
2012-01-16,New York Knicks,Orlando Magic,93,102,1.84,1.64
2012-01-16,San Antonio Spurs,Phoenix Suns,,102,1.14,3.55
2012-01-16,Denver Nuggets,Utah Jazz,96,106,1.06,4.90
2012-01-16,Detroit Pistons,Golden State Warriors,91,99,1.38,2.40
2012-01-15,Los Angeles Clippers,Los Angeles Lakers,,102,1.57,1.93
2012-01-15,Dallas Mavericks,Sacramento Kings,,99,1.01,6.50
2012-01-15,Utah Jazz,Brooklyn Nets,,107,1.14,3.55
2012-01-15,Chicago Bulls,Toronto Raptors,,77,1.00,7.50
2012-01-15,Houston Rockets,Portland Trail Blazers,,107,1.82,1.66
2012-01-15,Memphis Grizzlies,New Orleans Pelicans,,108,1.04,5.57
2012-01-15,Oklahoma City Thunder,New York Knicks,,104,1.03,5.50
2012-01-15,Atlanta Hawks,Minnesota Timberwolves,,93,1.19,3.22
2012-01-15,Charlotte Hornets,Golden State Warriors,,112,2.10,1.47
2012-01-15,Indiana Pacers,Boston Celtics,,97,1.44,2.25
2012-01-15,Washington Wizards,Philadelphia 76ers,90,103,3.77,1.12
2012-01-14,Denver Nuggets,Miami Heat,,117,2.12,1.46
2012-01-14,Los Angeles Lakers,Cleveland Cavaliers,,97,1.05,4.92
2012-01-14,Phoenix Suns,Brooklyn Nets,103,110,1.31,2.58
2012-01-14,Dallas Mavericks,Milwaukee Bucks,,102,1.09,4.28
2012-01-14,San Antonio Spurs,Portland Trail Blazers,,99,1.65,1.83
2012-01-14,Boston Celtics,Chicago Bulls,79,88,1.87,1.62
2012-01-14,Houston Rockets,Sacramento Kings,,103,1.13,3.70
2012-01-14,New Orleans Pelicans,Minnesota Timberwolves,80,87,1.84,1.64
2012-01-14,Charlotte Hornets,Detroit Pistons,81,98,1.52,2.10
2012-01-14,Philadelphia 76ers,Washington Wizards,76,120,1.01,7.38
2012-01-14,Toronto Raptors,Indiana Pacers,90,95,2.75,1.30
2012-01-13,Golden State Warriors,Orlando Magic,109,117,2.10,1.47
2012-01-13,Phoenix Suns,Cleveland Cavaliers,90,101,1.20,3.13
2012-01-13,Memphis Grizzlies,New York Knicks,,94,1.43,2.28
2012-01-13,Milwaukee Bucks,Detroit Pistons,,102,1.12,3.80
2012-01-13,Atlanta Hawks,Charlotte Hornets,,111,1.14,3.73
2012-01-12,Los Angeles Clippers,Miami Heat,,95,2.15,1.48
2012-01-12,Portland Trail Blazers,Orlando Magic,104,107,1.50,2.10
2012-01-12,Denver Nuggets,Brooklyn Nets,,123,1.01,6.42
2012-01-12,Utah Jazz,Los Angeles Lakers,87,90,1.89,1.60
2012-01-12,San Antonio Spurs,Houston Rockets,,101,1.22,3.03
2012-01-12,Boston Celtics,Dallas Mavericks,85,90,1.34,2.48
2012-01-12,Chicago Bulls,Washington Wizards,,78,1.04,5.63
2012-01-12,New Orleans Pelicans,Oklahoma City Thunder,85,95,2.97,1.23
2012-01-12,New York Knicks,Philadelphia 76ers,,85,1.43,2.21
2012-01-12,Indiana Pacers,Atlanta Hawks,,96,1.52,1.99
2012-01-12,Toronto Raptors,Sacramento Kings,91,98,1.30,2.60
2012-01-11,Golden State Warriors,Miami Heat,,111,4.13,1.10
2012-01-11,Los Angeles Lakers,Phoenix Suns,,99,1.16,3.42
2012-01-11,Portland Trail Blazers,Los Angeles Clippers,,105,1.30,2.75
2012-01-11,Utah Jazz,Cleveland Cavaliers,,113,1.24,2.88
2012-01-11,Memphis Grizzlies,Oklahoma City Thunder,95,100,2.05,1.54
2012-01-11,Milwaukee Bucks,San Antonio Spurs,,106,1.94,1.56
2012-01-11,Minnesota Timberwolves,Chicago Bulls,100,111,2.92,1.23
2012-01-11,Detroit Pistons,Dallas Mavericks,86,100,3.05,1.24
2012-01-11,Charlotte Hornets,Houston Rockets,70,82,2.11,1.47
2012-01-11,Philadelphia 76ers,Sacramento Kings,76,112,1.09,4.30
2012-01-11,Washington Wizards,Toronto Raptors,,93,1.57,1.92
2012-01-10,Denver Nuggets,New Orleans Pelicans,81,94,1.01,6.67
2012-01-10,Chicago Bulls,Detroit Pistons,,92,1.01,7.30
2012-01-10,Brooklyn Nets,Atlanta Hawks,101,106,2.67,1.29
2012-01-10,New York Knicks,Charlotte Hornets,,91,1.04,5.32
2012-01-10,Philadelphia 76ers,Indiana Pacers,76,96,1.23,3.10
2012-01-10,Toronto Raptors,Minnesota Timberwolves,,97,1.51,2.03
2012-01-09,Los Angeles Lakers,Memphis Grizzlies,,90,1.19,3.27
2012-01-09,Portland Trail Blazers,Cleveland Cavaliers,,98,1.04,5.75
2012-01-09,Phoenix Suns,Milwaukee Bucks,,109,1.19,3.27
2012-01-09,Oklahoma City Thunder,San Antonio Spurs,,108,1.28,2.72
2012-01-09,Sacramento Kings,Orlando Magic,97,104,3.07,1.21
2012-01-08,Washington Wizards,Minnesota Timberwolves,72,93,1.95,1.56
2012-01-08,Golden State Warriors,Utah Jazz,87,88,1.47,2.10
2012-01-08,Los Angeles Clippers,Milwaukee Bucks,,92,1.06,4.88
2012-01-08,Dallas Mavericks,New Orleans Pelicans,,96,1.02,6.07
2012-01-08,San Antonio Spurs,Denver Nuggets,,121,1.39,2.30
2012-01-08,Houston Rockets,Oklahoma City Thunder,95,98,2.65,1.29
2012-01-08,Philadelphia 76ers,Toronto Raptors,76,97,1.06,4.75
2012-01-08,Brooklyn Nets,Miami Heat,90,101,3.85,1.12
2012-01-08,Detroit Pistons,New York Knicks,80,103,2.37,1.37
2012-01-08,Atlanta Hawks,Chicago Bulls,,109,2.72,1.28
2012-01-08,Indiana Pacers,Charlotte Hornets,,99,1.07,4.65
2012-01-07,Los Angeles Lakers,Golden State Warriors,,97,1.05,5.07
2012-01-07,Phoenix Suns,Portland Trail Blazers,,102,2.02,1.52
2012-01-07,Utah Jazz,Memphis Grizzlies,,94,1.82,1.67
2012-01-07,Minnesota Timberwolves,Cleveland Cavaliers,87,98,1.21,3.20
2012-01-07,New Orleans Pelicans,Denver Nuggets,88,96,2.85,1.25
2012-01-07,Oklahoma City Thunder,Houston Rockets,,109,1.09,4.38
2012-01-07,Orlando Magic,Chicago Bulls,83,97,1.83,1.66
2012-01-07,Boston Celtics,Indiana Pacers,74,87,1.27,2.77
2012-01-07,Charlotte Hornets,Atlanta Hawks,96,102,1.87,1.62
2012-01-07,Philadelphia 76ers,Detroit Pistons,76,96,1.07,4.57
2012-01-07,Toronto Raptors,Brooklyn Nets,85,97,1.25,2.85
2012-01-07,Washington Wizards,New York Knicks,96,99,2.98,1.25
2012-01-06,Portland Trail Blazers,Los Angeles Lakers,,107,1.46,2.18
2012-01-06,Sacramento Kings,Milwaukee Bucks,,103,2.13,1.50
2012-01-06,San Antonio Spurs,Dallas Mavericks,,93,1.54,2.05
2012-01-06,Atlanta Hawks,Miami Heat,109,116,1.42,2.28
2012-01-05,Los Angeles Clippers,Houston Rockets,,117,1.19,3.38
2012-01-05,Denver Nuggets,Sacramento Kings,,110,1.01,7.13
2012-01-05,Dallas Mavericks,Phoenix Suns,,98,1.16,3.58
2012-01-05,San Antonio Spurs,Golden State Warriors,,101,1.16,3.58
2012-01-05,Minnesota Timberwolves,Memphis Grizzlies,86,90,1.36,2.45
2012-01-05,New Orleans Pelicans,Philadelphia 76ers,93,101,2.58,1.34
2012-01-05,Boston Celtics,Brooklyn Nets,,89,1.01,8.00
2012-01-05,Detroit Pistons,Chicago Bulls,83,99,3.03,1.23
2012-01-05,Miami Heat,Indiana Pacers,,118,1.16,3.58
2012-01-05,New York Knicks,Charlotte Hornets,110,118,1.02,6.50
2012-01-05,Orlando Magic,Washington Wizards,,103,1.01,7.38
2012-01-05,Toronto Raptors,Cleveland Cavaliers,,92,1.34,2.58
2012-01-04,Los Angeles Lakers,Houston Rockets,,108,1.20,3.28
2012-01-04,Utah Jazz,Milwaukee Bucks,,85,1.73,1.82
2012-01-04,Chicago Bulls,Atlanta Hawks,,76,1.06,5.03
2012-01-04,Memphis Grizzlies,Sacramento Kings,,113,1.23,3.10
2012-01-04,Oklahoma City Thunder,Portland Trail Blazers,93,103,1.35,2.50
2012-01-04,Cleveland Cavaliers,Charlotte Hornets,,115,1.40,2.25
2012-01-03,Denver Nuggets,Milwaukee Bucks,,91,1.38,2.40
2012-01-03,Utah Jazz,New Orleans Pelicans,,94,1.23,3.03
2012-01-03,Dallas Mavericks,Oklahoma City Thunder,,100,2.02,1.55
2012-01-03,Minnesota Timberwolves,San Antonio Spurs,,106,2.59,1.33
2012-01-03,Boston Celtics,Washington Wizards,,100,1.02,6.63
2012-01-03,Brooklyn Nets,Indiana Pacers,94,108,2.83,1.28
2012-01-03,Detroit Pistons,Orlando Magic,,89,2.40,1.38
2012-01-03,Miami Heat,Atlanta Hawks,92,100,1.06,5.28
2012-01-03,New York Knicks,Toronto Raptors,85,90,1.11,4.12
2012-01-02,Phoenix Suns,Golden State Warriors,,102,1.44,2.35
2012-01-02,Los Angeles Clippers,Portland Trail Blazers,,93,1.48,2.15
2012-01-02,Sacramento Kings,New Orleans Pelicans,,96,1.42,2.30
2012-01-02,Chicago Bulls,Memphis Grizzlies,,104,1.17,3.48
2012-01-02,Denver Nuggets,Los Angeles Lakers,,99,1.36,2.47
2012-01-02,Minnesota Timberwolves,Dallas Mavericks,,99,2.13,1.49
2012-01-02,Cleveland Cavaliers,Brooklyn Nets,,98,1.57,2.00
2012-01-02,Miami Heat,Charlotte Hornets,,129,1.01,8.38
2012-01-02,Orlando Magic,Toronto Raptors,,102,1.03,6.13
2012-01-02,Washington Wizards,Boston Celtics,86,94,3.20,1.21
2012-01-01,Golden State Warriors,Philadelphia 76ers,79,107,1.95,1.59
2012-01-01,San Antonio Spurs,Utah Jazz,,104,1.01,7.38
2012-01-01,Oklahoma City Thunder,Phoenix Suns,,107,1.01,7.00
2012-01-01,Sacramento Kings,New York Knicks,92,114,1.85,1.67
2012-01-01,Houston Rockets,Atlanta Hawks,,95,1.73,1.79
2012-01-01,Detroit Pistons,Indiana Pacers,,96,2.00,1.56
2011-12-31,Los Angeles Lakers,Denver Nuggets,,92,1.31,2.67
2011-12-31,Los Angeles Clippers,Chicago Bulls,101,114,1.95,1.60
2011-12-31,Utah Jazz,Philadelphia 76ers,,102,2.40,1.39
2011-12-31,Dallas Mavericks,Toronto Raptors,,99,1.12,4.08
2011-12-31,Milwaukee Bucks,Washington Wizards,,102,1.11,4.20
2011-12-31,Memphis Grizzlies,Houston Rockets,,113,1.27,2.90
2011-12-31,Minnesota Timberwolves,Miami Heat,101,103,3.93,1.13
2011-12-31,New Orleans Pelicans,Phoenix Suns,78,93,1.56,2.00
2011-12-31,Atlanta Hawks,Brooklyn Nets,,105,1.02,6.50
2011-12-31,Boston Celtics,Detroit Pistons,,96,1.06,5.03
2011-12-31,Charlotte Hornets,Orlando Magic,79,100,2.38,1.39
2011-12-31,Indiana Pacers,Cleveland Cavaliers,,98,1.09,4.58
2011-12-30,Los Angeles Lakers,New York Knicks,,99,1.42,2.40
2011-12-30,Portland Trail Blazers,Denver Nuggets,,111,1.33,2.70
2011-12-30,Sacramento Kings,Chicago Bulls,98,108,3.40,1.19
2011-12-30,Houston Rockets,San Antonio Spurs,,105,2.18,1.46
2011-12-30,Oklahoma City Thunder,Dallas Mavericks,,104,1.31,2.68
2011-12-30,Orlando Magic,Brooklyn Nets,,94,1.02,6.50
2011-12-29,Golden State Warriors,New York Knicks,,92,2.75,1.29
2011-12-29,Denver Nuggets,Utah Jazz,,117,1.01,6.75
2011-12-29,Phoenix Suns,Philadelphia 76ers,83,103,1.85,1.67
2011-12-29,San Antonio Spurs,Los Angeles Clippers,,115,1.39,2.38
2011-12-29,Memphis Grizzlies,Oklahoma City Thunder,95,98,1.88,1.64
2011-12-29,New Orleans Pelicans,Boston Celtics,,97,2.38,1.39
2011-12-29,Atlanta Hawks,Washington Wizards,,101,1.11,4.12
2011-12-29,Detroit Pistons,Cleveland Cavaliers,89,105,1.31,2.67
2011-12-29,Charlotte Hornets,Miami Heat,95,96,5.92,1.04
2011-12-29,Toronto Raptors,Indiana Pacers,85,90,2.33,1.41
2011-12-28,Los Angeles Lakers,Utah Jazz,,96,1.30,2.67
2011-12-28,Portland Trail Blazers,Sacramento Kings,,101,1.13,3.77
2011-12-28,Milwaukee Bucks,Minnesota Timberwolves,,98,1.33,2.58
2011-12-28,Miami Heat,Boston Celtics,,115,1.09,4.59
2011-12-28,Brooklyn Nets,Atlanta Hawks,70,106,2.40,1.38
2011-12-27,Golden State Warriors,Chicago Bulls,,99,3.10,1.23
2011-12-27,Portland Trail Blazers,Philadelphia 76ers,,107,1.35,2.50
2011-12-27,Sacramento Kings,Los Angeles Lakers,,100,2.13,1.49
2011-12-27,Phoenix Suns,New Orleans Pelicans,84,85,1.25,2.95
2011-12-27,Dallas Mavericks,Denver Nuggets,93,115,1.39,2.40
2011-12-27,San Antonio Spurs,Memphis Grizzlies,,95,1.31,2.67
2011-12-27,Minnesota Timberwolves,Oklahoma City Thunder,100,104,2.70,1.30
2011-12-27,Charlotte Hornets,Milwaukee Bucks,,96,2.33,1.41
2011-12-27,Cleveland Cavaliers,Toronto Raptors,96,104,1.56,2.00
2011-12-27,Indiana Pacers,Detroit Pistons,,91,1.15,3.68
2011-12-27,Orlando Magic,Houston Rockets,,104,1.27,2.90
2011-12-27,Washington Wizards,Brooklyn Nets,84,90,1.45,2.23
2011-12-26,Golden State Warriors,Los Angeles Clippers,86,105,2.62,1.33
2011-12-26,Oklahoma City Thunder,Orlando Magic,,97,1.18,3.48
2011-12-25,Los Angeles Lakers,Chicago Bulls,87,88,2.43,1.38
2011-12-25,Dallas Mavericks,Miami Heat,94,105,2.43,1.37
2011-12-25,New York Knicks,Boston Celtics,,106,1.37,2.45
