gameId,teamId,teamCity,teamName,teamTricode,teamSlug,personId,firstName,familyName,nameI,playerSlug,position,comment,jerseyNum,minutes,effectiveFieldGoalPercentage,freeThrowAttemptRate,teamTurnoverPercentage,offensiveReboundPercentage,oppEffectiveFieldGoalPercentage,oppFreeThrowAttemptRate,oppTeamTurnoverPercentage,oppOffensiveReboundPercentage
0021500002,1610612739,Cleveland,Cavaliers,CLE,cavaliers,2544,LeBron,James,L. James,lebron-james,F,,23,36:04,0.471,0.2,0.13,0.0,0.447,0.303,0.114,0.143
0021500002,1610612739,Cleveland,Cavaliers,CLE,cavaliers,201567,Kevin,Love,K. Love,kevin-love,F,,0,34:49,0.471,0.206,0.135,0.098,0.484,0.238,0.109,0.121
0021500002,1610612739,Cleveland,Cavaliers,CLE,cavaliers,202389,Timofey,Mozgov,T. Mozgov,timofey-mozgov,C,,20,20:54,0.475,0.2,0.115,0.083,0.476,0.048,0.128,0.095
0021500002,1610612739,Cleveland,Cavaliers,CLE,cavaliers,2747,JR,Smith,J. Smith,jr-smith,G,,5,30:27,0.475,0.197,0.093,0.028,0.483,0.19,0.118,0.107
0021500002,1610612739,Cleveland,Cavaliers,CLE,cavaliers,2590,Mo,Williams,M. Williams,mo-williams,G,,52,37:09,0.479,0.239,0.127,0.0,0.463,0.224,0.115,0.108
0021500002,1610612739,Cleveland,Cavaliers,CLE,cavaliers,2210,Richard,Jefferson,R. Jefferson,richard-jefferson,,,24,16:57,0.409,0.091,0.087,0.0,0.534,0.241,0.147,0.188
0021500002,1610612739,Cleveland,Cavaliers,CLE,cavaliers,202684,Tristan,Thompson,T. Thompson,tristan-thompson,,,13,24:55,0.41,0.14,0.111,0.063,0.452,0.452,0.131,0.167
0021500002,1610612739,Cleveland,Cavaliers,CLE,cavaliers,203521,Matthew,Dellavedova,M. Dellavedova,matthew-dellavedova,,,8,20:12,0.415,0.122,0.069,0.037,0.403,0.333,0.162,0.238
0021500002,1610612739,Cleveland,Cavaliers,CLE,cavaliers,2592,James,Jones,J. Jones,james-jones,,,1,3:49,0.143,0.0,0.125,0.0,0.286,0.857,0.116,0.5
0021500002,1610612739,Cleveland,Cavaliers,CLE,cavaliers,203099,Jared,Cunningham,J. Cunningham,jared-cunningham,,,9,3:11,0.167,0.0,0.143,0.0,0.6,0.8,0.148,1.0
0021500002,1610612739,Cleveland,Cavaliers,CLE,cavaliers,2760,Anderson,Varejao,A. Varejao,anderson-varejao,,,17,11:33,0.543,0.217,0.0,0.077,0.475,0.2,0.168,0.2
0021500002,1610612739,Cleveland,Cavaliers,CLE,cavaliers,203925,Joe,Harris,J. Harris,joe-harris,,DNP - Coach's Decision,12,,0.0,0.0,0.0,0.0,0.0,0.0,0.0,0.0
0021500002,1610612739,Cleveland,Cavaliers,CLE,cavaliers,201619,Sasha,Kaun,S. Kaun,sasha-kaun,,DNP - Coach's Decision,14,,0.0,0.0,0.0,0.0,0.0,0.0,0.0,0.0
0021500002,1610612741,Chicago,Bulls,CHI,bulls,203503,Tony,Snell,T. Snell,tony-snell,F,,20,28:48,0.52,0.314,0.113,0.0,0.518,0.196,0.115,0.269
0021500002,1610612741,Chicago,Bulls,CHI,bulls,202703,Nikola,Mirotic,N. Mirotic,nikola-mirotic,F,,44,25:14,0.543,0.239,0.125,0.08,0.47,0.12,0.165,0.292
0021500002,1610612741,Chicago,Bulls,CHI,bulls,2200,Pau,Gasol,P. Gasol,pau-gasol,C,,16,31:33,0.475,0.2,0.101,0.0,0.525,0.23,0.091,0.233
0021500002,1610612741,Chicago,Bulls,CHI,bulls,202710,Jimmy,Butler III,J. Butler III,jimmy-butler-iii,G,,21,36:38,0.485,0.269,0.114,0.024,0.479,0.197,0.128,0.25
0021500002,1610612741,Chicago,Bulls,CHI,bulls,201565,Derrick,Rose,D. Rose,derrick-rose,G,,1,32:28,0.483,0.333,0.087,0.0,0.524,0.175,0.131,0.267
0021500002,1610612741,Chicago,Bulls,CHI,bulls,201166,Aaron,Brooks,A. Brooks,aaron-brooks,,,0,15:32,0.426,0.111,0.204,0.0,0.306,0.194,0.061,0.143
0021500002,1610612741,Chicago,Bulls,CHI,bulls,203926,Doug,McDermott,D. McDermott,doug-mcdermott,,,3,16:12,0.431,0.241,0.147,0.0,0.438,0.094,0.09,0.15
0021500002,1610612741,Chicago,Bulls,CHI,bulls,201149,Joakim,Noah,J. Noah,joakim-noah,,,13,17:07,0.446,0.393,0.172,0.105,0.397,0.147,0.085,0.182
0021500002,1610612741,Chicago,Bulls,CHI,bulls,202734,E'Twaun,Moore,E. Moore,etwaun-moore,,,55,14:22,0.352,0.185,0.16,0.0,0.276,0.207,0.065,0.15
0021500002,1610612741,Chicago,Bulls,CHI,bulls,201959,Taj,Gibson,T. Gibson,taj-gibson,,,22,22:06,0.375,0.3,0.13,0.069,0.372,0.209,0.085,0.154
0021500002,1610612741,Chicago,Bulls,CHI,bulls,203946,Cameron,Bairstow,C. Bairstow,cameron-bairstow,,DNP - Coach's Decision,41,,0.0,0.0,0.0,0.0,0.0,0.0,0.0,0.0
0021500002,1610612741,Chicago,Bulls,CHI,bulls,2550,Kirk,Hinrich,K. Hinrich,kirk-hinrich,,DNP - Coach's Decision,12,,0.0,0.0,0.0,0.0,0.0,0.0,0.0,0.0
0021500002,1610612741,Chicago,Bulls,CHI,bulls,1626171,Bobby,Portis,B. Portis,bobby-portis,,DNP - Coach's Decision,5,,0.0,0.0,0.0,0.0,0.0,0.0,0.0,0.0
0021500001,1610612765,Detroit,Pistons,DET,pistons,202694,Marcus,Morris Sr.,M. Morris Sr.,marcus-morris-sr,F,,13,37:05,0.448,0.338,0.118,0.098,0.485,0.169,0.149,0.2
0021500001,1610612765,Detroit,Pistons,DET,pistons,101141,Ersan,Ilyasova,E. Ilyasova,ersan-ilyasova,F,,23,34:26,0.464,0.271,0.15,0.065,0.438,0.232,0.181,0.094
0021500001,1610612765,Detroit,Pistons,DET,pistons,203083,Andre,Drummond,A. Drummond,andre-drummond,C,,0,37:09,0.468,0.338,0.118,0.16,0.469,0.172,0.151,0.194
0021500001,1610612765,Detroit,Pistons,DET,pistons,203484,Kentavious,Caldwell-Pope,K. Caldwell-Pope,kentavious-caldwell-pope,G,,5,37:03,0.454,0.342,0.119,0.02,0.485,0.169,0.149,0.2
0021500001,1610612765,Detroit,Pistons,DET,pistons,202704,Reggie,Jackson,R. Jackson,reggie-jackson,G,,1,32:07,0.485,0.369,0.105,0.024,0.426,0.204,0.172,0.188
0021500001,1610612765,Detroit,Pistons,DET,pistons,1626169,Stanley,Johnson,S. Johnson,stanley-johnson,,,7,24:29,0.422,0.156,0.204,0.103,0.605,0.14,0.126,0.211
0021500001,1610612765,Detroit,Pistons,DET,pistons,203382,Aron,Baynes,A. Baynes,aron-baynes,,,12,10:51,0.368,0.0,0.261,0.077,0.611,0.222,0.168,0.0
0021500001,1610612765,Detroit,Pistons,DET,pistons,2581,Steve,Blake,S. Blake,steve-blake,,,22,15:53,0.371,0.065,0.243,0.0,0.643,0.143,0.122,0.091
0021500001,1610612765,Detroit,Pistons,DET,pistons,201975,Jodie,Meeks,J. Meeks,jodie-meeks,,,20,10:57,0.425,0.0,0.25,0.077,0.559,0.235,0.176,0.0
0021500001,1610612765,Detroit,Pistons,DET,pistons,201202,Joel,Anthony,J. Anthony,joel-anthony,,DNP - Coach's Decision,50,,0.0,0.0,0.0,0.0,0.0,0.0,0.0,0.0
0021500001,1610612765,Detroit,Pistons,DET,pistons,203493,Reggie,Bullock Jr.,R. Bullock Jr.,reggie-bullock-jr,,DNP - Coach's Decision,25,,0.0,0.0,0.0,0.0,0.0,0.0,0.0,0.0
0021500001,1610612765,Detroit,Pistons,DET,pistons,203915,Spencer,Dinwiddie,S. Dinwiddie,spencer-dinwiddie,,DNP - Coach's Decision,8,,0.0,0.0,0.0,0.0,0.0,0.0,0.0,0.0
0021500001,1610612765,Detroit,Pistons,DET,pistons,1626199,Darrun,Hilliard,D. Hilliard,darrun-hilliard,,DNP - Coach's Decision,6,,0.0,0.0,0.0,0.0,0.0,0.0,0.0,0.0
0021500001,1610612737,Atlanta,Hawks,ATL,hawks,203145,Kent,Bazemore,K. Bazemore,kent-bazemore,F,,24,20:50,0.403,0.226,0.227,0.0,0.59,0.128,0.139,0.211
0021500001,1610612737,Atlanta,Hawks,ATL,hawks,200794,Paul,Millsap,P. Millsap,paul-millsap,F,,4,36:00,0.46,0.175,0.153,0.026,0.454,0.342,0.095,0.467
0021500001,1610612737,Atlanta,Hawks,ATL,hawks,201143,Al,Horford,A. Horford,al-horford,C,,15,30:14,0.51,0.265,0.159,0.036,0.443,0.279,0.144,0.441
0021500001,1610612737,Atlanta,Hawks,ATL,hawks,2594,Kyle,Korver,K. Korver,kyle-korver,G,,26,28:42,0.469,0.265,0.132,0.0,0.418,0.311,0.133,0.425
0021500001,1610612737,Atlanta,Hawks,ATL,hawks,201952,Jeff,Teague,J. Teague,jeff-teague,G,,0,31:52,0.422,0.255,0.157,0.0,0.443,0.271,0.107,0.465
0021500001,1610612737,Atlanta,Hawks,ATL,hawks,200757,Thabo,Sefolosha,T. Sefolosha,thabo-sefolosha,,,25,18:56,0.569,0.0,0.143,0.056,0.514,0.2,0.205,0.412
0021500001,1610612737,Atlanta,Hawks,ATL,hawks,201168,Tiago,Splitter,T. Splitter,tiago-splitter,,,11,16:18,0.532,0.0,0.161,0.188,0.577,0.269,0.235,0.231
0021500001,1610612737,Atlanta,Hawks,ATL,hawks,203934,Lamar,Patterson,L. Patterson,lamar-patterson,,,13,18:18,0.618,0.235,0.11,0.0,0.329,0.543,0.173,0.455
0021500001,1610612737,Atlanta,Hawks,ATL,hawks,203471,Dennis,Schröder,D. Schröder,dennis-schröder,,,17,25:22,0.544,0.089,0.161,0.043,0.417,0.188,0.18,0.407
0021500001,1610612737,Atlanta,Hawks,ATL,hawks,203488,Mike,Muscala,M. Muscala,mike-muscala,,,31,7:59,0.625,0.333,0.179,0.0,0.433,0.0,0.278,0.222
0021500001,1610612737,Atlanta,Hawks,ATL,hawks,203118,Mike,Scott,M. Scott,mike-scott,,,32,5:29,0.444,0.222,0.092,0.0,0.214,0.143,0.092,0.455
0021500001,1610612737,Atlanta,Hawks,ATL,hawks,203200,Justin,Holiday,J. Holiday,justin-holiday,,DNP - Coach's Decision,7,,0.0,0.0,0.0,0.0,0.0,0.0,0.0,0.0
0021500001,1610612737,Atlanta,Hawks,ATL,hawks,202714,Shelvin,Mack,S. Mack,shelvin-mack,,DNP - Coach's Decision,8,,0.0,0.0,0.0,0.0,0.0,0.0,0.0,0.0
0021500003,1610612740,New Orleans,Pelicans,NOP,pelicans,201967,Dante,Cunningham,D. Cunningham,dante-cunningham,F,,44,26:31,0.469,0.347,0.13,0.033,0.585,0.189,0.142,0.391
0021500003,1610612740,New Orleans,Pelicans,NOP,pelicans,203076,Anthony,Davis,A. Davis,anthony-davis,F,,23,34:31,0.458,0.4,0.165,0.027,0.5,0.25,0.167,0.441
0021500003,1610612740,New Orleans,Pelicans,NOP,pelicans,2570,Kendrick,Perkins,K. Perkins,kendrick-perkins,C,,5,15:53,0.5,0.034,0.15,0.0,0.613,0.129,0.094,0.333
0021500003,1610612740,New Orleans,Pelicans,NOP,pelicans,201569,Eric,Gordon,E. Gordon,eric-gordon,G,,10,33:29,0.518,0.375,0.148,0.0,0.508,0.258,0.166,0.406
0021500003,1610612740,New Orleans,Pelicans,NOP,pelicans,101126,Nate,Robinson,N. Robinson,nate-robinson,G,,2,19:03,0.371,0.226,0.23,0.0,0.5,0.175,0.15,0.5
0021500003,1610612740,New Orleans,Pelicans,NOP,pelicans,202397,Ish,Smith,I. Smith,ish-smith,,,4,38:01,0.508,0.364,0.189,0.027,0.427,0.253,0.213,0.459
0021500003,1610612740,New Orleans,Pelicans,NOP,pelicans,201582,Alexis,Ajinca,A. Ajinca,alexis-ajinca,,,42,16:56,0.558,0.385,0.275,0.214,0.343,0.257,0.237,0.526
0021500003,1610612740,New Orleans,Pelicans,NOP,pelicans,202087,Alonzo,Gee,A. Gee,alonzo-gee,,,15,26:56,0.362,0.255,0.223,0.0,0.37,0.241,0.264,0.536
0021500003,1610612740,New Orleans,Pelicans,NOP,pelicans,201583,Ryan,Anderson,R. Anderson,ryan-anderson,,,33,28:40,0.382,0.373,0.158,0.057,0.444,0.241,0.243,0.481
0021500003,1610612740,New Orleans,Pelicans,NOP,pelicans,201600,Omer,Asik,O. Asik,omer-asik,,DND - Right Calf Strain,3,,0.0,0.0,0.0,0.0,0.0,0.0,0.0,0.0
0021500003,1610612740,New Orleans,Pelicans,NOP,pelicans,202337,Luke,Babbitt,L. Babbitt,luke-babbitt,,DND - Left Hamstring Tightness,8,,0.0,0.0,0.0,0.0,0.0,0.0,0.0,0.0
0021500003,1610612740,New Orleans,Pelicans,NOP,pelicans,201950,Jrue,Holiday,J. Holiday,jrue-holiday,,DND - Rest,11,,0.0,0.0,0.0,0.0,0.0,0.0,0.0,0.0
0021500003,1610612744,Golden State,Warriors,GSW,warriors,203084,Harrison,Barnes,H. Barnes,harrison-barnes,F,,40,32:42,0.529,0.174,0.115,0.139,0.5,0.37,0.167,0.12
0021500003,1610612744,Golden State,Warriors,GSW,warriors,203110,Draymond,Green,D. Green,draymond-green,F,,23,29:26,0.508,0.242,0.142,0.086,0.489,0.298,0.2,0.048
0021500003,1610612744,Golden State,Warriors,GSW,warriors,101106,Andrew,Bogut,A. Bogut,andrew-bogut,C,,12,18:42,0.671,0.2,0.079,0.071,0.471,0.2,0.119,0.056
0021500003,1610612744,Golden State,Warriors,GSW,warriors,202691,Klay,Thompson,K. Thompson,klay-thompson,G,,11,26:26,0.51,0.333,0.186,0.0,0.52,0.18,0.164,0.13
0021500003,1610612744,Golden State,Warriors,GSW,warriors,201939,Stephen,Curry,S. Curry,stephen-curry,G,,30,35:37,0.493,0.222,0.156,0.073,0.508,0.339,0.154,0.071
0021500003,1610612744,Golden State,Warriors,GSW,warriors,2738,Andre,Iguodala,A. Iguodala,andre-iguodala,,,9,23:23,0.378,0.265,0.247,0.03,0.425,0.475,0.175,0.25
0021500003,1610612744,Golden State,Warriors,GSW,warriors,2571,Leandro,Barbosa,L. Barbosa,leandro-barbosa,,,19,20:30,0.359,0.152,0.25,0.032,0.441,0.529,0.186,0.35
0021500003,1610612744,Golden State,Warriors,GSW,warriors,203105,Festus,Ezeli,F. Ezeli,festus-ezeli,,,31,17:01,0.333,0.212,0.256,0.125,0.519,0.385,0.169,0.091
0021500003,1610612744,Golden State,Warriors,GSW,warriors,203949,James Michael,McAdoo,J. McAdoo,james-michael-mcadoo,,,20,2:31,0.875,0.5,0.291,0.0,0.4,0.8,0.174,0.5
0021500003,1610612744,Golden State,Warriors,GSW,warriors,201578,Marreese,Speights,M. Speights,marreese-speights,,,5,10:42,0.375,0.3,0.325,0.308,0.348,0.13,0.247,0.4
0021500003,1610612744,Golden State,Warriors,GSW,warriors,2733,Shaun,Livingston,S. Livingston,shaun-livingston,,,34,21:20,0.413,0.175,0.266,0.0,0.289,0.237,0.25,0.261
0021500003,1610612744,Golden State,Warriors,GSW,warriors,201575,Brandon,Rush,B. Rush,brandon-rush,,,4,1:40,1.25,1.0,0.258,0.0,0.25,0.5,0.258,0.667
0021500003,1610612744,Golden State,Warriors,GSW,warriors,201574,Jason,Thompson,J. Thompson,jason-thompson,,DNP - Coach's Decision,1,,0.0,0.0,0.0,0.0,0.0,0.0,0.0,0.0
0021500007,1610612762,Utah,Jazz,UTA,jazz,202330,Gordon,Hayward,G. Hayward,gordon-hayward,F,,20,35:27,0.509,0.309,0.17,0.034,0.49,0.404,0.157,0.074
0021500007,1610612762,Utah,Jazz,UTA,jazz,202324,Derrick,Favors,D. Favors,derrick-favors,F,,15,34:42,0.491,0.278,0.175,0.069,0.49,0.46,0.159,0.074
0021500007,1610612762,Utah,Jazz,UTA,jazz,203497,Rudy,Gobert,R. Gobert,rudy-gobert,C,,27,37:25,0.491,0.224,0.115,0.0,0.433,0.35,0.14,0.229
0021500007,1610612762,Utah,Jazz,UTA,jazz,203918,Rodney,Hood,R. Hood,rodney-hood,G,,5,29:25,0.561,0.122,0.139,0.045,0.395,0.535,0.16,0.231
0021500007,1610612762,Utah,Jazz,UTA,jazz,203526,Raul,Neto,R. Neto,raul-neto,G,,25,26:27,0.59,0.256,0.124,0.0,0.409,0.25,0.118,0.154
0021500007,1610612762,Utah,Jazz,UTA,jazz,203504,Trey,Burke,T. Burke,trey-burke,,,3,15:35,0.32,0.32,0.164,0.0,0.587,0.565,0.101,0.154
0021500007,1610612762,Utah,Jazz,UTA,jazz,202692,Alec,Burks,A. Burks,alec-burks,,,10,26:26,0.397,0.462,0.118,0.0,0.451,0.561,0.117,0.273
0021500007,1610612762,Utah,Jazz,UTA,jazz,1626168,Trey,Lyles,T. Lyles,trey-lyles,,,41,8:14,0.143,0.357,0.123,0.0,0.583,0.667,0.064,0.167
0021500007,1610612762,Utah,Jazz,UTA,jazz,204060,Joe,Ingles,J. Ingles,joe-ingles,,,2,16:23,0.481,0.296,0.032,0.0,0.357,0.607,0.064,0.333
0021500007,1610612762,Utah,Jazz,UTA,jazz,202407,Elijah,Millsap,E. Millsap,elijah-millsap,,,13,9:56,0.533,0.333,0.0,0.0,0.441,0.588,0.052,0.3
0021500007,1610612762,Utah,Jazz,UTA,jazz,202344,Trevor,Booker,T. Booker,trevor-booker,,NWT - SUSPENSION,33,,0.0,0.0,0.0,0.0,0.0,0.0,0.0,0.0
0021500007,1610612762,Utah,Jazz,UTA,jazz,203187,Chris,Johnson,C. Johnson,chris-johnson,,DNP - Coach's Decision,23,,0.0,0.0,0.0,0.0,0.0,0.0,0.0,0.0
0021500007,1610612762,Utah,Jazz,UTA,jazz,202353,Tibor,Pleiss,T. Pleiss,tibor-pleiss,,DNP - Coach's Decision,21,,0.0,0.0,0.0,0.0,0.0,0.0,0.0,0.0
0021500007,1610612765,Detroit,Pistons,DET,pistons,202694,Marcus,Morris Sr.,M. Morris Sr.,marcus-morris-sr,F,,13,35:29,0.5,0.481,0.155,0.03,0.429,0.268,0.17,0.129
0021500007,1610612765,Detroit,Pistons,DET,pistons,101141,Ersan,Ilyasova,E. Ilyasova,ersan-ilyasova,F,,23,21:46,0.412,0.176,0.188,0.0,0.516,0.226,0.195,0.071
0021500007,1610612765,Detroit,Pistons,DET,pistons,203083,Andre,Drummond,A. Drummond,andre-drummond,C,,0,36:07,0.509,0.472,0.153,0.061,0.421,0.298,0.166,0.125
0021500007,1610612765,Detroit,Pistons,DET,pistons,203484,Kentavious,Caldwell-Pope,K. Caldwell-Pope,kentavious-caldwell-pope,G,,5,35:48,0.519,0.5,0.156,0.0,0.518,0.263,0.144,0.143
0021500007,1610612765,Detroit,Pistons,DET,pistons,202704,Reggie,Jackson,R. Jackson,reggie-jackson,G,,1,31:15,0.467,0.422,0.176,0.0,0.531,0.271,0.175,0.091
0021500007,1610612765,Detroit,Pistons,DET,pistons,201975,Jodie,Meeks,J. Meeks,jodie-meeks,,,20,6:00,0.35,0.4,0.093,0.0,0.222,0.222,0.092,0.0
0021500007,1610612765,Detroit,Pistons,DET,pistons,2581,Steve,Blake,S. Blake,steve-blake,,,22,16:45,0.431,0.517,0.033,0.0,0.389,0.296,0.034,0.118
0021500007,1610612765,Detroit,Pistons,DET,pistons,201229,Anthony,Tolliver,A. Tolliver,anthony-tolliver,,,43,19:10,0.422,0.469,0.058,0.048,0.452,0.355,0.029,0.111
0021500007,1610612765,Detroit,Pistons,DET,pistons,203382,Aron,Baynes,A. Baynes,aron-baynes,,,12,11:53,0.31,0.429,0.048,0.125,0.667,0.222,0.0,0.0
0021500007,1610612765,Detroit,Pistons,DET,pistons,1626169,Stanley,Johnson,S. Johnson,stanley-johnson,,,7,19:35,0.45,0.733,0.08,0.1,0.563,0.281,0.079,0.067
0021500007,1610612765,Detroit,Pistons,DET,pistons,203493,Reggie,Bullock Jr.,R. Bullock Jr.,reggie-bullock-jr,,,25,6:12,0.25,0.333,0.0,0.0,0.5,0.444,0.085,0.0
0021500007,1610612765,Detroit,Pistons,DET,pistons,201202,Joel,Anthony,J. Anthony,joel-anthony,,DNP - Coach's Decision,50,,0.0,0.0,0.0,0.0,0.0,0.0,0.0,0.0
0021500007,1610612765,Detroit,Pistons,DET,pistons,203915,Spencer,Dinwiddie,S. Dinwiddie,spencer-dinwiddie,,DNP - Coach's Decision,8,,0.0,0.0,0.0,0.0,0.0,0.0,0.0,0.0
0021500008,1610612766,Charlotte,Hornets,CHA,hornets,203798,PJ,Hairston,P. Hairston,pj-hairston,F,,19,18:26,0.368,0.184,0.055,0.0,0.615,0.231,0.202,0.091
0021500008,1610612766,Charlotte,Hornets,CHA,hornets,101107,Marvin,Williams,M. Williams,marvin-williams,F,,2,37:52,0.477,0.422,0.079,0.051,0.518,0.375,0.146,0.034
0021500008,1610612766,Charlotte,Hornets,CHA,hornets,2744,Al,Jefferson,A. Jefferson,al-jefferson,C,,25,21:46,0.378,0.178,0.069,0.063,0.621,0.182,0.192,0.143
0021500008,1610612766,Charlotte,Hornets,CHA,hornets,201587,Nicolas,Batum,N. Batum,nicolas-batum,G,,5,32:30,0.458,0.35,0.078,0.053,0.64,0.2,0.16,0.095
0021500008,1610612766,Charlotte,Hornets,CHA,hornets,202689,Kemba,Walker,K. Walker,kemba-walker,G,,15,34:41,0.403,0.323,0.088,0.024,0.611,0.241,0.148,0.087
0021500008,1610612766,Charlotte,Hornets,CHA,hornets,203469,Cody,Zeller,C. Zeller,cody-zeller,,,40,29:59,0.43,0.48,0.085,0.121,0.625,0.341,0.122,0.0
0021500008,1610612766,Charlotte,Hornets,CHA,hornets,202391,Jeremy,Lin,J. Lin,jeremy-lin,,,7,27:01,0.463,0.537,0.112,0.0,0.537,0.366,0.112,0.0
0021500008,1610612766,Charlotte,Hornets,CHA,hornets,201150,Spencer,Hawes,S. Hawes,spencer-hawes,,,00,18:19,0.375,0.25,0.171,0.0,0.517,0.379,0.084,0.067
0021500008,1610612766,Charlotte,Hornets,CHA,hornets,203148,Brian,Roberts,B. Roberts,brian-roberts,,,22,13:19,0.5,0.409,0.111,0.0,0.474,0.421,0.118,0.0
0021500008,1610612766,Charlotte,Hornets,CHA,hornets,1626163,Frank,Kaminsky,F. Kaminsky,frank-kaminsky,,,44,6:07,0.4,0.0,0.25,0.0,0.462,0.0,0.0,0.143
0021500008,1610612766,Charlotte,Hornets,CHA,hornets,201946,Tyler,Hansbrough,T. Hansbrough,tyler-hansbrough,,DNP - Coach's Decision,50,,0.0,0.0,0.0,0.0,0.0,0.0,0.0,0.0
0021500008,1610612766,Charlotte,Hornets,CHA,hornets,1626151,Aaron,Harrison,A. Harrison,aaron-harrison,,DNP - Coach's Decision,9,,0.0,0.0,0.0,0.0,0.0,0.0,0.0,0.0
0021500008,1610612766,Charlotte,Hornets,CHA,hornets,203087,Jeremy,Lamb,J. Lamb,jeremy-lamb,,DNP - Coach's Decision,3,,0.0,0.0,0.0,0.0,0.0,0.0,0.0,0.0
0021500008,1610612748,Miami,Heat,MIA,heat,2736,Luol,Deng,L. Deng,luol-deng,F,,9,30:25,0.5,0.2,0.132,0.037,0.445,0.364,0.049,0.194
0021500008,1610612748,Miami,Heat,MIA,heat,2547,Chris,Bosh,C. Bosh,chris-bosh,F,,1,32:19,0.611,0.467,0.171,0.0,0.421,0.404,0.092,0.242
0021500008,1610612748,Miami,Heat,MIA,heat,202355,Hassan,Whiteside,H. Whiteside,hassan-whiteside,C,,21,20:15,0.7,0.067,0.167,0.0,0.425,0.2,0.076,0.28
0021500008,1610612748,Miami,Heat,MIA,heat,2548,Dwyane,Wade,D. Wade,dwyane-wade,G,,3,29:00,0.543,0.217,0.142,0.043,0.462,0.365,0.052,0.207
0021500008,1610612748,Miami,Heat,MIA,heat,201609,Goran,Dragic,G. Dragic,goran-dragic,G,,7,30:53,0.52,0.24,0.116,0.0,0.435,0.352,0.066,0.194
0021500008,1610612748,Miami,Heat,MIA,heat,2617,Udonis,Haslem,U. Haslem,udonis-haslem,,,40,10:38,0.447,0.211,0.092,0.0,0.474,0.158,0.141,0.2
0021500008,1610612748,Miami,Heat,MIA,heat,1626159,Justise,Winslow,J. Winslow,justise-winslow,,,20,25:30,0.654,0.282,0.14,0.0,0.31,0.286,0.166,0.226
0021500008,1610612748,Miami,Heat,MIA,heat,201596,Mario,Chalmers,M. Chalmers,mario-chalmers,,,15,17:07,0.696,0.391,0.182,0.0,0.417,0.333,0.145,0.263
0021500008,1610612748,Miami,Heat,MIA,heat,101123,Gerald,Green,G. Green,gerald-green,,,14,30:25,0.576,0.326,0.102,0.0,0.471,0.423,0.099,0.241
0021500008,1610612748,Miami,Heat,MIA,heat,201177,Josh,McRoberts,J. McRoberts,josh-mcroberts,,,4,13:28,0.529,0.647,0.155,0.0,0.421,0.474,0.154,0.083
0021500008,1610612748,Miami,Heat,MIA,heat,2365,Chris,Andersen,C. Andersen,chris-andersen,,DNP - Coach's Decision,11,,0.0,0.0,0.0,0.0,0.0,0.0,0.0,0.0
0021500008,1610612748,Miami,Heat,MIA,heat,203516,James,Ennis III,J. Ennis III,james-ennis-iii,,DNP - Coach's Decision,32,,0.0,0.0,0.0,0.0,0.0,0.0,0.0,0.0
0021500008,1610612748,Miami,Heat,MIA,heat,204020,Tyler,Johnson,T. Johnson,tyler-johnson,,DNP - Coach's Decision,8,,0.0,0.0,0.0,0.0,0.0,0.0,0.0,0.0
0021500016,1610612746,LA,Clippers,LAC,clippers,202362,Lance,Stephenson,L. Stephenson,lance-stephenson,F,,1,19:08,0.686,0.343,0.139,0.067,0.5,0.189,0.214,0.35
0021500016,1610612746,LA,Clippers,LAC,clippers,201933,Blake,Griffin,B. Griffin,blake-griffin,F,,32,38:15,0.619,0.343,0.132,0.061,0.493,0.216,0.163,0.225
0021500016,1610612746,LA,Clippers,LAC,clippers,201599,DeAndre,Jordan,D. Jordan,deandre-jordan,C,,6,27:06,0.6,0.32,0.102,0.074,0.49,0.184,0.197,0.154
0021500016,1610612746,LA,Clippers,LAC,clippers,200755,JJ,Redick,J. Redick,jj-redick,G,,4,30:45,0.657,0.426,0.103,0.0,0.526,0.207,0.19,0.276
0021500016,1610612746,LA,Clippers,LAC,clippers,101108,Chris,Paul,C. Paul,chris-paul,G,,3,36:34,0.608,0.354,0.125,0.0,0.493,0.194,0.168,0.237
0021500016,1610612746,LA,Clippers,LAC,clippers,2037,Jamal,Crawford,J. Crawford,jamal-crawford,,,11,21:08,0.455,0.394,0.183,0.0,0.465,0.256,0.123,0.227
0021500016,1610612746,LA,Clippers,LAC,clippers,1718,Paul,Pierce,P. Pierce,paul-pierce,,,34,23:60,0.486,0.405,0.165,0.043,0.544,0.156,0.157,0.25
0021500016,1610612746,LA,Clippers,LAC,clippers,2746,Josh,Smith,J. Smith,josh-smith,,,5,16:18,0.405,0.476,0.247,0.0,0.515,0.176,0.115,0.333
0021500016,1610612746,LA,Clippers,LAC,clippers,203085,Austin,Rivers,A. Rivers,austin-rivers,,,25,16:07,0.37,0.522,0.21,0.0,0.431,0.111,0.151,0.235
0021500016,1610612746,LA,Clippers,LAC,clippers,202325,Wesley,Johnson,W. Johnson,wesley-johnson,,,33,10:36,0.3,0.533,0.186,0.0,0.476,0.19,0.168,0.3
0021500016,1610612746,LA,Clippers,LAC,clippers,202332,Cole,Aldrich,C. Aldrich,cole-aldrich,,,45,0:03,0.0,0.0,0.0,0.0,0.0,0.0,0.0,0.0
0021500016,1610612746,LA,Clippers,LAC,clippers,201601,Luc,Mbah a Moute,L. Mbah a Moute,luc-mbah-a-moute,,DNP - Coach's Decision,12,,0.0,0.0,0.0,0.0,0.0,0.0,0.0,0.0
0021500016,1610612746,LA,Clippers,LAC,clippers,203143,Pablo,Prigioni,P. Prigioni,pablo-prigioni,,DNP - Coach's Decision,9,,0.0,0.0,0.0,0.0,0.0,0.0,0.0,0.0
0021500016,1610612758,Sacramento,Kings,SAC,kings,200752,Rudy,Gay,R. Gay,rudy-gay,F,,8,31:21,0.542,0.217,0.17,0.029,0.558,0.5,0.13,0.103
0021500016,1610612758,Sacramento,Kings,SAC,kings,202326,DeMarcus,Cousins,D. Cousins,demarcus-cousins,F,,15,34:37,0.538,0.242,0.179,0.079,0.603,0.466,0.117,0.067
0021500016,1610612758,Sacramento,Kings,SAC,kings,201585,Kosta,Koufos,K. Koufos,kosta-koufos,C,,41,22:32,0.523,0.136,0.197,0.115,0.64,0.186,0.124,0.211
0021500016,1610612758,Sacramento,Kings,SAC,kings,203463,Ben,McLemore,B. McLemore,ben-mclemore,G,,23,20:04,0.525,0.2,0.198,0.0,0.689,0.432,0.109,0.214
0021500016,1610612758,Sacramento,Kings,SAC,kings,200765,Rajon,Rondo,R. Rondo,rajon-rondo,G,,9,25:15,0.531,0.163,0.212,0.038,0.648,0.341,0.128,0.158
0021500016,1610612758,Sacramento,Kings,SAC,kings,201956,Omri,Casspi,O. Casspi,omri-casspi,,,18,20:07,0.513,0.105,0.144,0.045,0.438,0.25,0.202,0.19
0021500016,1610612758,Sacramento,Kings,SAC,kings,1626161,Willie,Cauley-Stein,W. Cauley-Stein,willie-cauley-stein,,,00,7:51,0.464,0.143,0.189,0.111,0.417,0.333,0.218,0.375
0021500016,1610612758,Sacramento,Kings,SAC,kings,201158,Marco,Belinelli,M. Belinelli,marco-belinelli,,,3,31:57,0.445,0.219,0.123,0.0,0.49,0.49,0.178,0.129
0021500016,1610612758,Sacramento,Kings,SAC,kings,201954,Darren,Collison,D. Collison,darren-collison,,,7,30:22,0.483,0.217,0.131,0.026,0.5,0.417,0.157,0.103
0021500016,1610612758,Sacramento,Kings,SAC,kings,2406,Caron,Butler,C. Butler,caron-butler,,,31,12:40,0.293,0.069,0.162,0.045,0.425,0.2,0.194,0.077
0021500016,1610612758,Sacramento,Kings,SAC,kings,202341,James,Anderson,J. Anderson,james-anderson,,,5,3:14,0.417,0.667,0.129,0.0,0.8,0.6,0.137,0.0
0021500016,1610612758,Sacramento,Kings,SAC,kings,203112,Quincy,Acy,Q. Acy,quincy-acy,,DNP - Coach's Decision,13,,0.0,0.0,0.0,0.0,0.0,0.0,0.0,0.0
0021500016,1610612758,Sacramento,Kings,SAC,kings,203552,Seth,Curry,S. Curry,seth-curry,,DNP - Coach's Decision,30,,0.0,0.0,0.0,0.0,0.0,0.0,0.0,0.0
0021500017,1610612750,Minnesota,Timberwolves,MIN,timberwolves,2419,Tayshaun,Prince,T. Prince,tayshaun-prince,F,,12,14:37,0.521,0.5,0.035,0.077,0.333,0.367,0.118,0.278
0021500017,1610612750,Minnesota,Timberwolves,MIN,timberwolves,708,Kevin,Garnett,K. Garnett,kevin-garnett,F,,21,12:53,0.548,0.571,0.04,0.0,0.278,0.222,0.101,0.188
0021500017,1610612750,Minnesota,Timberwolves,MIN,timberwolves,1626157,Karl-Anthony,Towns,K. Towns,karl-anthony-towns,C,,32,31:53,0.527,0.364,0.105,0.065,0.367,0.417,0.129,0.294
0021500017,1610612750,Minnesota,Timberwolves,MIN,timberwolves,203952,Andrew,Wiggins,A. Wiggins,andrew-wiggins,G,,22,29:05,0.549,0.373,0.114,0.0,0.361,0.463,0.095,0.258
0021500017,1610612750,Minnesota,Timberwolves,MIN,timberwolves,201937,Ricky,Rubio,R. Rubio,ricky-rubio,G,,9,32:29,0.544,0.404,0.101,0.0,0.356,0.475,0.126,0.273
0021500017,1610612750,Minnesota,Timberwolves,MIN,timberwolves,202357,Nemanja,Bjelica,N. Bjelica,nemanja-bjelica,,,88,22:36,0.451,0.512,0.04,0.0,0.39,0.488,0.138,0.261
0021500017,1610612750,Minnesota,Timberwolves,MIN,timberwolves,2755,Kevin,Martin,K. Martin,kevin-martin,,,23,28:58,0.442,0.442,0.094,0.0,0.55,0.48,0.142,0.286
0021500017,1610612750,Minnesota,Timberwolves,MIN,timberwolves,203498,Shabazz,Muhammad,S. Muhammad,shabazz-muhammad,,,15,18:55,0.391,0.563,0.025,0.0,0.556,0.278,0.18,0.286
0021500017,1610612750,Minnesota,Timberwolves,MIN,timberwolves,203897,Zach,LaVine,Z. LaVine,zach-lavine,,,8,19:56,0.439,0.485,0.049,0.05,0.5,0.171,0.13,0.222
0021500017,1610612750,Minnesota,Timberwolves,MIN,timberwolves,203476,Gorgui,Dieng,G. Dieng,gorgui-dieng,,,5,20:19,0.414,0.514,0.047,0.048,0.564,0.41,0.125,0.286
0021500017,1610612750,Minnesota,Timberwolves,MIN,timberwolves,203940,Adreian,Payne,A. Payne,adreian-payne,,,33,3:47,0.583,0.333,0.145,0.0,0.786,0.0,0.125,0.0
0021500017,1610612750,Minnesota,Timberwolves,MIN,timberwolves,204014,Damjan,Rudez,D. Rudez,damjan-rudez,,,10,4:32,0.5,0.125,0.287,0.25,1.0,0.5,0.24,1.0
0021500017,1610612750,Minnesota,Timberwolves,MIN,timberwolves,1889,Andre,Miller,A. Miller,andre-miller,,DNP - Coach's Decision,24,,0.0,0.0,0.0,0.0,0.0,0.0,0.0,0.0
0021500017,1610612747,Los Angeles,Lakers,LAL,lakers,977,Kobe,Bryant,K. Bryant,kobe-bryant,F,,24,28:56,0.375,0.411,0.109,0.0,0.53,0.4,0.084,0.174
0021500017,1610612747,Los Angeles,Lakers,LAL,lakers,203944,Julius,Randle,J. Randle,julius-randle,F,,30,30:04,0.379,0.517,0.089,0.05,0.472,0.453,0.064,0.172
0021500017,1610612747,Los Angeles,Lakers,LAL,lakers,201579,Roy,Hibbert,R. Hibbert,roy-hibbert,C,,17,28:07,0.345,0.455,0.081,0.132,0.51,0.44,0.035,0.16
0021500017,1610612747,Los Angeles,Lakers,LAL,lakers,203903,Jordan,Clarkson,J. Clarkson,jordan-clarkson,G,,6,29:43,0.418,0.41,0.088,0.0,0.481,0.34,0.065,0.103
0021500017,1610612747,Los Angeles,Lakers,LAL,lakers,1626156,D'Angelo,Russell,D. Russell,dangelo-russell,G,,1,25:50,0.427,0.438,0.152,0.067,0.544,0.556,0.071,0.222
0021500017,1610612747,Los Angeles,Lakers,LAL,lakers,101150,Lou,Williams,L. Williams,lou-williams,,,23,27:27,0.471,0.412,0.129,0.0,0.468,0.489,0.069,0.115
0021500017,1610612747,Los Angeles,Lakers,LAL,lakers,201156,Nick,Young,N. Young,nick-young,,,0,19:04,0.544,0.353,0.162,0.0,0.424,0.515,0.072,0.105
0021500017,1610612747,Los Angeles,Lakers,LAL,lakers,203527,Ryan,Kelly,R. Kelly,ryan-kelly,,,4,20:38,0.541,0.27,0.19,0.048,0.5,0.441,0.112,0.063
0021500017,1610612747,Los Angeles,Lakers,LAL,lakers,101138,Brandon,Bass,B. Bass,brandon-bass,,,2,17:11,0.6,0.167,0.209,0.067,0.466,0.448,0.133,0.143
0021500017,1610612747,Los Angeles,Lakers,LAL,lakers,1626273,Marcelo,Huertas,M. Huertas,marcelo-huertas,,,9,13:00,0.45,0.15,0.197,0.083,0.429,0.381,0.151,0.182
0021500017,1610612747,Los Angeles,Lakers,LAL,lakers,204028,Tarik,Black,T. Black,tarik-black,,DNP - Coach's Decision,28,,0.0,0.0,0.0,0.0,0.0,0.0,0.0,0.0
0021500017,1610612747,Los Angeles,Lakers,LAL,lakers,1626148,Anthony,Brown,A. Brown,anthony-brown,,DNP - Coach's Decision,3,,0.0,0.0,0.0,0.0,0.0,0.0,0.0,0.0
0021500017,1610612747,Los Angeles,Lakers,LAL,lakers,203135,Robert,Sacre,R. Sacre,robert-sacre,,DNP - Coach's Decision,50,,0.0,0.0,0.0,0.0,0.0,0.0,0.0,0.0
0021500009,1610612754,Indiana,Pacers,IND,pacers,101139,CJ,Miles,C. Miles,cj-miles,F,,0,35:40,0.492,0.297,0.153,0.026,0.525,0.5,0.185,0.25
0021500009,1610612754,Indiana,Pacers,IND,pacers,202331,Paul,George,P. George,paul-george,F,,13,36:35,0.469,0.415,0.134,0.073,0.524,0.492,0.169,0.258
0021500009,1610612754,Indiana,Pacers,IND,pacers,101133,Ian,Mahinmi,I. Mahinmi,ian-mahinmi,C,,28,24:47,0.5,0.085,0.158,0.115,0.55,0.475,0.217,0.278
0021500009,1610612754,Indiana,Pacers,IND,pacers,101145,Monta,Ellis,M. Ellis,monta-ellis,G,,11,28:33,0.48,0.38,0.153,0.0,0.533,0.565,0.208,0.2
0021500009,1610612754,Indiana,Pacers,IND,pacers,201588,George,Hill,G. Hill,george-hill,G,,3,37:41,0.492,0.409,0.134,0.0,0.507,0.433,0.184,0.29
0021500009,1610612754,Indiana,Pacers,IND,pacers,201155,Rodney,Stuckey,R. Stuckey,rodney-stuckey,,,2,24:12,0.33,0.318,0.1,0.0,0.381,0.357,0.201,0.185
0021500009,1610612754,Indiana,Pacers,IND,pacers,201941,Jordan,Hill,J. Hill,jordan-hill,,,27,23:15,0.333,0.692,0.093,0.032,0.438,0.5,0.167,0.167
0021500009,1610612754,Indiana,Pacers,IND,pacers,202730,Lavoy,Allen,L. Allen,lavoy-allen,,,5,12:22,0.227,0.545,0.038,0.0,0.4,0.55,0.208,0.154
0021500009,1610612754,Indiana,Pacers,IND,pacers,201978,Chase,Budinger,C. Budinger,chase-budinger,,,10,14:51,0.241,0.207,0.065,0.0,0.526,0.632,0.256,0.091
0021500009,1610612754,Indiana,Pacers,IND,pacers,1626202,Joe,Young,J. Young,joe-young,,,1,2:04,0.25,0.0,0.0,0.0,0.333,0.667,0.0,0.0
0021500009,1610612754,Indiana,Pacers,IND,pacers,203524,Solomon,Hill,S. Hill,solomon-hill,,DNP - Coach's Decision,44,,0.0,0.0,0.0,0.0,0.0,0.0,0.0,0.0
0021500009,1610612754,Indiana,Pacers,IND,pacers,1626167,Myles,Turner,M. Turner,myles-turner,,DNP - Coach's Decision,33,,0.0,0.0,0.0,0.0,0.0,0.0,0.0,0.0
0021500009,1610612754,Indiana,Pacers,IND,pacers,203963,Shayne,Whittington,S. Whittington,shayne-whittington,,DNP - Coach's Decision,42,,0.0,0.0,0.0,0.0,0.0,0.0,0.0,0.0
0021500009,1610612761,Toronto,Raptors,TOR,raptors,201960,DeMarre,Carroll,D. Carroll,demarre-carroll,F,,5,41:11,0.547,0.563,0.207,0.053,0.448,0.299,0.122,0.178
0021500009,1610612761,Toronto,Raptors,TOR,raptors,2449,Luis,Scola,L. Scola,luis-scola,F,,4,17:29,0.604,0.5,0.323,0.143,0.471,0.059,0.167,0.25
0021500009,1610612761,Toronto,Raptors,TOR,raptors,202685,Jonas,Valančiūnas,J. Valančiūnas,jonas-valančiūnas,C,,17,32:17,0.554,0.63,0.234,0.038,0.419,0.21,0.113,0.135
0021500009,1610612761,Toronto,Raptors,TOR,raptors,201942,DeMar,DeRozan,D. DeRozan,demar-derozan,G,,10,35:52,0.525,0.458,0.198,0.0,0.469,0.354,0.125,0.139
0021500009,1610612761,Toronto,Raptors,TOR,raptors,200768,Kyle,Lowry,K. Lowry,kyle-lowry,G,,7,38:58,0.516,0.531,0.191,0.026,0.479,0.271,0.139,0.108
0021500009,1610612761,Toronto,Raptors,TOR,raptors,202687,Bismack,Biyombo,B. Biyombo,bismack-biyombo,,,8,15:43,0.412,0.294,0.11,0.125,0.438,0.75,0.147,0.25
0021500009,1610612761,Toronto,Raptors,TOR,raptors,202335,Patrick,Patterson,P. Patterson,patrick-patterson,,,54,19:18,0.395,0.342,0.134,0.0,0.348,0.424,0.142,0.176
0021500009,1610612761,Toronto,Raptors,TOR,raptors,203082,Terrence,Ross,T. Ross,terrence-ross,,,31,8:27,0.417,0.389,0.1,0.0,0.154,0.923,0.109,0.222
0021500009,1610612761,Toronto,Raptors,TOR,raptors,202709,Cory,Joseph,C. Joseph,cory-joseph,,,6,27:43,0.411,0.533,0.165,0.0,0.354,0.604,0.067,0.167
0021500009,1610612761,Toronto,Raptors,TOR,raptors,201949,James,Johnson,J. Johnson,james-johnson,,,3,3:02,0.438,0.375,0.107,0.0,0.25,0.5,0.17,0.0
0021500009,1610612761,Toronto,Raptors,TOR,raptors,203461,Anthony,Bennett,A. Bennett,anthony-bennett,,DNP - Coach's Decision,15,,0.0,0.0,0.0,0.0,0.0,0.0,0.0,0.0
0021500009,1610612761,Toronto,Raptors,TOR,raptors,1626181,Norman,Powell,N. Powell,norman-powell,,DNP - Coach's Decision,24,,0.0,0.0,0.0,0.0,0.0,0.0,0.0,0.0
0021500009,1610612761,Toronto,Raptors,TOR,raptors,1626153,Delon,Wright,D. Wright,delon-wright,,DNP - Coach's Decision,55,,0.0,0.0,0.0,0.0,0.0,0.0,0.0,0.0
0021500014,1610612742,Dallas,Mavericks,DAL,mavericks,202083,Wesley,Matthews,W. Matthews,wesley-matthews,F,,23,26:06,0.633,0.311,0.059,0.0,0.345,0.291,0.125,0.351
0021500014,1610612742,Dallas,Mavericks,DAL,mavericks,1717,Dirk,Nowitzki,D. Nowitzki,dirk-nowitzki,F,,41,20:43,0.6,0.35,0.045,0.05,0.36,0.326,0.152,0.333
0021500014,1610612742,Dallas,Mavericks,DAL,mavericks,2585,Zaza,Pachulia,Z. Pachulia,zaza-pachulia,C,,27,25:00,0.587,0.413,0.09,0.12,0.364,0.364,0.193,0.172
0021500014,1610612742,Dallas,Mavericks,DAL,mavericks,101109,Raymond,Felton,R. Felton,raymond-felton,G,,2,33:09,0.586,0.281,0.043,0.03,0.417,0.537,0.174,0.143
0021500014,1610612742,Dallas,Mavericks,DAL,mavericks,101114,Deron,Williams,D. Williams,deron-williams,G,,8,20:03,0.632,0.263,0.048,0.0,0.382,0.395,0.135,0.231
0021500014,1610612742,Dallas,Mavericks,DAL,mavericks,203939,Dwight,Powell,D. Powell,dwight-powell,,,7,17:19,0.431,0.414,0.11,0.0,0.406,0.375,0.199,0.238
0021500014,1610612742,Dallas,Mavericks,DAL,mavericks,202379,Jeremy,Evans,J. Evans,jeremy-evans,,,21,25:44,0.488,0.488,0.074,0.037,0.444,0.244,0.207,0.154
0021500014,1610612742,Dallas,Mavericks,DAL,mavericks,2734,Devin,Harris,D. Harris,devin-harris,,,34,23:11,0.449,0.487,0.099,0.0,0.451,0.268,0.231,0.261
0021500014,1610612742,Dallas,Mavericks,DAL,mavericks,200826,J.J.,Barea,J. Barea,jj-barea,,,5,24:46,0.423,0.436,0.121,0.0,0.49,0.265,0.133,0.31
0021500014,1610612742,Dallas,Mavericks,DAL,mavericks,101111,Charlie,Villanueva,C. Villanueva,charlie-villanueva,,,3,14:39,0.587,0.391,0.1,0.0,0.413,0.391,0.138,0.143
0021500014,1610612742,Dallas,Mavericks,DAL,mavericks,203098,John,Jenkins,J. Jenkins,john-jenkins,,,12,3:39,0.143,0.286,0.127,0.0,1.125,1.75,0.124,0.0
0021500014,1610612742,Dallas,Mavericks,DAL,mavericks,1626147,Justin,Anderson,J. Anderson,justin-anderson,,,1,3:28,0.143,0.0,0.143,0.0,1.125,1.75,0.124,0.0
0021500014,1610612742,Dallas,Mavericks,DAL,mavericks,1626257,Salah,Mejri,S. Mejri,salah-mejri,,,50,2:13,0.2,0.0,0.167,0.0,1.167,1.667,0.161,0.0
0021500014,1610612756,Phoenix,Suns,PHX,suns,200782,P.J.,Tucker,P. Tucker,pj-tucker,F,,17,9:10,0.267,0.667,0.147,0.077,0.632,0.211,0.0,0.222
0021500014,1610612756,Phoenix,Suns,PHX,suns,202693,Markieff,Morris,M. Morris,markieff-morris,F,,11,11:13,0.326,0.435,0.114,0.0,0.591,0.364,0.041,0.2
0021500014,1610612756,Phoenix,Suns,PHX,suns,2199,Tyson,Chandler,T. Chandler,tyson-chandler,C,,4,17:01,0.328,0.375,0.157,0.12,0.636,0.364,0.054,0.2
0021500014,1610612756,Phoenix,Suns,PHX,suns,202688,Brandon,Knight,B. Knight,brandon-knight,G,,3,34:25,0.411,0.371,0.19,0.023,0.57,0.344,0.054,0.125
0021500014,1610612756,Phoenix,Suns,PHX,suns,202339,Eric,Bledsoe,E. Bledsoe,eric-bledsoe,G,,2,31:23,0.37,0.37,0.16,0.026,0.589,0.375,0.074,0.103
0021500014,1610612756,Phoenix,Suns,PHX,suns,203933,T.J.,Warren,T. Warren,tj-warren,,,12,20:07,0.427,0.195,0.253,0.037,0.455,0.576,0.132,0.105
0021500014,1610612756,Phoenix,Suns,PHX,suns,203141,Mirza,Teletovic,M. Teletovic,mirza-teletovic,,,35,17:38,0.453,0.469,0.177,0.043,0.431,0.414,0.107,0.056
0021500014,1610612756,Phoenix,Suns,PHX,suns,203458,Alex,Len,A. Len,alex-len,,,21,13:33,0.304,0.435,0.23,0.176,0.5,0.458,0.097,0.071
0021500014,1610612756,Phoenix,Suns,PHX,suns,201603,Sonny,Weems,S. Weems,sonny-weems,,,10,15:15,0.469,0.344,0.148,0.0,0.417,0.417,0.132,0.133
0021500014,1610612756,Phoenix,Suns,PHX,suns,202720,Jon,Leuer,J. Leuer,jon-leuer,,,30,20:13,0.5,0.184,0.162,0.095,0.529,0.324,0.1,0.167
0021500014,1610612756,Phoenix,Suns,PHX,suns,101179,Ronnie,Price,R. Price,ronnie-price,,,14,11:18,0.5,0.524,0.121,0.0,0.444,0.333,0.139,0.2
0021500014,1610612756,Phoenix,Suns,PHX,suns,203462,Archie,Goodwin,A. Goodwin,archie-goodwin,,,20,17:24,0.537,0.593,0.111,0.0,0.484,0.323,0.029,0.105
0021500014,1610612756,Phoenix,Suns,PHX,suns,1626164,Devin,Booker,D. Booker,devin-booker,,,1,21:20,0.557,0.343,0.158,0.0,0.5,0.237,0.071,0.136
0021500015,1610612740,New Orleans,Pelicans,NOP,pelicans,201967,Dante,Cunningham,D. Cunningham,dante-cunningham,F,,44,31:21,0.509,0.143,0.081,0.0,0.48,0.12,0.132,0.0
0021500015,1610612740,New Orleans,Pelicans,NOP,pelicans,203076,Anthony,Davis,A. Davis,anthony-davis,F,,23,40:39,0.486,0.192,0.107,0.045,0.513,0.147,0.118,0.135
0021500015,1610612740,New Orleans,Pelicans,NOP,pelicans,2570,Kendrick,Perkins,K. Perkins,kendrick-perkins,C,,5,9:28,0.389,0.0,0.105,0.083,0.867,0.333,0.149,0.0
0021500015,1610612740,New Orleans,Pelicans,NOP,pelicans,201569,Eric,Gordon,E. Gordon,eric-gordon,G,,10,40:47,0.421,0.211,0.114,0.02,0.559,0.171,0.127,0.176
0021500015,1610612740,New Orleans,Pelicans,NOP,pelicans,201950,Jrue,Holiday,J. Holiday,jrue-holiday,G,,11,21:07,0.542,0.194,0.159,0.0,0.692,0.128,0.09,0.071
0021500015,1610612740,New Orleans,Pelicans,NOP,pelicans,202087,Alonzo,Gee,A. Gee,alonzo-gee,,,15,17:55,0.368,0.263,0.129,0.0,0.713,0.2,0.096,0.375
0021500015,1610612740,New Orleans,Pelicans,NOP,pelicans,201583,Ryan,Anderson,R. Anderson,ryan-anderson,,,33,38:32,0.473,0.247,0.105,0.0,0.507,0.123,0.113,0.171
0021500015,1610612740,New Orleans,Pelicans,NOP,pelicans,202397,Ish,Smith,I. Smith,ish-smith,,,4,28:35,0.448,0.19,0.063,0.0,0.462,0.173,0.136,0.179
0021500015,1610612740,New Orleans,Pelicans,NOP,pelicans,201582,Alexis,Ajinca,A. Ajinca,alexis-ajinca,,,42,7:21,0.333,0.222,0.096,0.077,0.885,0.231,0.131,0.333
0021500015,1610612740,New Orleans,Pelicans,NOP,pelicans,101126,Nate,Robinson,N. Robinson,nate-robinson,,,2,4:15,0.5,0.222,0.092,0.0,0.571,0.143,0.118,0.0
0021500015,1610612740,New Orleans,Pelicans,NOP,pelicans,201600,Omer,Asik,O. Asik,omer-asik,,DND - Right calf strain,3,,0.0,0.0,0.0,0.0,0.0,0.0,0.0,0.0
0021500015,1610612740,New Orleans,Pelicans,NOP,pelicans,202337,Luke,Babbitt,L. Babbitt,luke-babbitt,,DND - Left hamstring strain,8,,0.0,0.0,0.0,0.0,0.0,0.0,0.0,0.0
0021500015,1610612757,Portland,Trail Blazers,POR,blazers,202329,Al-Farouq,Aminu,A. Aminu,al-farouq-aminu,F,,8,31:08,0.593,0.153,0.108,0.0,0.4,0.236,0.135,0.083
0021500015,1610612757,Portland,Trail Blazers,POR,blazers,203086,Meyers,Leonard,M. Leonard,meyers-leonard,F,,11,34:02,0.581,0.145,0.141,0.065,0.371,0.177,0.113,0.1
0021500015,1610612757,Portland,Trail Blazers,POR,blazers,203486,Mason,Plumlee,M. Plumlee,mason-plumlee,C,,24,18:53,0.603,0.206,0.077,0.056,0.579,0.105,0.074,0.118
0021500015,1610612757,Portland,Trail Blazers,POR,blazers,203468,CJ,McCollum,C. McCollum,cj-mccollum,G,,3,37:23,0.619,0.149,0.105,0.031,0.443,0.143,0.124,0.103
0021500015,1610612757,Portland,Trail Blazers,POR,blazers,203081,Damian,Lillard,D. Lillard,damian-lillard,G,,0,35:54,0.56,0.164,0.13,0.0,0.447,0.212,0.104,0.075
0021500015,1610612757,Portland,Trail Blazers,POR,blazers,203459,Allen,Crabbe,A. Crabbe,allen-crabbe,,,23,21:34,0.488,0.171,0.13,0.0,0.523,0.279,0.061,0.105
0021500015,1610612757,Portland,Trail Blazers,POR,blazers,202334,Ed,Davis,E. Davis,ed-davis,,,17,29:07,0.546,0.13,0.147,0.074,0.368,0.264,0.125,0.091
0021500015,1610612757,Portland,Trail Blazers,POR,blazers,203943,Noah,Vonleh,N. Vonleh,noah-vonleh,,,21,13:46,0.52,0.2,0.071,0.0,0.638,0.172,0.062,0.1
0021500015,1610612757,Portland,Trail Blazers,POR,blazers,203090,Maurice,Harkless,M. Harkless,maurice-harkless,,,4,18:13,0.548,0.161,0.134,0.0,0.5,0.179,0.093,0.188
0021500015,1610612757,Portland,Trail Blazers,POR,blazers,1626192,Pat,Connaughton,P. Connaughton,pat-connaughton,,DNP - Coach's Decision,5,,0.0,0.0,0.0,0.0,0.0,0.0,0.0,0.0
0021500015,1610612757,Portland,Trail Blazers,POR,blazers,204025,Tim,Frazier,T. Frazier,tim-frazier,,DNP - Coach's Decision,10,,0.0,0.0,0.0,0.0,0.0,0.0,0.0,0.0
0021500015,1610612757,Portland,Trail Blazers,POR,blazers,2549,Chris,Kaman,C. Kaman,chris-kaman,,DNP - Coach's Decision,35,,0.0,0.0,0.0,0.0,0.0,0.0,0.0,0.0
0021500015,1610612757,Portland,Trail Blazers,POR,blazers,1626242,Luis,Montero,L. Montero,luis-montero,,DNP - Coach's Decision,44,,0.0,0.0,0.0,0.0,0.0,0.0,0.0,0.0
0021500012,1610612752,New York,Knicks,NYK,knicks,2546,Carmelo,Anthony,C. Anthony,carmelo-anthony,F,,7,29:16,0.414,0.362,0.129,0.0,0.398,0.37,0.191,0.387
0021500012,1610612752,New York,Knicks,NYK,knicks,204001,Kristaps,Porziņģis,K. Porziņģis,kristaps-porziņģis,F,,6,24:15,0.411,0.467,0.156,0.065,0.424,0.348,0.207,0.423
0021500012,1610612752,New York,Knicks,NYK,knicks,201577,Robin,Lopez,R. Lopez,robin-lopez,C,,8,19:52,0.486,0.27,0.145,0.095,0.451,0.244,0.207,0.5
0021500012,1610612752,New York,Knicks,NYK,knicks,2756,Sasha,Vujacic,S. Vujacic,sasha-vujacic,G,,18,28:45,0.449,0.356,0.116,0.027,0.398,0.222,0.212,0.355
0021500012,1610612752,New York,Knicks,NYK,knicks,101181,Jose,Calderon,J. Calderon,jose-calderon,G,,3,17:58,0.391,0.313,0.127,0.0,0.289,0.263,0.152,0.391
0021500012,1610612752,New York,Knicks,NYK,knicks,202682,Derrick,Williams,D. Williams,derrick-williams,,,23,21:19,0.544,0.267,0.069,0.167,0.4,0.314,0.122,0.222
0021500012,1610612752,New York,Knicks,NYK,knicks,203124,Kyle,O'Quinn,K. O'Quinn,kyle-oquinn,,,9,23:29,0.521,0.417,0.08,0.259,0.372,0.385,0.168,0.273
0021500012,1610612752,New York,Knicks,NYK,knicks,204038,Langston,Galloway,L. Galloway,langston-galloway,,,2,24:48,0.52,0.36,0.113,0.071,0.439,0.512,0.159,0.364
0021500012,1610612752,New York,Knicks,NYK,knicks,1626170,Jerian,Grant,J. Grant,jerian-grant,,,13,24:11,0.622,0.467,0.083,0.0,0.5,0.514,0.19,0.389
0021500012,1610612752,New York,Knicks,NYK,knicks,202498,Lance,Thomas,L. Thomas,lance-thomas,,,42,19:31,0.643,0.4,0.079,0.067,0.371,0.371,0.155,0.4
0021500012,1610612752,New York,Knicks,NYK,knicks,203921,Cleanthony,Early,C. Early,cleanthony-early,,,11,6:36,0.636,0.636,0.066,0.0,0.25,0.8,0.222,0.429
0021500012,1610612752,New York,Knicks,NYK,knicks,201167,Arron,Afflalo,A. Afflalo,arron-afflalo,,DND - Strained left hamstring,4,,0.0,0.0,0.0,0.0,0.0,0.0,0.0,0.0
0021500012,1610612752,New York,Knicks,NYK,knicks,202338,Kevin,Seraphin,K. Seraphin,kevin-seraphin,,DND - Sore right knee,1,,0.0,0.0,0.0,0.0,0.0,0.0,0.0,0.0
0021500012,1610612749,Milwaukee,Bucks,MIL,bucks,203114,Khris,Middleton,K. Middleton,khris-middleton,F,,22,35:19,0.405,0.381,0.185,0.024,0.485,0.358,0.11,0.361
0021500012,1610612749,Milwaukee,Bucks,MIL,bucks,203142,Chris,Copeland,C. Copeland,chris-copeland,F,,9,19:29,0.329,0.146,0.216,0.032,0.514,0.351,0.126,0.444
0021500012,1610612749,Milwaukee,Bucks,MIL,bucks,202328,Greg,Monroe,G. Monroe,greg-monroe,C,,15,34:31,0.408,0.367,0.193,0.175,0.485,0.343,0.111,0.361
0021500012,1610612749,Milwaukee,Bucks,MIL,bucks,201573,Jerryd,Bayless,J. Bayless,jerryd-bayless,G,,19,30:03,0.429,0.25,0.23,0.027,0.433,0.433,0.128,0.5
0021500012,1610612749,Milwaukee,Bucks,MIL,bucks,203487,Michael,Carter-Williams,M. Carter-Williams,michael-carter-williams,G,,5,33:53,0.393,0.377,0.183,0.049,0.469,0.369,0.124,0.353
0021500012,1610612749,Milwaukee,Bucks,MIL,bucks,202349,Greivis,Vasquez,G. Vasquez,greivis-vasquez,,,21,29:19,0.392,0.451,0.103,0.03,0.573,0.327,0.085,0.333
0021500012,1610612749,Milwaukee,Bucks,MIL,bucks,203948,Johnny,O'Bryant III,J. O'Bryant III,johnny-obryant-iii,,,77,16:32,0.407,0.556,0.149,0.059,0.5,0.441,0.056,0.389
0021500012,1610612749,Milwaukee,Bucks,MIL,bucks,203089,John,Henson,J. Henson,john-henson,,,31,10:06,0.45,0.35,0.1,0.083,0.45,0.45,0.143,0.545
0021500012,1610612749,Milwaukee,Bucks,MIL,bucks,1626173,Rashad,Vaughn,R. Vaughn,rashad-vaughn,,,20,12:41,0.391,0.304,0.166,0.067,0.538,0.423,0.108,0.5
0021500012,1610612749,Milwaukee,Bucks,MIL,bucks,203101,Miles,Plumlee,M. Plumlee,miles-plumlee,,,18,3:23,0.167,0.333,0.291,0.2,0.833,0.5,0.0,0.0
0021500012,1610612749,Milwaukee,Bucks,MIL,bucks,203996,Damien,Inglis,D. Inglis,damien-inglis,,,17,14:44,0.5,0.545,0.205,0.083,0.554,0.321,0.125,0.308
0021500012,1610612749,Milwaukee,Bucks,MIL,bucks,203507,Giannis,Antetokounmpo,G. Antetokounmpo,giannis-antetokounmpo,,NWT - League suspension,34,,0.0,0.0,0.0,0.0,0.0,0.0,0.0,0.0
0021500012,1610612749,Milwaukee,Bucks,MIL,bucks,201564,O.J.,Mayo,O. Mayo,oj-mayo,,DND - Right hamstring strain,3,,0.0,0.0,0.0,0.0,0.0,0.0,0.0,0.0
0021500011,1610612739,Cleveland,Cavaliers,CLE,cavaliers,2544,LeBron,James,L. James,lebron-james,F,,23,30:48,0.455,0.2,0.181,0.027,0.398,0.163,0.154,0.103
0021500011,1610612739,Cleveland,Cavaliers,CLE,cavaliers,201567,Kevin,Love,K. Love,kevin-love,F,,0,28:51,0.596,0.213,0.165,0.08,0.343,0.148,0.075,0.229
0021500011,1610612739,Cleveland,Cavaliers,CLE,cavaliers,202389,Timofey,Mozgov,T. Mozgov,timofey-mozgov,C,,20,25:04,0.5,0.07,0.173,0.04,0.451,0.146,0.112,0.174
0021500011,1610612739,Cleveland,Cavaliers,CLE,cavaliers,2747,JR,Smith,J. Smith,jr-smith,G,,5,33:51,0.609,0.127,0.215,0.071,0.417,0.296,0.151,0.152
0021500011,1610612739,Cleveland,Cavaliers,CLE,cavaliers,2590,Mo,Williams,M. Williams,mo-williams,G,,52,22:38,0.513,0.0,0.146,0.0,0.461,0.158,0.098,0.19
0021500011,1610612739,Cleveland,Cavaliers,CLE,cavaliers,2210,Richard,Jefferson,R. Jefferson,richard-jefferson,,,24,18:20,0.65,0.4,0.229,0.0,0.278,0.278,0.152,0.25
0021500011,1610612739,Cleveland,Cavaliers,CLE,cavaliers,202684,Tristan,Thompson,T. Thompson,tristan-thompson,,,13,19:59,0.5,0.455,0.252,0.136,0.221,0.353,0.231,0.222
0021500011,1610612739,Cleveland,Cavaliers,CLE,cavaliers,203521,Matthew,Dellavedova,M. Dellavedova,matthew-dellavedova,,,8,17:59,0.606,0.394,0.196,0.0,0.21,0.258,0.24,0.24
0021500011,1610612739,Cleveland,Cavaliers,CLE,cavaliers,2760,Anderson,Varejao,A. Varejao,anderson-varejao,,,17,10:52,0.652,0.087,0.193,0.167,0.344,0.25,0.308,0.167
0021500011,1610612739,Cleveland,Cavaliers,CLE,cavaliers,203099,Jared,Cunningham,J. Cunningham,jared-cunningham,,,9,15:09,0.607,0.214,0.196,0.0,0.31,0.414,0.204,0.368
0021500011,1610612739,Cleveland,Cavaliers,CLE,cavaliers,201619,Sasha,Kaun,S. Kaun,sasha-kaun,,,14,5:59,0.636,0.182,0.216,0.2,0.5,0.8,0.193,0.2
0021500011,1610612739,Cleveland,Cavaliers,CLE,cavaliers,2592,James,Jones,J. Jones,james-jones,,,1,5:15,0.636,0.182,0.155,0.0,0.556,0.667,0.22,0.25
0021500011,1610612739,Cleveland,Cavaliers,CLE,cavaliers,203925,Joe,Harris,J. Harris,joe-harris,,,12,5:15,0.636,0.182,0.155,0.0,0.556,0.667,0.22,0.25
0021500011,1610612763,Memphis,Grizzlies,MEM,grizzlies,201145,Jeff,Green,J. Green,jeff-green,F,,32,20:04,0.309,0.235,0.101,0.0,0.6,0.314,0.196,0.412
0021500011,1610612763,Memphis,Grizzlies,MEM,grizzlies,2216,Zach,Randolph,Z. Randolph,zach-randolph,F,,50,30:54,0.423,0.231,0.107,0.091,0.559,0.078,0.208,0.28
0021500011,1610612763,Memphis,Grizzlies,MEM,grizzlies,201188,Marc,Gasol,M. Gasol,marc-gasol,C,,33,29:43,0.418,0.163,0.144,0.0,0.51,0.102,0.196,0.222
0021500011,1610612763,Memphis,Grizzlies,MEM,grizzlies,201584,Courtney,Lee,C. Lee,courtney-lee,G,,5,31:16,0.368,0.189,0.122,0.0,0.482,0.182,0.185,0.344
0021500011,1610612763,Memphis,Grizzlies,MEM,grizzlies,201144,Mike,Conley,M. Conley,mike-conley,G,,11,29:26,0.373,0.235,0.145,0.0,0.564,0.109,0.141,0.333
0021500011,1610612763,Memphis,Grizzlies,MEM,grizzlies,2754,Tony,Allen,T. Allen,tony-allen,,,9,22:39,0.446,0.108,0.21,0.143,0.526,0.077,0.177,0.158
0021500011,1610612763,Memphis,Grizzlies,MEM,grizzlies,201148,Brandan,Wright,B. Wright,brandan-wright,,,34,16:41,0.352,0.444,0.261,0.048,0.647,0.206,0.154,0.308
0021500011,1610612763,Memphis,Grizzlies,MEM,grizzlies,2440,Matt,Barnes,M. Barnes,matt-barnes,,,22,17:30,0.21,0.323,0.241,0.0,0.606,0.394,0.176,0.429
0021500011,1610612763,Memphis,Grizzlies,MEM,grizzlies,2757,Beno,Udrih,B. Udrih,beno-udrih,,,19,14:44,0.32,0.32,0.203,0.0,0.587,0.435,0.262,0.182
0021500011,1610612763,Memphis,Grizzlies,MEM,grizzlies,203210,JaMychal,Green,J. Green,jamychal-green,,,0,14:00,0.25,0.357,0.185,0.182,0.646,0.417,0.216,0.3
0021500011,1610612763,Memphis,Grizzlies,MEM,grizzlies,203919,Jordan,Adams,J. Adams,jordan-adams,,,3,7:04,0.462,0.615,0.162,0.0,0.636,0.364,0.298,0.2
0021500011,1610612763,Memphis,Grizzlies,MEM,grizzlies,203893,Russ,Smith,R. Smith,russ-smith,,,2,5:59,0.5,0.8,0.193,0.0,0.636,0.182,0.216,0.2
0021500011,1610612763,Memphis,Grizzlies,MEM,grizzlies,1713,Vince,Carter,V. Carter,vince-carter,,DNP - Coach's Decision,15,,0.0,0.0,0.0,0.0,0.0,0.0,0.0,0.0
0021500006,1610612741,Chicago,Bulls,CHI,bulls,203503,Tony,Snell,T. Snell,tony-snell,F,,20,21:45,0.757,0.286,0.151,0.0,0.364,0.205,0.131,0.32
0021500006,1610612741,Chicago,Bulls,CHI,bulls,202703,Nikola,Mirotic,N. Mirotic,nikola-mirotic,F,,44,29:37,0.656,0.333,0.131,0.0,0.328,0.213,0.126,0.306
0021500006,1610612741,Chicago,Bulls,CHI,bulls,2200,Pau,Gasol,P. Gasol,pau-gasol,C,,16,30:14,0.704,0.286,0.142,0.053,0.403,0.226,0.08,0.333
0021500006,1610612741,Chicago,Bulls,CHI,bulls,202710,Jimmy,Butler III,J. Butler III,jimmy-butler-iii,G,,21,34:19,0.621,0.276,0.176,0.037,0.369,0.323,0.123,0.27
0021500006,1610612741,Chicago,Bulls,CHI,bulls,201565,Derrick,Rose,D. Rose,derrick-rose,G,,1,29:26,0.66,0.24,0.145,0.0,0.421,0.281,0.1,0.333
0021500006,1610612741,Chicago,Bulls,CHI,bulls,201166,Aaron,Brooks,A. Brooks,aaron-brooks,,,0,16:24,0.558,0.231,0.281,0.0,0.394,0.242,0.16,0.278
0021500006,1610612741,Chicago,Bulls,CHI,bulls,201149,Joakim,Noah,J. Noah,joakim-noah,,,13,17:46,0.5,0.207,0.285,0.053,0.452,0.452,0.199,0.294
0021500006,1610612741,Chicago,Bulls,CHI,bulls,203926,Doug,McDermott,D. McDermott,doug-mcdermott,,,3,20:12,0.55,0.2,0.288,0.056,0.513,0.333,0.134,0.333
0021500006,1610612741,Chicago,Bulls,CHI,bulls,201959,Taj,Gibson,T. Gibson,taj-gibson,,,22,18:23,0.583,0.133,0.294,0.059,0.594,0.469,0.13,0.357
0021500006,1610612741,Chicago,Bulls,CHI,bulls,202734,E'Twaun,Moore,E. Moore,etwaun-moore,,,55,16:57,0.611,0.296,0.197,0.0,0.471,0.265,0.139,0.389
0021500006,1610612741,Chicago,Bulls,CHI,bulls,2550,Kirk,Hinrich,K. Hinrich,kirk-hinrich,,,12,4:57,0.5,0.25,0.202,0.0,0.571,1.143,0.105,0.5
0021500006,1610612741,Chicago,Bulls,CHI,bulls,203946,Cameron,Bairstow,C. Bairstow,cameron-bairstow,,DNP - Coach's Decision,41,,0.0,0.0,0.0,0.0,0.0,0.0,0.0,0.0
0021500006,1610612741,Chicago,Bulls,CHI,bulls,1626171,Bobby,Portis,B. Portis,bobby-portis,,DNP - Coach's Decision,5,,0.0,0.0,0.0,0.0,0.0,0.0,0.0,0.0
0021500006,1610612751,Brooklyn,Nets,BKN,nets,2207,Joe,Johnson,J. Johnson,joe-johnson,F,,7,32:21,0.349,0.286,0.12,0.093,0.657,0.296,0.145,0.091
0021500006,1610612751,Brooklyn,Nets,BKN,nets,201152,Thaddeus,Young,T. Young,thaddeus-young,F,,30,24:28,0.404,0.231,0.096,0.091,0.705,0.256,0.139,0.0
0021500006,1610612751,Brooklyn,Nets,BKN,nets,201572,Brook,Lopez,B. Lopez,brook-lopez,C,,11,33:20,0.364,0.318,0.125,0.091,0.616,0.286,0.157,0.154
0021500006,1610612751,Brooklyn,Nets,BKN,nets,201961,Wayne,Ellington,W. Ellington,wayne-ellington,G,,21,12:03,0.273,0.136,0.183,0.0,0.563,0.167,0.037,0.0
0021500006,1610612751,Brooklyn,Nets,BKN,nets,203499,Shane,Larkin,S. Larkin,shane-larkin,G,,0,23:13,0.523,0.25,0.138,0.0,0.716,0.162,0.217,0.0
0021500006,1610612751,Brooklyn,Nets,BKN,nets,202388,Donald,Sloan,D. Sloan,donald-sloan,,,15,15:28,0.265,0.235,0.119,0.038,0.48,0.48,0.18,0.214
0021500006,1610612751,Brooklyn,Nets,BKN,nets,202711,Bojan,Bogdanovic,B. Bogdanovic,bojan-bogdanovic,,,44,28:44,0.404,0.386,0.13,0.0,0.598,0.304,0.241,0.238
0021500006,1610612751,Brooklyn,Nets,BKN,nets,200745,Andrea,Bargnani,A. Bargnani,andrea-bargnani,,,9,22:09,0.45,0.35,0.148,0.087,0.586,0.229,0.274,0.235
0021500006,1610612751,Brooklyn,Nets,BKN,nets,1626178,Rondae,Hollis-Jefferson,R. Hollis-Jefferson,rondae-hollis-jefferson,,,24,24:15,0.6,0.333,0.116,0.0,0.625,0.222,0.283,0.25
0021500006,1610612751,Brooklyn,Nets,BKN,nets,203080,Thomas,Robinson,T. Robinson,thomas-robinson,,,41,14:40,0.556,0.259,0.133,0.154,0.659,0.182,0.283,0.125
0021500006,1610612751,Brooklyn,Nets,BKN,nets,203900,Markel,Brown,M. Brown,markel-brown,,,22,9:19,0.467,0.6,0.111,0.0,0.656,0.125,0.168,0.333
0021500006,1610612751,Brooklyn,Nets,BKN,nets,101127,Jarrett,Jack,J. Jack,jarrett-jack,,DND - Sore Left Hamstring,2,,0.0,0.0,0.0,0.0,0.0,0.0,0.0,0.0
0021500006,1610612751,Brooklyn,Nets,BKN,nets,203508,Sergey,Karasev,S. Karasev,sergey-karasev,,DNP - Coach's Decision,10,,0.0,0.0,0.0,0.0,0.0,0.0,0.0,0.0
0021500005,1610612755,Philadelphia,76ers,PHI,sixers,203138,Hollis,Thompson,H. Thompson,hollis-thompson,F,,31,36:04,0.468,0.194,0.272,0.026,0.492,0.288,0.149,0.182
0021500005,1610612755,Philadelphia,76ers,PHI,sixers,203457,Nerlens,Noel,N. Noel,nerlens-noel,F,,4,35:02,0.41,0.284,0.17,0.067,0.5,0.281,0.189,0.138
0021500005,1610612755,Philadelphia,76ers,PHI,sixers,1626143,Jahlil,Okafor,J. Okafor,jahlil-okafor,C,,8,38:05,0.5,0.25,0.259,0.108,0.485,0.343,0.178,0.235
0021500005,1610612755,Philadelphia,76ers,PHI,sixers,203960,JaKarr,Sampson,J. Sampson,jakarr-sampson,G,,9,26:57,0.576,0.261,0.209,0.0,0.5,0.327,0.145,0.346
0021500005,1610612755,Philadelphia,76ers,PHI,sixers,203477,Isaiah,Canaan,I. Canaan,isaiah-canaan,G,,0,37:59,0.441,0.279,0.219,0.023,0.484,0.286,0.175,0.152
0021500005,1610612755,Philadelphia,76ers,PHI,sixers,204456,T.J.,McConnell,T. McConnell,tj-mcconnell,,,12,27:35,0.465,0.349,0.276,0.037,0.51,0.469,0.177,0.348
0021500005,1610612755,Philadelphia,76ers,PHI,sixers,203924,Jerami,Grant,J. Grant,jerami-grant,,,39,26:37,0.375,0.318,0.254,0.032,0.552,0.313,0.156,0.273
0021500005,1610612755,Philadelphia,76ers,PHI,sixers,1626174,Christian,Wood,C. Wood,christian-wood,,,35,5:36,0.222,0.333,0.194,0.286,0.571,0.214,0.07,0.4
0021500005,1610612755,Philadelphia,76ers,PHI,sixers,1626158,Richaun,Holmes,R. Holmes,richaun-holmes,,,22,6:05,0.333,0.417,0.098,0.111,0.583,0.167,0.084,0.4
0021500005,1610612755,Philadelphia,76ers,PHI,sixers,203496,Robert,Covington,R. Covington,robert-covington,,DND - RT Knee Sprain,33,,0.0,0.0,0.0,0.0,0.0,0.0,0.0,0.0
0021500005,1610612755,Philadelphia,76ers,PHI,sixers,203088,Kendall,Marshall,K. Marshall,kendall-marshall,,DND - Coach's Decision,5,,0.0,0.0,0.0,0.0,0.0,0.0,0.0,0.0
0021500005,1610612755,Philadelphia,76ers,PHI,sixers,203917,Nik,Stauskas,N. Stauskas,nik-stauskas,,DNP - Coach's Decision,11,,0.0,0.0,0.0,0.0,0.0,0.0,0.0,0.0
0021500005,1610612738,Boston,Celtics,BOS,celtics,203109,Jae,Crowder,J. Crowder,jae-crowder,F,,99,31:12,0.481,0.296,0.156,0.067,0.5,0.316,0.206,0.367
0021500005,1610612738,Boston,Celtics,BOS,celtics,101135,David,Lee,D. Lee,david-lee,F,,42,21:57,0.461,0.263,0.172,0.045,0.5,0.209,0.213,0.4
0021500005,1610612738,Boston,Celtics,BOS,celtics,203092,Tyler,Zeller,T. Zeller,tyler-zeller,C,,44,10:39,0.5,0.5,0.232,0.0,0.548,0.333,0.045,0.3
0021500005,1610612738,Boston,Celtics,BOS,celtics,202340,Avery,Bradley,A. Bradley,avery-bradley,G,,0,32:36,0.5,0.351,0.172,0.0,0.554,0.304,0.213,0.308
0021500005,1610612738,Boston,Celtics,BOS,celtics,203935,Marcus,Smart,M. Smart,marcus-smart,G,,36,32:23,0.508,0.322,0.14,0.0,0.417,0.241,0.273,0.3
0021500005,1610612738,Boston,Celtics,BOS,celtics,203096,Jared,Sullinger,J. Sullinger,jared-sullinger,,,7,21:03,0.487,0.158,0.172,0.0,0.414,0.286,0.27,0.333
0021500005,1610612738,Boston,Celtics,BOS,celtics,202738,Isaiah,Thomas,I. Thomas,isaiah-thomas,,,4,29:09,0.519,0.321,0.165,0.034,0.435,0.283,0.271,0.24
0021500005,1610612738,Boston,Celtics,BOS,celtics,202323,Evan,Turner,E. Turner,evan-turner,,,11,22:01,0.551,0.282,0.181,0.048,0.316,0.211,0.242,0.28
0021500005,1610612738,Boston,Celtics,BOS,celtics,101161,Amir,Johnson,A. Johnson,amir-johnson,,,90,20:02,0.471,0.486,0.161,0.15,0.433,0.233,0.279,0.143
0021500005,1610612738,Boston,Celtics,BOS,celtics,201973,Jonas,Jerebko,J. Jerebko,jonas-jerebko,,,8,15:02,0.571,0.25,0.147,0.0,0.333,0.259,0.264,0.333
0021500005,1610612738,Boston,Celtics,BOS,celtics,1626179,Terry,Rozier,T. Rozier,terry-rozier,,,12,1:58,0.625,0.5,0.0,0.5,0.5,0.75,0.0,0.5
0021500005,1610612738,Boston,Celtics,BOS,celtics,1626175,Jordan,Mickey,J. Mickey,jordan-mickey,,,55,1:58,0.625,0.5,0.0,0.5,0.5,0.75,0.0,0.5
0021500005,1610612738,Boston,Celtics,BOS,celtics,203482,Kelly,Olynyk,K. Olynyk,kelly-olynyk,,DND - Suspended,41,,0.0,0.0,0.0,0.0,0.0,0.0,0.0,0.0
0021500013,1610612759,San Antonio,Spurs,SAS,spurs,200746,LaMarcus,Aldridge,L. Aldridge,lamarcus-aldridge,F,,12,31:54,0.484,0.18,0.131,0.061,0.545,0.309,0.161,0.2
0021500013,1610612759,San Antonio,Spurs,SAS,spurs,202695,Kawhi,Leonard,K. Leonard,kawhi-leonard,F,,2,35:19,0.479,0.157,0.116,0.026,0.483,0.288,0.172,0.133
0021500013,1610612759,San Antonio,Spurs,SAS,spurs,1495,Tim,Duncan,T. Duncan,tim-duncan,C,,21,25:57,0.413,0.212,0.136,0.097,0.522,0.289,0.141,0.095
0021500013,1610612759,San Antonio,Spurs,SAS,spurs,201980,Danny,Green,D. Green,danny-green,G,,14,29:11,0.405,0.19,0.122,0.0,0.46,0.3,0.157,0.111
0021500013,1610612759,San Antonio,Spurs,SAS,spurs,2225,Tony,Parker,T. Parker,tony-parker,G,,9,25:49,0.443,0.17,0.121,0.0,0.512,0.39,0.132,0.095
0021500013,1610612759,San Antonio,Spurs,SAS,spurs,201988,Patty,Mills,P. Mills,patty-mills,,,8,22:11,0.6,0.1,0.128,0.0,0.544,0.133,0.237,0.474
0021500013,1610612759,San Antonio,Spurs,SAS,spurs,2564,Boris,Diaw,B. Diaw,boris-diaw,,,33,20:08,0.649,0.054,0.119,0.0,0.538,0.179,0.232,0.5
0021500013,1610612759,San Antonio,Spurs,SAS,spurs,1938,Manu,Ginobili,M. Ginobili,manu-ginobili,,,20,18:50,0.686,0.057,0.129,0.0,0.625,0.25,0.22,0.615
0021500013,1610612759,San Antonio,Spurs,SAS,spurs,203937,Kyle,Anderson,K. Anderson,kyle-anderson,,,1,12:41,0.609,0.087,0.149,0.0,0.63,0.185,0.213,0.7
0021500013,1610612759,San Antonio,Spurs,SAS,spurs,2561,David,West,D. West,david-west,,,30,18:00,0.556,0.056,0.1,0.059,0.5,0.152,0.236,0.375
0021500013,1610612759,San Antonio,Spurs,SAS,spurs,2588,Matt,Bonner,M. Bonner,matt-bonner,,DNP - Coach's Decision,15,,0.0,0.0,0.0,0.0,0.0,0.0,0.0,0.0
0021500013,1610612759,San Antonio,Spurs,SAS,spurs,2446,Rasual,Butler,R. Butler,rasual-butler,,DNP - Coach's Decision,18,,0.0,0.0,0.0,0.0,0.0,0.0,0.0,0.0
0021500013,1610612759,San Antonio,Spurs,SAS,spurs,203492,Ray,McCallum,R. McCallum,ray-mccallum,,DNP - Coach's Decision,3,,0.0,0.0,0.0,0.0,0.0,0.0,0.0,0.0
0021500013,1610612760,Oklahoma City,Thunder,OKC,thunder,201142,Kevin,Durant,K. Durant,kevin-durant,F,,35,34:30,0.491,0.293,0.163,0.0,0.463,0.162,0.107,0.194
0021500013,1610612760,Oklahoma City,Thunder,OKC,thunder,201586,Serge,Ibaka,S. Ibaka,serge-ibaka,F,,9,33:58,0.579,0.333,0.14,0.071,0.493,0.134,0.123,0.233
0021500013,1610612760,Oklahoma City,Thunder,OKC,thunder,203500,Steven,Adams,S. Adams,steven-adams,C,,12,29:34,0.509,0.207,0.156,0.032,0.483,0.186,0.091,0.148
0021500013,1610612760,Oklahoma City,Thunder,OKC,thunder,203460,Andre,Roberson,A. Roberson,andre-roberson,G,,21,16:35,0.5,0.321,0.111,0.0,0.486,0.167,0.129,0.333
0021500013,1610612760,Oklahoma City,Thunder,OKC,thunder,201566,Russell,Westbrook,R. Westbrook,russell-westbrook,G,,0,36:59,0.553,0.258,0.164,0.029,0.5,0.153,0.124,0.188
0021500013,1610612760,Oklahoma City,Thunder,OKC,thunder,201627,Anthony,Morrow,A. Morrow,anthony-morrow,,,2,21:38,0.57,0.209,0.209,0.0,0.61,0.098,0.109,0.111
0021500013,1610612760,Oklahoma City,Thunder,OKC,thunder,202683,Enes,Freedom,E. Freedom,enes-freedom,,,11,24:05,0.541,0.143,0.173,0.25,0.633,0.089,0.118,0.118
0021500013,1610612760,Oklahoma City,Thunder,OKC,thunder,203079,Dion,Waiters,D. Waiters,dion-waiters,,,3,21:24,0.561,0.268,0.23,0.05,0.514,0.135,0.173,0.059
0021500013,1610612760,Oklahoma City,Thunder,OKC,thunder,201571,D.J.,Augustin,D. Augustin,dj-augustin,,,14,12:55,0.455,0.227,0.257,0.0,0.54,0.08,0.108,0.1
0021500013,1610612760,Oklahoma City,Thunder,OKC,thunder,2555,Nick,Collison,N. Collison,nick-collison,,,4,8:22,0.25,0.5,0.48,0.0,0.333,0.133,0.252,0.125
0021500013,1610612760,Oklahoma City,Thunder,OKC,thunder,203956,Mitch,McGary,M. McGary,mitch-mcgary,,DNP - Coach's Decision,33,,0.0,0.0,0.0,0.0,0.0,0.0,0.0,0.0
0021500013,1610612760,Oklahoma City,Thunder,OKC,thunder,200779,Steve,Novak,S. Novak,steve-novak,,DNP - Coach's Decision,6,,0.0,0.0,0.0,0.0,0.0,0.0,0.0,0.0
0021500013,1610612760,Oklahoma City,Thunder,OKC,thunder,202713,Kyle,Singler,K. Singler,kyle-singler,,DNP - Coach's Decision,5,,0.0,0.0,0.0,0.0,0.0,0.0,0.0,0.0
0021500004,1610612764,Washington,Wizards,WAS,wizards,203490,Otto,Porter Jr.,O. Porter Jr.,otto-porter-jr,F,,22,36:55,0.523,0.288,0.194,0.053,0.378,0.108,0.186,0.308
0021500004,1610612764,Washington,Wizards,WAS,wizards,2743,Kris,Humphries,K. Humphries,kris-humphries,F,,43,26:00,0.5,0.279,0.23,0.077,0.353,0.157,0.198,0.323
0021500004,1610612764,Washington,Wizards,WAS,wizards,101162,Marcin,Gortat,M. Gortat,marcin-gortat,C,,13,35:39,0.5,0.297,0.196,0.051,0.378,0.108,0.163,0.282
0021500004,1610612764,Washington,Wizards,WAS,wizards,203078,Bradley,Beal,B. Beal,bradley-beal,G,,3,37:36,0.444,0.365,0.182,0.071,0.391,0.103,0.17,0.317
0021500004,1610612764,Washington,Wizards,WAS,wizards,202322,John,Wall,J. Wall,john-wall,G,,2,39:23,0.457,0.257,0.21,0.022,0.354,0.152,0.166,0.333
0021500004,1610612764,Washington,Wizards,WAS,wizards,201196,Ramon,Sessions,R. Sessions,ramon-sessions,,,7,14:04,0.271,0.375,0.107,0.0,0.53,0.121,0.065,0.429
0021500004,1610612764,Washington,Wizards,WAS,wizards,2400,Drew,Gooden,D. Gooden,drew-gooden,,,90,19:50,0.361,0.25,0.125,0.154,0.5,0.093,0.096,0.389
0021500004,1610612764,Washington,Wizards,WAS,wizards,2403,Nene,Hilario,Nene,nene-hilario,,,42,12:21,0.225,0.3,0.139,0.059,0.442,0.154,0.121,0.5
0021500004,1610612764,Washington,Wizards,WAS,wizards,202390,Gary,Neal,G. Neal,gary-neal,,,14,18:12,0.309,0.294,0.165,0.0,0.345,0.095,0.096,0.316
0021500004,1610612764,Washington,Wizards,WAS,wizards,201971,DeJuan,Blair,D. Blair,dejuan-blair,,DNP - Coach's Decision,45,,0.0,0.0,0.0,0.0,0.0,0.0,0.0,0.0
0021500004,1610612764,Washington,Wizards,WAS,wizards,201162,Jared,Dudley,J. Dudley,jared-dudley,,DNP - Coach's Decision,1,,0.0,0.0,0.0,0.0,0.0,0.0,0.0,0.0
0021500004,1610612764,Washington,Wizards,WAS,wizards,1626162,Kelly,Oubre Jr.,K. Oubre Jr.,kelly-oubre-jr,,DNP - Coach's Decision,12,,0.0,0.0,0.0,0.0,0.0,0.0,0.0,0.0
0021500004,1610612764,Washington,Wizards,WAS,wizards,202066,Garrett,Temple,G. Temple,garrett-temple,,DNP - Coach's Decision,17,,0.0,0.0,0.0,0.0,0.0,0.0,0.0,0.0
0021500004,1610612753,Orlando,Magic,ORL,magic,203095,Evan,Fournier,E. Fournier,evan-fournier,F,,10,26:59,0.373,0.196,0.142,0.0,0.388,0.286,0.218,0.353
0021500004,1610612753,Orlando,Magic,ORL,magic,202699,Tobias,Harris,T. Harris,tobias-harris,F,,12,31:05,0.36,0.059,0.155,0.044,0.415,0.264,0.187,0.2
0021500004,1610612753,Orlando,Magic,ORL,magic,202696,Nikola,Vučević,N. Vučević,nikola-vučević,C,,9,28:29,0.421,0.07,0.204,0.029,0.52,0.22,0.201,0.25
0021500004,1610612753,Orlando,Magic,ORL,magic,203506,Victor,Oladipo,V. Oladipo,victor-oladipo,G,,5,35:58,0.333,0.16,0.129,0.059,0.46,0.286,0.183,0.317
0021500004,1610612753,Orlando,Magic,ORL,magic,203901,Elfrid,Payton,E. Payton,elfrid-payton,G,,4,34:46,0.37,0.11,0.172,0.083,0.483,0.397,0.191,0.265
0021500004,1610612753,Orlando,Magic,ORL,magic,203932,Aaron,Gordon,A. Gordon,aaron-gordon,,,00,17:01,0.471,0.235,0.145,0.211,0.468,0.355,0.177,0.421
0021500004,1610612753,Orlando,Magic,ORL,magic,201228,C.J.,Watson,C. Watson,cj-watson,,,32,21:01,0.543,0.0,0.167,0.0,0.338,0.225,0.152,0.179
0021500004,1610612753,Orlando,Magic,ORL,magic,1626209,Mario,Hezonja,M. Hezonja,mario-hezonja,,,23,25:16,0.409,0.109,0.162,0.0,0.476,0.262,0.164,0.24
0021500004,1610612753,Orlando,Magic,ORL,magic,203473,Dewayne,Dedmon,D. Dedmon,dewayne-dedmon,,,3,14:44,0.397,0.207,0.109,0.111,0.229,0.417,0.146,0.263
0021500004,1610612753,Orlando,Magic,ORL,magic,201160,Jason,Smith,J. Smith,jason-smith,,,14,4:41,0.25,0.167,0.0,0.111,0.5,0.4,0.186,0.429
0021500004,1610612753,Orlando,Magic,ORL,magic,101112,Channing,Frye,C. Frye,channing-frye,,DNP - Coach's Decision,8,,0.0,0.0,0.0,0.0,0.0,0.0,0.0,0.0
0021500004,1610612753,Orlando,Magic,ORL,magic,203894,Shabazz,Napier,S. Napier,shabazz-napier,,DNP - Coach's Decision,13,,0.0,0.0,0.0,0.0,0.0,0.0,0.0,0.0
0021500004,1610612753,Orlando,Magic,ORL,magic,203094,Andrew,Nicholson,A. Nicholson,andrew-nicholson,,DNP - Coach's Decision,44,,0.0,0.0,0.0,0.0,0.0,0.0,0.0,0.0
0021500010,1610612743,Denver,Nuggets,DEN,nuggets,201568,Danilo,Gallinari,D. Gallinari,danilo-gallinari,F,,8,35:36,0.632,0.281,0.23,0.069,0.366,0.328,0.17,0.302
0021500010,1610612743,Denver,Nuggets,DEN,nuggets,202702,Kenneth,Faried,K. Faried,kenneth-faried,F,,35,30:50,0.678,0.356,0.258,0.136,0.342,0.3,0.154,0.325
0021500010,1610612743,Denver,Nuggets,DEN,nuggets,203530,Joffrey,Lauvergne,J. Lauvergne,joffrey-lauvergne,C,,77,21:33,0.688,0.313,0.248,0.143,0.345,0.214,0.152,0.25
0021500010,1610612743,Denver,Nuggets,DEN,nuggets,203914,Gary,Harris,G. Harris,gary-harris,G,,14,29:29,0.64,0.372,0.266,0.0,0.289,0.316,0.161,0.325
0021500010,1610612743,Denver,Nuggets,DEN,nuggets,1626144,Emmanuel,Mudiay,E. Mudiay,emmanuel-mudiay,G,,0,37:54,0.61,0.271,0.24,0.0,0.408,0.254,0.148,0.227
0021500010,1610612743,Denver,Nuggets,DEN,nuggets,2749,Jameer,Nelson,J. Nelson,jameer-nelson,,,1,24:30,0.5,0.233,0.159,0.0,0.384,0.395,0.158,0.296
0021500010,1610612743,Denver,Nuggets,DEN,nuggets,203115,Will,Barton,W. Barton,will-barton,,,5,19:34,0.526,0.053,0.103,0.048,0.456,0.235,0.208,0.35
0021500010,1610612743,Denver,Nuggets,DEN,nuggets,200751,Randy,Foye,R. Foye,randy-foye,,,4,18:00,0.485,0.059,0.185,0.0,0.603,0.138,0.238,0.154
0021500010,1610612743,Denver,Nuggets,DEN,nuggets,201589,Darrell,Arthur,D. Arthur,darrell-arthur,,,00,15:41,0.435,0.065,0.148,0.053,0.519,0.154,0.214,0.154
0021500010,1610612743,Denver,Nuggets,DEN,nuggets,203999,Nikola,Jokić,N. Jokić,nikola-jokić,,,15,3:55,0.571,0.0,0.25,0.0,0.5,1.0,0.148,0.0
0021500010,1610612743,Denver,Nuggets,DEN,nuggets,2034,Mike,Miller,M. Miller,mike-miller,,,3,1:29,0.833,0.0,0.0,0.0,0.0,4.0,0.0,0.0
0021500010,1610612743,Denver,Nuggets,DEN,nuggets,203475,Erick,Green,E. Green,erick-green,,,11,1:29,0.833,0.0,0.0,0.0,0.0,4.0,0.0,0.0
0021500010,1610612743,Denver,Nuggets,DEN,nuggets,201581,JJ,Hickson,J. Hickson,jj-hickson,,DNP - Coach's Decision,7,,0.0,0.0,0.0,0.0,0.0,0.0,0.0,0.0
0021500010,1610612745,Houston,Rockets,HOU,rockets,2772,Trevor,Ariza,T. Ariza,trevor-ariza,F,,1,33:10,0.358,0.317,0.173,0.022,0.57,0.36,0.25,0.28
0021500010,1610612745,Houston,Rockets,HOU,rockets,203093,Terrence,Jones,T. Jones,terrence-jones,F,,6,28:32,0.314,0.392,0.184,0.098,0.593,0.372,0.224,0.238
0021500010,1610612745,Houston,Rockets,HOU,rockets,203991,Clint,Capela,C. Capela,clint-capela,C,,15,24:55,0.38,0.152,0.24,0.188,0.631,0.143,0.209,0.176
0021500010,1610612745,Houston,Rockets,HOU,rockets,201935,James,Harden,J. Harden,james-harden,G,,13,36:23,0.36,0.324,0.178,0.02,0.61,0.271,0.224,0.241
0021500010,1610612745,Houston,Rockets,HOU,rockets,201951,Ty,Lawson,T. Lawson,ty-lawson,G,,3,36:42,0.445,0.234,0.18,0.0,0.575,0.3,0.231,0.276
0021500010,1610612745,Houston,Rockets,HOU,rockets,1626149,Montrezl,Harrell,M. Harrell,montrezl-harrell,,,35,15:50,0.617,0.133,0.063,0.063,0.62,0.32,0.277,0.385
0021500010,1610612745,Houston,Rockets,HOU,rockets,201147,Corey,Brewer,C. Brewer,corey-brewer,,,33,29:25,0.37,0.444,0.13,0.0,0.627,0.118,0.168,0.167
0021500010,1610612745,Houston,Rockets,HOU,rockets,201976,Patrick,Beverley,P. Beverley,patrick-beverley,,,2,21:16,0.405,0.214,0.143,0.071,0.553,0.053,0.143,0.158
0021500010,1610612745,Houston,Rockets,HOU,rockets,1891,Jason,Terry,J. Terry,jason-terry,,,31,10:49,0.361,0.111,0.229,0.0,0.381,0.0,0.182,0.273
0021500010,1610612745,Houston,Rockets,HOU,rockets,1626155,Sam,Dekker,S. Dekker,sam-dekker,,,7,1:29,0.0,4.0,0.0,0.0,0.833,0.0,0.0,0.0
0021500010,1610612745,Houston,Rockets,HOU,rockets,203909,KJ,McDaniels,K. McDaniels,kj-mcdaniels,,,32,1:29,0.0,4.0,0.0,0.0,0.833,0.0,0.0,0.0
0021500010,1610612745,Houston,Rockets,HOU,rockets,2730,Dwight,Howard,D. Howard,dwight-howard,,DND - League Suspension,12,,0.0,0.0,0.0,0.0,0.0,0.0,0.0,0.0
0021500010,1610612745,Houston,Rockets,HOU,rockets,201977,Marcus,Thornton,M. Thornton,marcus-thornton,,DNP - Coach's Decision,10,,0.0,0.0,0.0,0.0,0.0,0.0,0.0,0.0
0021500018,1610612763,Memphis,Grizzlies,MEM,grizzlies,2754,Tony,Allen,T. Allen,tony-allen,F,,9,22:13,0.402,0.22,0.14,0.154,0.528,0.306,0.235,0.278
0021500018,1610612763,Memphis,Grizzlies,MEM,grizzlies,2216,Zach,Randolph,Z. Randolph,zach-randolph,F,,50,29:33,0.491,0.315,0.071,0.063,0.427,0.229,0.197,0.286
0021500018,1610612763,Memphis,Grizzlies,MEM,grizzlies,201188,Marc,Gasol,M. Gasol,marc-gasol,C,,33,32:31,0.476,0.274,0.104,0.028,0.452,0.346,0.212,0.258
0021500018,1610612763,Memphis,Grizzlies,MEM,grizzlies,201584,Courtney,Lee,C. Lee,courtney-lee,G,,5,29:14,0.473,0.309,0.101,0.031,0.47,0.22,0.19,0.286
0021500018,1610612763,Memphis,Grizzlies,MEM,grizzlies,201144,Mike,Conley,M. Conley,mike-conley,G,,11,30:17,0.509,0.226,0.14,0.065,0.48,0.367,0.153,0.25
0021500018,1610612763,Memphis,Grizzlies,MEM,grizzlies,201145,Jeff,Green,J. Green,jeff-green,,,32,29:08,0.685,0.435,0.181,0.0,0.553,0.404,0.196,0.231
0021500018,1610612763,Memphis,Grizzlies,MEM,grizzlies,2757,Beno,Udrih,B. Udrih,beno-udrih,,,19,17:48,0.603,0.586,0.152,0.0,0.672,0.207,0.277,0.25
0021500018,1610612763,Memphis,Grizzlies,MEM,grizzlies,2440,Matt,Barnes,M. Barnes,matt-barnes,,,22,21:08,0.629,0.516,0.204,0.0,0.766,0.406,0.219,0.167
0021500018,1610612763,Memphis,Grizzlies,MEM,grizzlies,201148,Brandan,Wright,B. Wright,brandan-wright,,,34,15:25,0.75,0.6,0.239,0.0,0.75,0.231,0.184,0.222
0021500018,1610612763,Memphis,Grizzlies,MEM,grizzlies,203210,JaMychal,Green,J. Green,jamychal-green,,,0,12:45,0.711,0.421,0.226,0.25,0.738,0.333,0.178,0.125
0021500018,1610612763,Memphis,Grizzlies,MEM,grizzlies,203919,Jordan,Adams,J. Adams,jordan-adams,,DNP - Coach's Decision,3,,0.0,0.0,0.0,0.0,0.0,0.0,0.0,0.0
0021500018,1610612763,Memphis,Grizzlies,MEM,grizzlies,1713,Vince,Carter,V. Carter,vince-carter,,DNP - Coach's Decision,15,,0.0,0.0,0.0,0.0,0.0,0.0,0.0,0.0
0021500018,1610612763,Memphis,Grizzlies,MEM,grizzlies,203893,Russ,Smith,R. Smith,russ-smith,,DNP - Coach's Decision,2,,0.0,0.0,0.0,0.0,0.0,0.0,0.0,0.0
0021500018,1610612754,Indiana,Pacers,IND,pacers,202331,Paul,George,P. George,paul-george,F,,13,34:40,0.482,0.393,0.175,0.086,0.524,0.27,0.117,0.313
0021500018,1610612754,Indiana,Pacers,IND,pacers,201941,Jordan,Hill,J. Hill,jordan-hill,F,,27,19:49,0.426,0.206,0.205,0.143,0.405,0.27,0.104,0.318
0021500018,1610612754,Indiana,Pacers,IND,pacers,101133,Ian,Mahinmi,I. Mahinmi,ian-mahinmi,C,,28,29:30,0.42,0.34,0.171,0.059,0.509,0.241,0.121,0.31
0021500018,1610612754,Indiana,Pacers,IND,pacers,101145,Monta,Ellis,M. Ellis,monta-ellis,G,,11,32:16,0.436,0.309,0.158,0.026,0.578,0.362,0.125,0.393
0021500018,1610612754,Indiana,Pacers,IND,pacers,201588,George,Hill,G. Hill,george-hill,G,,3,38:46,0.523,0.328,0.179,0.0,0.515,0.284,0.142,0.265
0021500018,1610612754,Indiana,Pacers,IND,pacers,201978,Chase,Budinger,C. Budinger,chase-budinger,,,10,13:20,0.727,0.091,0.268,0.0,0.605,0.632,0.212,0.25
0021500018,1610612754,Indiana,Pacers,IND,pacers,201155,Rodney,Stuckey,R. Stuckey,rodney-stuckey,,,2,25:31,0.75,0.263,0.284,0.0,0.55,0.45,0.17,0.222
0021500018,1610612754,Indiana,Pacers,IND,pacers,1626167,Myles,Turner,M. Turner,myles-turner,,,33,17:58,0.815,0.259,0.256,0.1,0.593,0.593,0.184,0.273
0021500018,1610612754,Indiana,Pacers,IND,pacers,101139,CJ,Miles,C. Miles,cj-miles,,,0,20:46,0.727,0.394,0.214,0.0,0.641,0.563,0.218,0.333
0021500018,1610612754,Indiana,Pacers,IND,pacers,202730,Lavoy,Allen,L. Allen,lavoy-allen,,,5,7:25,0.409,0.364,0.157,0.0,0.692,0.077,0.0,0.167
0021500018,1610612754,Indiana,Pacers,IND,pacers,203524,Solomon,Hill,S. Hill,solomon-hill,,DNP - Coach's Decision,44,,0.0,0.0,0.0,0.0,0.0,0.0,0.0,0.0
0021500018,1610612754,Indiana,Pacers,IND,pacers,203963,Shayne,Whittington,S. Whittington,shayne-whittington,,DNP - Coach's Decision,42,,0.0,0.0,0.0,0.0,0.0,0.0,0.0,0.0
0021500018,1610612754,Indiana,Pacers,IND,pacers,1626202,Joe,Young,J. Young,joe-young,,DNP - Coach's Decision,1,,0.0,0.0,0.0,0.0,0.0,0.0,0.0,0.0
0021500019,1610612737,Atlanta,Hawks,ATL,hawks,203145,Kent,Bazemore,K. Bazemore,kent-bazemore,F,,24,25:10,0.633,0.224,0.123,0.0,0.404,0.231,0.186,0.321
0021500019,1610612737,Atlanta,Hawks,ATL,hawks,200794,Paul,Millsap,P. Millsap,paul-millsap,F,,4,34:30,0.592,0.367,0.176,0.1,0.401,0.171,0.169,0.333
0021500019,1610612737,Atlanta,Hawks,ATL,hawks,201143,Al,Horford,A. Horford,al-horford,C,,15,30:34,0.538,0.302,0.138,0.069,0.459,0.148,0.203,0.333
0021500019,1610612737,Atlanta,Hawks,ATL,hawks,2594,Kyle,Korver,K. Korver,kyle-korver,G,,26,32:15,0.64,0.316,0.129,0.0,0.397,0.162,0.192,0.4
0021500019,1610612737,Atlanta,Hawks,ATL,hawks,201952,Jeff,Teague,J. Teague,jeff-teague,G,,0,29:45,0.602,0.333,0.157,0.0,0.369,0.2,0.184,0.371
0021500019,1610612737,Atlanta,Hawks,ATL,hawks,201168,Tiago,Splitter,T. Splitter,tiago-splitter,,,11,23:16,0.563,0.375,0.152,0.0,0.386,0.341,0.22,0.333
0021500019,1610612737,Atlanta,Hawks,ATL,hawks,203200,Justin,Holiday,J. Holiday,justin-holiday,,,7,12:56,0.395,0.316,0.169,0.0,0.476,0.381,0.226,0.333
0021500019,1610612737,Atlanta,Hawks,ATL,hawks,203471,Dennis,Schröder,D. Schröder,dennis-schröder,,,17,18:15,0.5,0.276,0.149,0.0,0.607,0.286,0.219,0.231
0021500019,1610612737,Atlanta,Hawks,ATL,hawks,203934,Lamar,Patterson,L. Patterson,lamar-patterson,,,13,21:01,0.5,0.353,0.221,0.05,0.574,0.294,0.184,0.176
0021500019,1610612737,Atlanta,Hawks,ATL,hawks,203118,Mike,Scott,M. Scott,mike-scott,,,32,11:10,0.5,0.105,0.106,0.0,0.643,0.429,0.268,0.429
0021500019,1610612737,Atlanta,Hawks,ATL,hawks,204002,Edy,Tavares,W. Tavares,edy-tavares,,,22,1:09,0.0,2.0,0.532,1.0,1.0,0.0,0.0,0.0
0021500019,1610612737,Atlanta,Hawks,ATL,hawks,203501,Tim,Hardaway Jr.,T. Hardaway Jr.,tim-hardaway-jr,,DNP - Coach's Decision,10,,0.0,0.0,0.0,0.0,0.0,0.0,0.0,0.0
0021500019,1610612737,Atlanta,Hawks,ATL,hawks,202714,Shelvin,Mack,S. Mack,shelvin-mack,,DNP - Coach's Decision,8,,0.0,0.0,0.0,0.0,0.0,0.0,0.0,0.0
0021500019,1610612752,New York,Knicks,NYK,knicks,2546,Carmelo,Anthony,C. Anthony,carmelo-anthony,F,,7,31:54,0.366,0.183,0.193,0.067,0.568,0.339,0.149,0.192
0021500019,1610612752,New York,Knicks,NYK,knicks,204001,Kristaps,Porziņģis,K. Porziņģis,kristaps-porziņģis,F,,6,25:37,0.452,0.25,0.181,0.069,0.567,0.422,0.168,0.2
0021500019,1610612752,New York,Knicks,NYK,knicks,201577,Robin,Lopez,R. Lopez,robin-lopez,C,,8,21:17,0.38,0.174,0.206,0.069,0.575,0.325,0.158,0.167
0021500019,1610612752,New York,Knicks,NYK,knicks,101181,Jose,Calderon,J. Calderon,jose-calderon,G,,3,18:13,0.345,0.143,0.175,0.0,0.622,0.216,0.094,0.133
0021500019,1610612752,New York,Knicks,NYK,knicks,2756,Sasha,Vujacic,S. Vujacic,sasha-vujacic,G,,18,25:10,0.362,0.19,0.197,0.054,0.592,0.306,0.104,0.19
0021500019,1610612752,New York,Knicks,NYK,knicks,203124,Kyle,O'Quinn,K. O'Quinn,kyle-oquinn,,,9,22:03,0.539,0.237,0.205,0.273,0.486,0.222,0.165,0.2
0021500019,1610612752,New York,Knicks,NYK,knicks,204038,Langston,Galloway,L. Galloway,langston-galloway,,,2,25:18,0.524,0.262,0.181,0.0,0.581,0.297,0.221,0.167
0021500019,1610612752,New York,Knicks,NYK,knicks,202682,Derrick,Williams,D. Williams,derrick-williams,,,23,18:07,0.483,0.276,0.203,0.0,0.603,0.138,0.144,0.071
0021500019,1610612752,New York,Knicks,NYK,knicks,1626170,Jerian,Grant,J. Grant,jerian-grant,,,13,28:45,0.531,0.292,0.213,0.037,0.511,0.4,0.187,0.208
0021500019,1610612752,New York,Knicks,NYK,knicks,202498,Lance,Thomas,L. Thomas,lance-thomas,,,42,22:23,0.5,0.324,0.216,0.0,0.581,0.324,0.133,0.167
0021500019,1610612752,New York,Knicks,NYK,knicks,203921,Cleanthony,Early,C. Early,cleanthony-early,,,11,1:13,1.0,0.0,0.0,0.0,0.0,2.0,0.532,1.0
0021500019,1610612752,New York,Knicks,NYK,knicks,201167,Arron,Afflalo,A. Afflalo,arron-afflalo,,DND - Strained Left Hamstring,4,,0.0,0.0,0.0,0.0,0.0,0.0,0.0,0.0
0021500019,1610612752,New York,Knicks,NYK,knicks,202338,Kevin,Seraphin,K. Seraphin,kevin-seraphin,,DND - Sore Right Knee,1,,0.0,0.0,0.0,0.0,0.0,0.0,0.0,0.0
0021500020,1610612742,Dallas,Mavericks,DAL,mavericks,202379,Jeremy,Evans,J. Evans,jeremy-evans,F,,21,24:02,0.345,0.119,0.166,0.034,0.447,0.213,0.115,0.185
0021500020,1610612742,Dallas,Mavericks,DAL,mavericks,1717,Dirk,Nowitzki,D. Nowitzki,dirk-nowitzki,F,,41,25:02,0.47,0.14,0.151,0.032,0.616,0.465,0.059,0.182
0021500020,1610612742,Dallas,Mavericks,DAL,mavericks,2585,Zaza,Pachulia,Z. Pachulia,zaza-pachulia,C,,27,18:22,0.429,0.048,0.129,0.185,0.542,0.222,0.026,0.105
0021500020,1610612742,Dallas,Mavericks,DAL,mavericks,203098,John,Jenkins,J. Jenkins,john-jenkins,G,,12,35:18,0.404,0.103,0.141,0.023,0.522,0.299,0.068,0.184
0021500020,1610612742,Dallas,Mavericks,DAL,mavericks,101109,Raymond,Felton,R. Felton,raymond-felton,G,,2,25:15,0.423,0.135,0.134,0.03,0.622,0.634,0.078,0.25
0021500020,1610612742,Dallas,Mavericks,DAL,mavericks,203939,Dwight,Powell,D. Powell,dwight-powell,,,7,19:04,0.378,0.162,0.101,0.08,0.532,0.613,0.124,0.267
0021500020,1610612742,Dallas,Mavericks,DAL,mavericks,200826,J.J.,Barea,J. Barea,jj-barea,,,5,21:11,0.435,0.217,0.083,0.034,0.5,0.657,0.065,0.111
0021500020,1610612742,Dallas,Mavericks,DAL,mavericks,2734,Devin,Harris,D. Harris,devin-harris,,,34,23:11,0.39,0.18,0.115,0.029,0.512,0.357,0.06,0.095
0021500020,1610612742,Dallas,Mavericks,DAL,mavericks,101111,Charlie,Villanueva,C. Villanueva,charlie-villanueva,,,3,22:60,0.309,0.17,0.119,0.0,0.345,0.357,0.103,0.179
0021500020,1610612742,Dallas,Mavericks,DAL,mavericks,1626147,Justin,Anderson,J. Anderson,justin-anderson,,,1,18:22,0.311,0.216,0.12,0.0,0.311,0.189,0.075,0.12
0021500020,1610612742,Dallas,Mavericks,DAL,mavericks,1626257,Salah,Mejri,S. Mejri,salah-mejri,,,50,7:13,0.357,0.429,0.113,0.111,0.071,0.143,0.126,0.083
0021500020,1610612742,Dallas,Mavericks,DAL,mavericks,202083,Wesley,Matthews,W. Matthews,wesley-matthews,,DND - Rest,23,,0.0,0.0,0.0,0.0,0.0,0.0,0.0,0.0
0021500020,1610612742,Dallas,Mavericks,DAL,mavericks,101114,Deron,Williams,D. Williams,deron-williams,,DND - Left Knee Sprain,8,,0.0,0.0,0.0,0.0,0.0,0.0,0.0,0.0
0021500020,1610612746,LA,Clippers,LAC,clippers,202362,Lance,Stephenson,L. Stephenson,lance-stephenson,F,,1,20:53,0.557,0.457,0.095,0.0,0.383,0.106,0.113,0.345
0021500020,1610612746,LA,Clippers,LAC,clippers,201933,Blake,Griffin,B. Griffin,blake-griffin,F,,32,26:47,0.554,0.391,0.091,0.077,0.381,0.085,0.107,0.289
0021500020,1610612746,LA,Clippers,LAC,clippers,201599,DeAndre,Jordan,D. Jordan,deandre-jordan,C,,6,25:53,0.535,0.442,0.112,0.08,0.356,0.085,0.092,0.308
0021500020,1610612746,LA,Clippers,LAC,clippers,200755,JJ,Redick,J. Redick,jj-redick,G,,4,23:52,0.55,0.45,0.102,0.0,0.34,0.094,0.102,0.306
0021500020,1610612746,LA,Clippers,LAC,clippers,101108,Chris,Paul,C. Paul,chris-paul,G,,3,24:23,0.56,0.429,0.098,0.0,0.352,0.093,0.1,0.306
0021500020,1610612746,LA,Clippers,LAC,clippers,1718,Paul,Pierce,P. Pierce,paul-pierce,,,34,19:31,0.487,0.447,0.045,0.0,0.371,0.229,0.184,0.136
0021500020,1610612746,LA,Clippers,LAC,clippers,2746,Josh,Smith,J. Smith,josh-smith,,,5,14:11,0.462,0.577,0.033,0.176,0.396,0.333,0.215,0.154
0021500020,1610612746,LA,Clippers,LAC,clippers,203085,Austin,Rivers,A. Rivers,austin-rivers,,,25,24:29,0.438,0.313,0.056,0.0,0.455,0.227,0.15,0.13
0021500020,1610612746,LA,Clippers,LAC,clippers,2037,Jamal,Crawford,J. Crawford,jamal-crawford,,,11,17:24,0.514,0.429,0.025,0.0,0.483,0.276,0.208,0.133
0021500020,1610612746,LA,Clippers,LAC,clippers,202325,Wesley,Johnson,W. Johnson,wesley-johnson,,,33,21:47,0.419,0.326,0.042,0.034,0.447,0.263,0.165,0.1
0021500020,1610612746,LA,Clippers,LAC,clippers,203143,Pablo,Prigioni,P. Prigioni,pablo-prigioni,,,9,7:05,0.231,0.0,0.143,0.0,0.4,0.133,0.0,0.125
0021500020,1610612746,LA,Clippers,LAC,clippers,201601,Luc,Mbah a Moute,L. Mbah a Moute,luc-mbah-a-moute,,,12,6:54,0.231,0.0,0.143,0.0,0.429,0.143,0.0,0.125
0021500020,1610612746,LA,Clippers,LAC,clippers,202332,Cole,Aldrich,C. Aldrich,cole-aldrich,,,45,6:54,0.231,0.0,0.143,0.0,0.429,0.143,0.0,0.125
0021500026,1610612766,Charlotte,Hornets,CHA,hornets,201587,Nicolas,Batum,N. Batum,nicolas-batum,F,,5,33:22,0.469,0.108,0.176,0.051,0.454,0.278,0.165,0.156
0021500026,1610612766,Charlotte,Hornets,CHA,hornets,101107,Marvin,Williams,M. Williams,marvin-williams,F,,2,35:36,0.479,0.129,0.184,0.068,0.466,0.288,0.168,0.184
0021500026,1610612766,Charlotte,Hornets,CHA,hornets,2744,Al,Jefferson,A. Jefferson,al-jefferson,C,,25,29:52,0.475,0.119,0.135,0.114,0.461,0.176,0.138,0.172
0021500026,1610612766,Charlotte,Hornets,CHA,hornets,203798,PJ,Hairston,P. Hairston,pj-hairston,G,,19,16:36,0.394,0.091,0.15,0.0,0.5,0.167,0.09,0.125
0021500026,1610612766,Charlotte,Hornets,CHA,hornets,202689,Kemba,Walker,K. Walker,kemba-walker,G,,15,34:36,0.47,0.134,0.157,0.0,0.458,0.22,0.156,0.152
0021500026,1610612766,Charlotte,Hornets,CHA,hornets,203469,Cody,Zeller,C. Zeller,cody-zeller,,,40,16:51,0.391,0.13,0.358,0.063,0.654,0.615,0.184,0.143
0021500026,1610612766,Charlotte,Hornets,CHA,hornets,201150,Spencer,Hawes,S. Hawes,spencer-hawes,,,00,17:51,0.5,0.231,0.303,0.059,0.516,0.281,0.154,0.158
0021500026,1610612766,Charlotte,Hornets,CHA,hornets,202391,Jeremy,Lin,J. Lin,jeremy-lin,,,7,27:07,0.521,0.208,0.223,0.069,0.449,0.306,0.154,0.188
0021500026,1610612766,Charlotte,Hornets,CHA,hornets,203087,Jeremy,Lamb,J. Lamb,jeremy-lamb,,,3,14:38,0.5,0.261,0.245,0.0,0.534,0.241,0.121,0.176
0021500026,1610612766,Charlotte,Hornets,CHA,hornets,1626163,Frank,Kaminsky,F. Kaminsky,frank-kaminsky,,,44,13:31,0.577,0.192,0.132,0.0,0.442,0.154,0.134,0.133
0021500026,1610612766,Charlotte,Hornets,CHA,hornets,201946,Tyler,Hansbrough,T. Hansbrough,tyler-hansbrough,,DNP - Coach's Decision,50,,0.0,0.0,0.0,0.0,0.0,0.0,0.0,0.0
0021500026,1610612766,Charlotte,Hornets,CHA,hornets,1626151,Aaron,Harrison,A. Harrison,aaron-harrison,,DNP - Coach's Decision,9,,0.0,0.0,0.0,0.0,0.0,0.0,0.0,0.0
0021500026,1610612766,Charlotte,Hornets,CHA,hornets,203148,Brian,Roberts,B. Roberts,brian-roberts,,DNP - Coach's Decision,22,,0.0,0.0,0.0,0.0,0.0,0.0,0.0,0.0
0021500026,1610612737,Atlanta,Hawks,ATL,hawks,203145,Kent,Bazemore,K. Bazemore,kent-bazemore,F,,24,30:38,0.472,0.111,0.151,0.061,0.453,0.141,0.139,0.324
0021500026,1610612737,Atlanta,Hawks,ATL,hawks,200794,Paul,Millsap,P. Millsap,paul-millsap,F,,4,36:53,0.447,0.303,0.129,0.024,0.478,0.132,0.211,0.316
0021500026,1610612737,Atlanta,Hawks,ATL,hawks,201143,Al,Horford,A. Horford,al-horford,C,,15,34:52,0.525,0.186,0.158,0.031,0.379,0.129,0.153,0.295
0021500026,1610612737,Atlanta,Hawks,ATL,hawks,201952,Jeff,Teague,J. Teague,jeff-teague,G,,0,33:41,0.467,0.283,0.115,0.0,0.5,0.108,0.211,0.343
0021500026,1610612737,Atlanta,Hawks,ATL,hawks,203471,Dennis,Schröder,D. Schröder,dennis-schröder,G,,17,33:01,0.439,0.193,0.16,0.0,0.466,0.19,0.139,0.2
0021500026,1610612737,Atlanta,Hawks,ATL,hawks,203934,Lamar,Patterson,L. Patterson,lamar-patterson,,,13,21:11,0.471,0.514,0.167,0.042,0.625,0.188,0.246,0.063
0021500026,1610612737,Atlanta,Hawks,ATL,hawks,201168,Tiago,Splitter,T. Splitter,tiago-splitter,,,11,15:48,0.466,0.483,0.111,0.05,0.69,0.19,0.305,0.0
0021500026,1610612737,Atlanta,Hawks,ATL,hawks,200757,Thabo,Sefolosha,T. Sefolosha,thabo-sefolosha,,,25,20:55,0.557,0.314,0.187,0.048,0.397,0.154,0.288,0.304
0021500026,1610612737,Atlanta,Hawks,ATL,hawks,203118,Mike,Scott,M. Scott,mike-scott,,,32,13:02,0.575,0.1,0.232,0.091,0.543,0.174,0.174,0.077
0021500026,1610612737,Atlanta,Hawks,ATL,hawks,203501,Tim,Hardaway Jr.,T. Hardaway Jr.,tim-hardaway-jr,,DNP - Coach's Decision,10,,0.0,0.0,0.0,0.0,0.0,0.0,0.0,0.0
0021500026,1610612737,Atlanta,Hawks,ATL,hawks,203200,Justin,Holiday,J. Holiday,justin-holiday,,DNP - Coach's Decision,7,,0.0,0.0,0.0,0.0,0.0,0.0,0.0,0.0
0021500026,1610612737,Atlanta,Hawks,ATL,hawks,202714,Shelvin,Mack,S. Mack,shelvin-mack,,DNP - Coach's Decision,8,,0.0,0.0,0.0,0.0,0.0,0.0,0.0,0.0
0021500026,1610612737,Atlanta,Hawks,ATL,hawks,204002,Edy,Tavares,W. Tavares,edy-tavares,,DNP - Coach's Decision,22,,0.0,0.0,0.0,0.0,0.0,0.0,0.0,0.0
0021500022,1610612760,Oklahoma City,Thunder,OKC,thunder,201142,Kevin,Durant,K. Durant,kevin-durant,F,,35,53:32,0.515,0.291,0.158,0.018,0.515,0.343,0.145,0.286
0021500022,1610612760,Oklahoma City,Thunder,OKC,thunder,201586,Serge,Ibaka,S. Ibaka,serge-ibaka,F,,9,32:41,0.434,0.361,0.195,0.158,0.574,0.162,0.104,0.148
0021500022,1610612760,Oklahoma City,Thunder,OKC,thunder,203500,Steven,Adams,S. Adams,steven-adams,C,,12,35:55,0.466,0.26,0.142,0.116,0.514,0.275,0.112,0.188
0021500022,1610612760,Oklahoma City,Thunder,OKC,thunder,203460,Andre,Roberson,A. Roberson,andre-roberson,G,,21,18:48,0.5,0.355,0.159,0.0,0.622,0.243,0.071,0.133
0021500022,1610612760,Oklahoma City,Thunder,OKC,thunder,201566,Russell,Westbrook,R. Westbrook,russell-westbrook,G,,0,47:35,0.511,0.28,0.164,0.096,0.489,0.344,0.139,0.25
0021500022,1610612760,Oklahoma City,Thunder,OKC,thunder,201627,Anthony,Morrow,A. Morrow,anthony-morrow,,,2,14:04,0.431,0.276,0.222,0.0,0.567,0.233,0.147,0.333
0021500022,1610612760,Oklahoma City,Thunder,OKC,thunder,201571,D.J.,Augustin,D. Augustin,dj-augustin,,,14,28:14,0.528,0.407,0.144,0.033,0.381,0.643,0.2,0.345
0021500022,1610612760,Oklahoma City,Thunder,OKC,thunder,203079,Dion,Waiters,D. Waiters,dion-waiters,,,3,28:34,0.528,0.444,0.144,0.0,0.349,0.674,0.194,0.323
0021500022,1610612760,Oklahoma City,Thunder,OKC,thunder,202683,Enes,Freedom,E. Freedom,enes-freedom,,,11,18:02,0.586,0.517,0.207,0.25,0.431,0.586,0.213,0.368
0021500022,1610612760,Oklahoma City,Thunder,OKC,thunder,202713,Kyle,Singler,K. Singler,kyle-singler,,,5,12:35,0.304,0.565,0.209,0.0,0.522,0.261,0.113,0.167
0021500022,1610612760,Oklahoma City,Thunder,OKC,thunder,2555,Nick,Collison,N. Collison,nick-collison,,DNP - Coach's Decision,4,,0.0,0.0,0.0,0.0,0.0,0.0,0.0,0.0
0021500022,1610612760,Oklahoma City,Thunder,OKC,thunder,203956,Mitch,McGary,M. McGary,mitch-mcgary,,DNP - Coach's Decision,33,,0.0,0.0,0.0,0.0,0.0,0.0,0.0,0.0
0021500022,1610612760,Oklahoma City,Thunder,OKC,thunder,200779,Steve,Novak,S. Novak,steve-novak,,DNP - Coach's Decision,6,,0.0,0.0,0.0,0.0,0.0,0.0,0.0,0.0
0021500022,1610612753,Orlando,Magic,ORL,magic,203095,Evan,Fournier,E. Fournier,evan-fournier,F,,10,44:42,0.494,0.381,0.13,0.02,0.483,0.291,0.168,0.409
0021500022,1610612753,Orlando,Magic,ORL,magic,202699,Tobias,Harris,T. Harris,tobias-harris,F,,12,46:17,0.506,0.333,0.127,0.08,0.511,0.286,0.159,0.391
0021500022,1610612753,Orlando,Magic,ORL,magic,202696,Nikola,Vučević,N. Vučević,nikola-vučević,C,,9,45:05,0.518,0.341,0.11,0.063,0.511,0.276,0.155,0.372
0021500022,1610612753,Orlando,Magic,ORL,magic,203506,Victor,Oladipo,V. Oladipo,victor-oladipo,G,,5,50:40,0.489,0.333,0.151,0.0,0.51,0.293,0.155,0.388
0021500022,1610612753,Orlando,Magic,ORL,magic,203901,Elfrid,Payton,E. Payton,elfrid-payton,G,,4,36:47,0.492,0.422,0.117,0.025,0.514,0.3,0.129,0.364
0021500022,1610612753,Orlando,Magic,ORL,magic,201228,C.J.,Watson,C. Watson,cj-watson,,,32,20:58,0.488,0.22,0.188,0.0,0.423,0.436,0.232,0.417
0021500022,1610612753,Orlando,Magic,ORL,magic,1626209,Mario,Hezonja,M. Hezonja,mario-hezonja,,,23,14:16,0.542,0.458,0.104,0.0,0.354,0.75,0.188,0.375
0021500022,1610612753,Orlando,Magic,ORL,magic,203932,Aaron,Gordon,A. Gordon,aaron-gordon,,,00,17:51,0.55,0.433,0.218,0.053,0.55,0.6,0.196,0.333
0021500022,1610612753,Orlando,Magic,ORL,magic,203473,Dewayne,Dedmon,D. Dedmon,dewayne-dedmon,,,3,12:54,0.429,0.429,0.26,0.267,0.413,0.522,0.212,0.429
0021500022,1610612753,Orlando,Magic,ORL,magic,203894,Shabazz,Napier,S. Napier,shabazz-napier,,,13,0:30,0.0,0.0,0.0,0.0,0.0,0.0,0.0,0.0
0021500022,1610612753,Orlando,Magic,ORL,magic,101112,Channing,Frye,C. Frye,channing-frye,,DNP - Coach's Decision,8,,0.0,0.0,0.0,0.0,0.0,0.0,0.0,0.0
0021500022,1610612753,Orlando,Magic,ORL,magic,203094,Andrew,Nicholson,A. Nicholson,andrew-nicholson,,DNP - Coach's Decision,44,,0.0,0.0,0.0,0.0,0.0,0.0,0.0,0.0
0021500022,1610612753,Orlando,Magic,ORL,magic,201160,Jason,Smith,J. Smith,jason-smith,,DNP - Coach's Decision,14,,0.0,0.0,0.0,0.0,0.0,0.0,0.0,0.0
0021500024,1610612761,Toronto,Raptors,TOR,raptors,201960,DeMarre,Carroll,D. Carroll,demarre-carroll,F,,5,34:44,0.413,0.397,0.207,0.023,0.367,0.516,0.142,0.154
0021500024,1610612761,Toronto,Raptors,TOR,raptors,2449,Luis,Scola,L. Scola,luis-scola,F,,4,22:26,0.5,0.31,0.205,0.125,0.432,0.486,0.189,0.083
0021500024,1610612761,Toronto,Raptors,TOR,raptors,202685,Jonas,Valančiūnas,J. Valančiūnas,jonas-valančiūnas,C,,17,23:16,0.512,0.366,0.158,0.045,0.425,0.45,0.1,0.12
0021500024,1610612761,Toronto,Raptors,TOR,raptors,201942,DeMar,DeRozan,D. DeRozan,demar-derozan,G,,10,34:45,0.516,0.492,0.175,0.029,0.41,0.541,0.154,0.111
0021500024,1610612761,Toronto,Raptors,TOR,raptors,200768,Kyle,Lowry,K. Lowry,kyle-lowry,G,,7,34:14,0.475,0.525,0.178,0.027,0.427,0.5,0.155,0.139
0021500024,1610612761,Toronto,Raptors,TOR,raptors,202335,Patrick,Patterson,P. Patterson,patrick-patterson,,,54,24:44,0.526,0.538,0.163,0.0,0.512,0.349,0.149,0.174
0021500024,1610612761,Toronto,Raptors,TOR,raptors,202687,Bismack,Biyombo,B. Biyombo,bismack-biyombo,,,8,15:58,0.518,0.429,0.215,0.111,0.323,0.484,0.168,0.158
0021500024,1610612761,Toronto,Raptors,TOR,raptors,203082,Terrence,Ross,T. Ross,terrence-ross,,,31,21:06,0.609,0.313,0.274,0.0,0.458,0.444,0.149,0.143
0021500024,1610612761,Toronto,Raptors,TOR,raptors,202709,Cory,Joseph,C. Joseph,cory-joseph,,,6,18:11,0.537,0.556,0.258,0.0,0.439,0.485,0.119,0.158
0021500024,1610612761,Toronto,Raptors,TOR,raptors,203461,Anthony,Bennett,A. Bennett,anthony-bennett,,,15,2:43,0.833,1.0,0.481,0.0,0.25,1.5,0.231,0.0
0021500024,1610612761,Toronto,Raptors,TOR,raptors,201949,James,Johnson,J. Johnson,james-johnson,,,3,7:54,0.567,0.0,0.063,0.0,0.393,0.286,0.179,0.222
0021500024,1610612761,Toronto,Raptors,TOR,raptors,1626181,Norman,Powell,N. Powell,norman-powell,,DNP - Coach's Decision,24,,0.0,0.0,0.0,0.0,0.0,0.0,0.0,0.0
0021500024,1610612761,Toronto,Raptors,TOR,raptors,1626153,Delon,Wright,D. Wright,delon-wright,,DNP - Coach's Decision,55,,0.0,0.0,0.0,0.0,0.0,0.0,0.0,0.0
0021500024,1610612738,Boston,Celtics,BOS,celtics,203109,Jae,Crowder,J. Crowder,jae-crowder,F,,99,33:55,0.405,0.46,0.124,0.023,0.509,0.464,0.196,0.222
0021500024,1610612738,Boston,Celtics,BOS,celtics,101135,David,Lee,D. Lee,david-lee,F,,42,17:02,0.422,0.313,0.169,0.095,0.431,0.621,0.228,0.2
0021500024,1610612738,Boston,Celtics,BOS,celtics,203092,Tyler,Zeller,T. Zeller,tyler-zeller,C,,44,16:29,0.468,0.258,0.11,0.0,0.554,0.464,0.163,0.25
0021500024,1610612738,Boston,Celtics,BOS,celtics,202340,Avery,Bradley,A. Bradley,avery-bradley,G,,0,29:39,0.415,0.509,0.088,0.0,0.553,0.617,0.17,0.273
0021500024,1610612738,Boston,Celtics,BOS,celtics,203935,Marcus,Smart,M. Smart,marcus-smart,G,,36,28:26,0.415,0.34,0.139,0.0,0.531,0.265,0.204,0.182
0021500024,1610612738,Boston,Celtics,BOS,celtics,202738,Isaiah,Thomas,I. Thomas,isaiah-thomas,,,4,29:07,0.431,0.569,0.17,0.0,0.418,0.592,0.177,0.214
0021500024,1610612738,Boston,Celtics,BOS,celtics,203482,Kelly,Olynyk,K. Olynyk,kelly-olynyk,,,41,16:36,0.433,0.433,0.176,0.048,0.417,0.4,0.153,0.125
0021500024,1610612738,Boston,Celtics,BOS,celtics,101161,Amir,Johnson,A. Johnson,amir-johnson,,,90,18:58,0.435,0.613,0.198,0.045,0.458,0.306,0.16,0.211
0021500024,1610612738,Boston,Celtics,BOS,celtics,202323,Evan,Turner,E. Turner,evan-turner,,,11,27:30,0.415,0.553,0.155,0.032,0.6,0.356,0.254,0.25
0021500024,1610612738,Boston,Celtics,BOS,celtics,203096,Jared,Sullinger,J. Sullinger,jared-sullinger,,,7,14:14,0.381,0.952,0.172,0.0,0.563,0.333,0.277,0.333
0021500024,1610612738,Boston,Celtics,BOS,celtics,201973,Jonas,Jerebko,J. Jerebko,jonas-jerebko,,,8,8:04,0.308,0.462,0.268,0.1,0.529,0.0,0.25,0.286
0021500024,1610612738,Boston,Celtics,BOS,celtics,1626154,RJ,Hunter,R. Hunter,rj-hunter,,DNP - Coach's Decision,28,,0.0,0.0,0.0,0.0,0.0,0.0,0.0,0.0
0021500024,1610612738,Boston,Celtics,BOS,celtics,1626179,Terry,Rozier,T. Rozier,terry-rozier,,DNP - Coach's Decision,12,,0.0,0.0,0.0,0.0,0.0,0.0,0.0,0.0
0021500027,1610612764,Washington,Wizards,WAS,wizards,203490,Otto,Porter Jr.,O. Porter Jr.,otto-porter-jr,F,,22,30:59,0.477,0.568,0.25,0.0,0.585,0.396,0.159,0.19
0021500027,1610612764,Washington,Wizards,WAS,wizards,2743,Kris,Humphries,K. Humphries,kris-humphries,F,,43,14:11,0.357,0.333,0.386,0.143,0.609,0.478,0.152,0.0
0021500027,1610612764,Washington,Wizards,WAS,wizards,101162,Marcin,Gortat,M. Gortat,marcin-gortat,C,,13,26:29,0.527,0.649,0.278,0.15,0.596,0.426,0.117,0.158
0021500027,1610612764,Washington,Wizards,WAS,wizards,203078,Bradley,Beal,B. Beal,bradley-beal,G,,3,29:43,0.616,0.488,0.269,0.048,0.521,0.362,0.16,0.095
0021500027,1610612764,Washington,Wizards,WAS,wizards,202322,John,Wall,J. Wall,john-wall,G,,2,33:53,0.656,0.521,0.254,0.0,0.554,0.446,0.139,0.208
0021500027,1610612764,Washington,Wizards,WAS,wizards,2400,Drew,Gooden,D. Gooden,drew-gooden,,,90,8:27,0.7,1.5,0.06,0.0,0.588,0.059,0.163,0.286
0021500027,1610612764,Washington,Wizards,WAS,wizards,202390,Gary,Neal,G. Neal,gary-neal,,,14,21:58,0.547,0.938,0.087,0.053,0.561,0.195,0.144,0.167
0021500027,1610612764,Washington,Wizards,WAS,wizards,2403,Nene,Hilario,Nene,nene-hilario,,,42,21:31,0.694,0.645,0.117,0.063,0.5,0.229,0.202,0.188
0021500027,1610612764,Washington,Wizards,WAS,wizards,201196,Ramon,Sessions,R. Sessions,ramon-sessions,,,7,26:14,0.708,0.778,0.147,0.0,0.511,0.267,0.178,0.19
0021500027,1610612764,Washington,Wizards,WAS,wizards,201162,Jared,Dudley,J. Dudley,jared-dudley,,,1,25:22,0.716,0.595,0.152,0.0,0.512,0.381,0.151,0.2
0021500027,1610612764,Washington,Wizards,WAS,wizards,1626162,Kelly,Oubre Jr.,K. Oubre Jr.,kelly-oubre-jr,,,12,1:07,1.0,3.0,0.0,0.0,0.833,0.0,0.0,0.0
0021500027,1610612764,Washington,Wizards,WAS,wizards,202066,Garrett,Temple,G. Temple,garrett-temple,,,17,0:07,0.0,0.0,0.0,0.0,1.5,1.0,0.0,0.0
0021500027,1610612764,Washington,Wizards,WAS,wizards,201971,DeJuan,Blair,D. Blair,dejuan-blair,,DNP - Coach's Decision,45,,0.0,0.0,0.0,0.0,0.0,0.0,0.0,0.0
0021500027,1610612749,Milwaukee,Bucks,MIL,bucks,203507,Giannis,Antetokounmpo,G. Antetokounmpo,giannis-antetokounmpo,F,,34,34:09,0.516,0.306,0.121,0.086,0.613,0.491,0.225,0.25
0021500027,1610612749,Milwaukee,Bucks,MIL,bucks,203948,Johnny,O'Bryant III,J. O'Bryant III,johnny-obryant-iii,F,,77,27:43,0.593,0.512,0.151,0.045,0.61,0.39,0.245,0.263
0021500027,1610612749,Milwaukee,Bucks,MIL,bucks,202328,Greg,Monroe,G. Monroe,greg-monroe,C,,15,34:56,0.568,0.475,0.121,0.065,0.663,0.531,0.248,0.273
0021500027,1610612749,Milwaukee,Bucks,MIL,bucks,203114,Khris,Middleton,K. Middleton,khris-middleton,G,,22,38:53,0.577,0.385,0.153,0.0,0.625,0.712,0.227,0.259
0021500027,1610612749,Milwaukee,Bucks,MIL,bucks,203487,Michael,Carter-Williams,M. Carter-Williams,michael-carter-williams,G,,5,35:32,0.563,0.302,0.151,0.0,0.49,0.76,0.225,0.267
0021500027,1610612749,Milwaukee,Bucks,MIL,bucks,203142,Chris,Copeland,C. Copeland,chris-copeland,,,9,8:50,0.7,0.267,0.213,0.0,0.438,2.0,0.176,0.143
0021500027,1610612749,Milwaukee,Bucks,MIL,bucks,201573,Jerryd,Bayless,J. Bayless,jerryd-bayless,,,19,27:02,0.554,0.304,0.189,0.0,0.676,0.811,0.145,0.176
0021500027,1610612749,Milwaukee,Bucks,MIL,bucks,203101,Miles,Plumlee,M. Plumlee,miles-plumlee,,,18,13:04,0.522,0.0,0.233,0.0,0.447,0.947,0.107,0.167
0021500027,1610612749,Milwaukee,Bucks,MIL,bucks,203996,Damien,Inglis,D. Inglis,damien-inglis,,,17,3:15,0.5,0.0,0.125,0.0,0.75,0.833,0.0,0.5
0021500027,1610612749,Milwaukee,Bucks,MIL,bucks,202349,Greivis,Vasquez,G. Vasquez,greivis-vasquez,,,21,16:36,0.444,0.333,0.147,0.0,0.66,0.32,0.203,0.1
0021500027,1610612749,Milwaukee,Bucks,MIL,bucks,203089,John,Henson,J. Henson,john-henson,,DND - Sore Left Achilles,31,,0.0,0.0,0.0,0.0,0.0,0.0,0.0,0.0
0021500027,1610612749,Milwaukee,Bucks,MIL,bucks,201564,O.J.,Mayo,O. Mayo,oj-mayo,,DND - Right Hamstring Strain,3,,0.0,0.0,0.0,0.0,0.0,0.0,0.0,0.0
0021500027,1610612749,Milwaukee,Bucks,MIL,bucks,1626173,Rashad,Vaughn,R. Vaughn,rashad-vaughn,,DNP - Coach's Decision,20,,0.0,0.0,0.0,0.0,0.0,0.0,0.0,0.0
0021500023,1610612762,Utah,Jazz,UTA,jazz,202330,Gordon,Hayward,G. Hayward,gordon-hayward,F,,20,31:10,0.436,0.4,0.081,0.059,0.384,0.581,0.213,0.2
0021500023,1610612762,Utah,Jazz,UTA,jazz,202324,Derrick,Favors,D. Favors,derrick-favors,F,,15,29:17,0.423,0.385,0.068,0.061,0.423,0.462,0.25,0.192
0021500023,1610612762,Utah,Jazz,UTA,jazz,203497,Rudy,Gobert,R. Gobert,rudy-gobert,C,,27,31:32,0.5,0.333,0.099,0.182,0.295,0.538,0.258,0.167
0021500023,1610612762,Utah,Jazz,UTA,jazz,203918,Rodney,Hood,R. Hood,rodney-hood,G,,5,22:37,0.427,0.341,0.093,0.0,0.4,0.4,0.248,0.227
0021500023,1610612762,Utah,Jazz,UTA,jazz,203526,Raul,Neto,R. Neto,raul-neto,G,,25,20:32,0.414,0.457,0.097,0.0,0.365,0.538,0.261,0.056
0021500023,1610612762,Utah,Jazz,UTA,jazz,202407,Elijah,Millsap,E. Millsap,elijah-millsap,,,13,5:24,0.615,0.0,0.091,0.167,0.313,0.75,0.158,0.0
0021500023,1610612762,Utah,Jazz,UTA,jazz,202692,Alec,Burks,A. Burks,alec-burks,,,10,26:49,0.5,0.192,0.076,0.034,0.257,0.629,0.201,0.179
0021500023,1610612762,Utah,Jazz,UTA,jazz,203504,Trey,Burke,T. Burke,trey-burke,,,3,27:28,0.472,0.17,0.076,0.0,0.338,0.622,0.166,0.25
0021500023,1610612762,Utah,Jazz,UTA,jazz,202344,Trevor,Booker,T. Booker,trevor-booker,,,33,17:55,0.429,0.057,0.061,0.0,0.396,0.417,0.185,0.125
0021500023,1610612762,Utah,Jazz,UTA,jazz,1626168,Trey,Lyles,T. Lyles,trey-lyles,,,41,7:33,0.4,0.133,0.063,0.0,0.25,1.0,0.148,0.0
0021500023,1610612762,Utah,Jazz,UTA,jazz,204060,Joe,Ingles,J. Ingles,joe-ingles,,,2,13:43,0.364,0.318,0.111,0.0,0.342,0.842,0.12,0.286
0021500023,1610612762,Utah,Jazz,UTA,jazz,203187,Chris,Johnson,C. Johnson,chris-johnson,,,23,3:49,0.286,0.286,0.127,0.2,0.25,1.5,0.131,0.0
0021500023,1610612762,Utah,Jazz,UTA,jazz,202353,Tibor,Pleiss,T. Pleiss,tibor-pleiss,,,21,2:11,0.333,0.667,0.205,0.0,0.333,1.333,0.0,0.0
0021500023,1610612755,Philadelphia,76ers,PHI,sixers,203960,JaKarr,Sampson,J. Sampson,jakarr-sampson,F,,9,20:29,0.28,0.72,0.262,0.0,0.524,0.39,0.091,0.421
0021500023,1610612755,Philadelphia,76ers,PHI,sixers,203457,Nerlens,Noel,N. Noel,nerlens-noel,F,,4,35:49,0.394,0.468,0.22,0.121,0.46,0.302,0.073,0.267
0021500023,1610612755,Philadelphia,76ers,PHI,sixers,1626143,Jahlil,Okafor,J. Okafor,jahlil-okafor,C,,8,36:04,0.311,0.511,0.253,0.028,0.492,0.258,0.088,0.344
0021500023,1610612755,Philadelphia,76ers,PHI,sixers,203138,Hollis,Thompson,H. Thompson,hollis-thompson,G,,31,31:32,0.279,0.465,0.201,0.028,0.448,0.259,0.099,0.345
0021500023,1610612755,Philadelphia,76ers,PHI,sixers,203477,Isaiah,Canaan,I. Canaan,isaiah-canaan,G,,0,31:12,0.369,0.571,0.208,0.031,0.454,0.315,0.085,0.296
0021500023,1610612755,Philadelphia,76ers,PHI,sixers,203917,Nik,Stauskas,N. Stauskas,nik-stauskas,,,11,21:17,0.411,0.821,0.19,0.0,0.451,0.22,0.073,0.304
0021500023,1610612755,Philadelphia,76ers,PHI,sixers,203924,Jerami,Grant,J. Grant,jerami-grant,,,39,25:29,0.386,0.514,0.209,0.0,0.356,0.311,0.08,0.2
0021500023,1610612755,Philadelphia,76ers,PHI,sixers,204456,T.J.,McConnell,T. McConnell,tj-mcconnell,,,12,26:29,0.395,0.526,0.164,0.038,0.404,0.298,0.092,0.174
0021500023,1610612755,Philadelphia,76ers,PHI,sixers,1626158,Richaun,Holmes,R. Holmes,richaun-holmes,,,22,6:11,0.286,1.143,0.087,0.0,0.333,0.167,0.078,0.167
0021500023,1610612755,Philadelphia,76ers,PHI,sixers,1626174,Christian,Wood,C. Wood,christian-wood,,,35,5:28,0.2,1.8,0.182,0.0,0.5,0.154,0.084,0.5
0021500023,1610612755,Philadelphia,76ers,PHI,sixers,203496,Robert,Covington,R. Covington,robert-covington,,DNP - Coach's Decision,33,,0.0,0.0,0.0,0.0,0.0,0.0,0.0,0.0
0021500023,1610612755,Philadelphia,76ers,PHI,sixers,203088,Kendall,Marshall,K. Marshall,kendall-marshall,,DNP - Coach's Decision,5,,0.0,0.0,0.0,0.0,0.0,0.0,0.0,0.0
