GAME_ID,TEAM_ID,TEAM_ABBREVIATION,TEAM_CITY,PLAYER_ID,PLAYER_NAME,NICKNAME,START_POSITION,COMMENT,MIN,FGM,FGA,FG_PCT,FG3M,FG3A,FG3_PCT,FTM,FTA,FT_PCT,OREB,DREB,REB,AST,STL,BLK,TO,PF,PTS,PLUS_MINUS
0021500551,1610612741,CHI,Chicago,202703,Nikola Mirotic,Nikola,G,,38:17,8.0,17.0,0.471,5.0,9.0,0.556,3.0,4.0,0.75,2.0,8.0,10.0,1.0,1.0,2.0,1.0,4.0,24.0,-16.0
0021500551,1610612741,CHI,Chicago,201959,Taj Gibson,Taj,G,,26:07,4.0,5.0,0.8,0.0,0.0,0.0,2.0,2.0,1.0,1.0,3.0,4.0,0.0,0.0,0.0,2.0,1.0,10.0,-16.0
0021500551,1610612741,CHI,Chicago,2200,Pau Gasol,Pau,C,,32:26,4.0,10.0,0.4,0.0,0.0,0.0,2.0,3.0,0.667,1.0,6.0,7.0,5.0,0.0,1.0,4.0,0.0,10.0,-5.0
0021500551,1610612741,CHI,Chicago,202710,Jimmy Butler III,Jimmy,G,,39:26,8.0,17.0,0.471,1.0,3.0,0.333,10.0,12.0,0.833,4.0,4.0,8.0,2.0,1.0,1.0,3.0,4.0,27.0,-9.0
0021500551,1610612741,CHI,Chicago,201565,Derrick Rose,Derrick,G,,35:29,5.0,15.0,0.333,0.0,0.0,0.0,7.0,8.0,0.875,2.0,1.0,3.0,5.0,2.0,1.0,6.0,1.0,17.0,-9.0
0021500551,1610612741,CHI,Chicago,1626171,Bobby Portis,Bobby,C,,9:00,0.0,3.0,0.0,0.0,1.0,0.0,0.0,0.0,0.0,2.0,4.0,6.0,0.0,1.0,1.0,2.0,0.0,0.0,-4.0
0021500551,1610612741,CHI,Chicago,203503,Tony Snell,Tony,F,,19:16,3.0,6.0,0.5,1.0,3.0,0.333,0.0,0.0,0.0,0.0,2.0,2.0,2.0,1.0,0.0,1.0,1.0,7.0,-1.0
0021500551,1610612741,CHI,Chicago,201166,Aaron Brooks,Aaron,G,,4:50,0.0,2.0,0.0,0.0,1.0,0.0,0.0,0.0,0.0,0.0,1.0,1.0,1.0,0.0,0.0,1.0,0.0,0.0,-7.0
0021500551,1610612741,CHI,Chicago,203926,Doug McDermott,Doug,G,,24:23,3.0,5.0,0.6,0.0,1.0,0.0,0.0,0.0,0.0,0.0,4.0,4.0,0.0,0.0,0.0,1.0,2.0,6.0,-11.0
0021500551,1610612741,CHI,Chicago,202734,E'Twaun Moore,E'Twaun,,,7:41,0.0,2.0,0.0,0.0,0.0,0.0,2.0,2.0,1.0,0.0,0.0,0.0,0.0,0.0,0.0,0.0,0.0,2.0,1.0
0021500551,1610612741,CHI,Chicago,203946,Cameron Bairstow,Cameron,,,3:05,1.0,1.0,1.0,0.0,0.0,0.0,0.0,0.0,0.0,0.0,1.0,1.0,0.0,1.0,0.0,0.0,0.0,2.0,2.0
0021500551,1610612741,CHI,Chicago,2550,Kirk Hinrich,Kirk,,DNP - Coach's Decision,,,,,,,,,,,,,,,,,,,,
0021500551,1610612741,CHI,Chicago,201149,Joakim Noah,Joakim,,NWT - Left Shoulder Sprain,,,,,,,,,,,,,,,,,,,,
0021500551,1610612737,ATL,Atlanta,203145,Kent Bazemore,Kent,F,,27:13,3.0,9.0,0.333,1.0,2.0,0.5,2.0,2.0,1.0,1.0,3.0,4.0,3.0,2.0,0.0,1.0,4.0,9.0,11.0
0021500551,1610612737,ATL,Atlanta,200794,Paul Millsap,Paul,F,,31:58,8.0,16.0,0.5,0.0,2.0,0.0,2.0,2.0,1.0,1.0,7.0,8.0,3.0,2.0,6.0,2.0,3.0,18.0,4.0
0021500551,1610612737,ATL,Atlanta,201143,Al Horford,Al,G,,36:18,15.0,21.0,0.714,1.0,3.0,0.333,2.0,2.0,1.0,3.0,7.0,10.0,6.0,1.0,4.0,0.0,2.0,33.0,22.0
0021500551,1610612737,ATL,Atlanta,2594,Kyle Korver,Kyle,G,,31:08,5.0,8.0,0.625,3.0,6.0,0.5,0.0,0.0,0.0,0.0,2.0,2.0,1.0,0.0,1.0,3.0,3.0,13.0,10.0
0021500551,1610612737,ATL,Atlanta,201952,Jeff Teague,Jeff,G,,25:29,5.0,9.0,0.556,1.0,1.0,1.0,1.0,2.0,0.5,1.0,1.0,2.0,6.0,1.0,0.0,3.0,0.0,12.0,1.0
0021500551,1610612737,ATL,Atlanta,203471,Dennis Schröder,Dennis,G,,21:27,5.0,11.0,0.455,2.0,3.0,0.667,1.0,1.0,1.0,0.0,5.0,5.0,8.0,2.0,1.0,2.0,2.0,13.0,18.0
0021500551,1610612737,ATL,Atlanta,201168,Tiago Splitter,Tiago,,,15:22,1.0,6.0,0.167,0.0,1.0,0.0,2.0,2.0,1.0,1.0,1.0,2.0,2.0,1.0,0.0,0.0,2.0,4.0,-8.0
0021500551,1610612737,ATL,Atlanta,203501,Tim Hardaway Jr.,Tim,G,,16:22,1.0,4.0,0.25,0.0,2.0,0.0,0.0,0.0,0.0,0.0,1.0,1.0,1.0,2.0,0.0,1.0,1.0,2.0,12.0
0021500551,1610612737,ATL,Atlanta,203118,Mike Scott,Mike,F,,17:39,6.0,7.0,0.857,2.0,3.0,0.667,0.0,0.0,0.0,1.0,2.0,3.0,3.0,1.0,1.0,1.0,2.0,14.0,12.0
0021500551,1610612737,ATL,Atlanta,203200,Justin Holiday,Justin,C,,11:48,0.0,1.0,0.0,0.0,0.0,0.0,0.0,2.0,0.0,0.0,2.0,2.0,0.0,3.0,0.0,1.0,3.0,0.0,-3.0
0021500551,1610612737,ATL,Atlanta,203488,Mike Muscala,Mike,,,2:38,0.0,0.0,0.0,0.0,0.0,0.0,2.0,2.0,1.0,0.0,1.0,1.0,0.0,0.0,0.0,0.0,0.0,2.0,-2.0
0021500551,1610612737,ATL,Atlanta,202714,Shelvin Mack,Shelvin,,,2:38,0.0,2.0,0.0,0.0,1.0,0.0,0.0,0.0,0.0,0.0,0.0,0.0,0.0,0.0,0.0,1.0,0.0,0.0,-2.0
0021500551,1610612737,ATL,Atlanta,203934,Lamar Patterson,Lamar,,DNP - Coach's Decision,,,,,,,,,,,,,,,,,,,,
0021500554,1610612761,TOR,Toronto,201949,James Johnson,James,F,,12:37,2.0,5.0,0.4,0.0,1.0,0.0,1.0,1.0,1.0,0.0,0.0,0.0,0.0,1.0,0.0,1.0,3.0,5.0,-8.0
0021500554,1610612761,TOR,Toronto,2449,Luis Scola,Luis,F,,17:47,1.0,5.0,0.2,0.0,1.0,0.0,0.0,0.0,0.0,0.0,2.0,2.0,0.0,1.0,1.0,2.0,2.0,2.0,3.0
0021500554,1610612761,TOR,Toronto,202685,Jonas Valančiūnas,Jonas,C,,28:52,7.0,10.0,0.7,0.0,0.0,0.0,3.0,5.0,0.6,3.0,6.0,9.0,2.0,1.0,2.0,1.0,3.0,17.0,16.0
0021500554,1610612761,TOR,Toronto,201942,DeMar DeRozan,DeMar,G,,37:00,9.0,17.0,0.529,0.0,2.0,0.0,1.0,2.0,0.5,0.0,7.0,7.0,5.0,0.0,0.0,2.0,0.0,19.0,6.0
0021500554,1610612761,TOR,Toronto,200768,Kyle Lowry,Kyle,G,,38:40,10.0,17.0,0.588,1.0,4.0,0.25,4.0,5.0,0.8,2.0,4.0,6.0,5.0,2.0,0.0,3.0,3.0,25.0,20.0
0021500554,1610612761,TOR,Toronto,203082,Terrence Ross,Terrence,G,,23:47,6.0,10.0,0.6,1.0,4.0,0.25,3.0,4.0,0.75,0.0,2.0,2.0,0.0,1.0,0.0,1.0,2.0,16.0,7.0
0021500554,1610612761,TOR,Toronto,202335,Patrick Patterson,Patrick,G,,29:36,3.0,5.0,0.6,3.0,4.0,0.75,2.0,2.0,1.0,0.0,2.0,2.0,2.0,0.0,1.0,1.0,2.0,11.0,7.0
0021500554,1610612761,TOR,Toronto,202709,Cory Joseph,Cory,F,,30:59,1.0,4.0,0.25,0.0,1.0,0.0,7.0,8.0,0.875,0.0,5.0,5.0,4.0,1.0,1.0,2.0,0.0,9.0,19.0
0021500554,1610612761,TOR,Toronto,202687,Bismack Biyombo,Bismack,F,,17:46,1.0,1.0,1.0,0.0,0.0,0.0,0.0,0.0,0.0,1.0,3.0,4.0,0.0,0.0,2.0,0.0,1.0,2.0,0.0
0021500554,1610612761,TOR,Toronto,1626181,Norman Powell,Norman,,,1:52,1.0,1.0,1.0,0.0,0.0,0.0,0.0,0.0,0.0,0.0,0.0,0.0,0.0,0.0,0.0,0.0,0.0,2.0,-4.0
0021500554,1610612761,TOR,Toronto,1626153,Delon Wright,Delon,,,1:04,0.0,0.0,0.0,0.0,0.0,0.0,0.0,0.0,0.0,0.0,0.0,0.0,1.0,0.0,0.0,0.0,0.0,0.0,-1.0
0021500554,1610612761,TOR,Toronto,203998,Bruno Caboclo,Bruno,,DNP - Coach's Decision,,,,,,,,,,,,,,,,,,,,
0021500554,1610612761,TOR,Toronto,203512,Lucas Nogueira,Lucas,,DNP - Coach's Decision,,,,,,,,,,,,,,,,,,,,
0021500554,1610612755,PHI,Philadelphia,203924,Jerami Grant,Jerami,F,,22:05,1.0,3.0,0.333,0.0,1.0,0.0,1.0,2.0,0.5,1.0,3.0,4.0,3.0,0.0,0.0,4.0,2.0,3.0,7.0
0021500554,1610612755,PHI,Philadelphia,203457,Nerlens Noel,Nerlens,G,,32:57,1.0,4.0,0.25,0.0,0.0,0.0,2.0,4.0,0.5,1.0,7.0,8.0,2.0,2.0,3.0,2.0,3.0,4.0,-22.0
0021500554,1610612755,PHI,Philadelphia,1626143,Jahlil Okafor,Jahlil,F,,33:40,9.0,15.0,0.6,0.0,0.0,0.0,1.0,2.0,0.5,4.0,2.0,6.0,4.0,2.0,1.0,0.0,3.0,19.0,10.0
0021500554,1610612755,PHI,Philadelphia,203917,Nik Stauskas,Nik,G,,24:04,1.0,4.0,0.25,1.0,3.0,0.333,0.0,0.0,0.0,1.0,4.0,5.0,2.0,0.0,1.0,3.0,3.0,3.0,-5.0
0021500554,1610612755,PHI,Philadelphia,202397,Ish Smith,Ish,G,,33:09,12.0,22.0,0.545,2.0,2.0,1.0,2.0,4.0,0.5,1.0,4.0,5.0,4.0,3.0,0.0,1.0,1.0,28.0,-13.0
0021500554,1610612755,PHI,Philadelphia,203138,Hollis Thompson,Hollis,G,,30:41,3.0,9.0,0.333,2.0,4.0,0.5,0.0,0.0,0.0,0.0,2.0,2.0,1.0,0.0,0.0,0.0,4.0,8.0,-22.0
0021500554,1610612755,PHI,Philadelphia,203960,JaKarr Sampson,JaKarr,F,,17:04,1.0,3.0,0.333,0.0,0.0,0.0,0.0,2.0,0.0,0.0,1.0,1.0,1.0,0.0,0.0,1.0,2.0,2.0,3.0
0021500554,1610612755,PHI,Philadelphia,203496,Robert Covington,Robert,G,,9:06,2.0,5.0,0.4,2.0,3.0,0.667,0.0,0.0,0.0,0.0,0.0,0.0,0.0,0.0,0.0,0.0,0.0,6.0,-6.0
0021500554,1610612755,PHI,Philadelphia,204456,T.J. McConnell,T.J.,C,,14:51,2.0,6.0,0.333,1.0,1.0,1.0,0.0,0.0,0.0,0.0,1.0,1.0,8.0,2.0,0.0,0.0,1.0,5.0,0.0
0021500554,1610612755,PHI,Philadelphia,203477,Isaiah Canaan,Isaiah,,,9:44,2.0,3.0,0.667,2.0,2.0,1.0,0.0,0.0,0.0,0.0,0.0,0.0,1.0,0.0,0.0,2.0,2.0,6.0,-11.0
0021500554,1610612755,PHI,Philadelphia,201171,Carl Landry,Carl,F,,12:39,5.0,6.0,0.833,1.0,1.0,1.0,0.0,0.0,0.0,1.0,2.0,3.0,0.0,0.0,0.0,0.0,2.0,11.0,-6.0
0021500554,1610612755,PHI,Philadelphia,1626158,Richaun Holmes,Richaun,,DNP - Coach's Decision,,,,,,,,,,,,,,,,,,,,
0021500554,1610612755,PHI,Philadelphia,203088,Kendall Marshall,Kendall,,DNP - Coach's Decision,,,,,,,,,,,,,,,,,,,,
0021500553,1610612751,BKN,Brooklyn,2207,Joe Johnson,Joe,F,,33:43,6.0,10.0,0.6,2.0,2.0,1.0,0.0,0.0,0.0,0.0,4.0,4.0,4.0,0.0,0.0,0.0,0.0,14.0,6.0
0021500553,1610612751,BKN,Brooklyn,201152,Thaddeus Young,Thaddeus,G,,28:42,6.0,14.0,0.429,0.0,1.0,0.0,0.0,0.0,0.0,3.0,6.0,9.0,0.0,1.0,0.0,4.0,3.0,12.0,-6.0
0021500553,1610612751,BKN,Brooklyn,201572,Brook Lopez,Brook,F,,30:08,8.0,11.0,0.727,0.0,0.0,0.0,3.0,3.0,1.0,1.0,6.0,7.0,1.0,0.0,3.0,3.0,4.0,19.0,-3.0
0021500553,1610612751,BKN,Brooklyn,203900,Markel Brown,Markel,G,,14:08,1.0,4.0,0.25,0.0,0.0,0.0,0.0,0.0,0.0,0.0,3.0,3.0,2.0,1.0,0.0,0.0,1.0,2.0,-6.0
0021500553,1610612751,BKN,Brooklyn,203499,Shane Larkin,Shane,G,,24:13,3.0,8.0,0.375,0.0,0.0,0.0,2.0,2.0,1.0,0.0,1.0,1.0,3.0,0.0,0.0,1.0,0.0,8.0,-19.0
0021500553,1610612751,BKN,Brooklyn,202388,Donald Sloan,Donald,G,,23:47,5.0,8.0,0.625,2.0,3.0,0.667,3.0,4.0,0.75,0.0,2.0,2.0,10.0,0.0,0.0,3.0,1.0,15.0,5.0
0021500553,1610612751,BKN,Brooklyn,202711,Bojan Bogdanović,Bojan,G,,23:43,0.0,5.0,0.0,0.0,1.0,0.0,0.0,0.0,0.0,0.0,2.0,2.0,3.0,0.0,0.0,1.0,2.0,0.0,-18.0
0021500553,1610612751,BKN,Brooklyn,201961,Wayne Ellington,Wayne,G,,20:47,1.0,7.0,0.143,1.0,2.0,0.5,0.0,1.0,0.0,0.0,1.0,1.0,1.0,1.0,0.0,0.0,2.0,3.0,-5.0
0021500553,1610612751,BKN,Brooklyn,203186,Willie Reed,Willie,F,,17:52,3.0,5.0,0.6,0.0,0.0,0.0,0.0,0.0,0.0,0.0,5.0,5.0,0.0,2.0,0.0,0.0,2.0,6.0,-11.0
0021500553,1610612751,BKN,Brooklyn,203508,Sergey Karasev,Sergey,,,4:46,0.0,0.0,0.0,0.0,0.0,0.0,0.0,0.0,0.0,0.0,0.0,0.0,0.0,0.0,0.0,1.0,0.0,0.0,-2.0
0021500553,1610612751,BKN,Brooklyn,203080,Thomas Robinson,Thomas,G,,12:24,4.0,6.0,0.667,0.0,0.0,0.0,0.0,0.0,0.0,1.0,2.0,3.0,0.0,0.0,0.0,1.0,1.0,8.0,-9.0
0021500553,1610612751,BKN,Brooklyn,200745,Andrea Bargnani,Andrea,,,5:47,1.0,4.0,0.25,0.0,0.0,0.0,0.0,0.0,0.0,0.0,1.0,1.0,0.0,0.0,0.0,0.0,1.0,2.0,-2.0
0021500553,1610612765,DET,Detroit,1626169,Stanley Johnson,Stanley,G,,39:04,4.0,13.0,0.308,0.0,5.0,0.0,0.0,0.0,0.0,0.0,4.0,4.0,1.0,2.0,1.0,1.0,0.0,8.0,9.0
0021500553,1610612765,DET,Detroit,101141,Ersan Ilyasova,Ersan,F,,29:19,8.0,18.0,0.444,2.0,5.0,0.4,1.0,3.0,0.333,5.0,8.0,13.0,1.0,1.0,1.0,1.0,2.0,19.0,4.0
0021500553,1610612765,DET,Detroit,203083,Andre Drummond,Andre,F,,33:05,11.0,15.0,0.733,0.0,0.0,0.0,1.0,3.0,0.333,2.0,9.0,11.0,0.0,3.0,2.0,1.0,3.0,23.0,7.0
0021500553,1610612765,DET,Detroit,203484,Kentavious Caldwell-Pope,Kentavious,G,,36:42,2.0,8.0,0.25,0.0,4.0,0.0,1.0,1.0,1.0,2.0,1.0,3.0,4.0,3.0,0.0,3.0,0.0,5.0,3.0
0021500553,1610612765,DET,Detroit,202704,Reggie Jackson,Reggie,G,,32:35,10.0,17.0,0.588,3.0,4.0,0.75,0.0,0.0,0.0,0.0,3.0,3.0,8.0,0.0,0.0,2.0,3.0,23.0,9.0
0021500553,1610612765,DET,Detroit,1626199,Darrun Hilliard,Darrun,G,,20:14,3.0,5.0,0.6,1.0,2.0,0.5,1.0,1.0,1.0,0.0,4.0,4.0,1.0,0.0,0.0,1.0,2.0,8.0,16.0
0021500553,1610612765,DET,Detroit,201943,Brandon Jennings,Brandon,G,,15:25,0.0,3.0,0.0,0.0,2.0,0.0,0.0,0.0,0.0,0.0,1.0,1.0,5.0,0.0,0.0,0.0,1.0,0.0,5.0
0021500553,1610612765,DET,Detroit,201229,Anthony Tolliver,Anthony,G,,18:41,3.0,6.0,0.5,2.0,5.0,0.4,2.0,3.0,0.667,0.0,3.0,3.0,2.0,1.0,1.0,0.0,0.0,10.0,10.0
0021500553,1610612765,DET,Detroit,203382,Aron Baynes,Aron,C,,14:55,2.0,7.0,0.286,0.0,0.0,0.0,3.0,3.0,1.0,2.0,3.0,5.0,1.0,0.0,0.0,0.0,1.0,7.0,7.0
0021500553,1610612765,DET,Detroit,201202,Joel Anthony,Joel,,DNP - Coach's Decision,,,,,,,,,,,,,,,,,,,,
0021500553,1610612765,DET,Detroit,2581,Steve Blake,Steve,,DNP - Coach's Decision,,,,,,,,,,,,,,,,,,,,
0021500553,1610612765,DET,Detroit,203493,Reggie Bullock Jr.,Reggie,,DNP - Coach's Decision,,,,,,,,,,,,,,,,,,,,
0021500553,1610612765,DET,Detroit,202694,Marcus Morris Sr.,Marcus,,DND - LEFT KNEE TENDINITIS,,,,,,,,,,,,,,,,,,,,
0021500555,1610612748,MIA,Miami,2736,Luol Deng,Luol,F,,32:42,2.0,6.0,0.333,0.0,1.0,0.0,1.0,1.0,1.0,2.0,1.0,3.0,3.0,0.0,1.0,1.0,1.0,5.0,-6.0
0021500555,1610612748,MIA,Miami,2547,Chris Bosh,Chris,G,,35:08,11.0,16.0,0.688,2.0,6.0,0.333,0.0,1.0,0.0,2.0,5.0,7.0,2.0,1.0,0.0,1.0,2.0,24.0,-15.0
0021500555,1610612748,MIA,Miami,202355,Hassan Whiteside,Hassan,C,,30:47,4.0,8.0,0.5,0.0,0.0,0.0,2.0,6.0,0.333,5.0,6.0,11.0,0.0,1.0,4.0,1.0,3.0,10.0,-5.0
0021500555,1610612748,MIA,Miami,2548,Dwyane Wade,Dwyane,G,,32:36,3.0,17.0,0.176,0.0,0.0,0.0,2.0,5.0,0.4,3.0,2.0,5.0,4.0,1.0,0.0,4.0,0.0,8.0,-14.0
0021500555,1610612748,MIA,Miami,201609,Goran Dragic,Goran,G,,27:56,6.0,11.0,0.545,2.0,3.0,0.667,2.0,2.0,1.0,0.0,1.0,1.0,0.0,1.0,1.0,4.0,4.0,16.0,-6.0
0021500555,1610612748,MIA,Miami,101123,Gerald Green,Gerald,G,,34:11,6.0,13.0,0.462,1.0,6.0,0.167,0.0,0.0,0.0,2.0,4.0,6.0,1.0,2.0,1.0,2.0,5.0,13.0,-13.0
0021500555,1610612748,MIA,Miami,1626159,Justise Winslow,Justise,G,,20:21,0.0,4.0,0.0,0.0,1.0,0.0,0.0,0.0,0.0,0.0,0.0,0.0,0.0,0.0,1.0,2.0,0.0,0.0,-3.0
0021500555,1610612748,MIA,Miami,2757,Beno Udrih,Beno,C,,19:59,2.0,6.0,0.333,1.0,2.0,0.5,0.0,0.0,0.0,0.0,4.0,4.0,4.0,1.0,0.0,2.0,1.0,5.0,-9.0
0021500555,1610612748,MIA,Miami,2405,Amar'e Stoudemire,Amar'e,F,,6:20,0.0,1.0,0.0,0.0,0.0,0.0,2.0,2.0,1.0,1.0,1.0,2.0,0.0,0.0,0.0,0.0,0.0,2.0,-4.0
0021500555,1610612748,MIA,Miami,2365,Chris Andersen,Chris,,DNP - Coach's Decision,,,,,,,,,,,,,,,,,,,,
0021500555,1610612748,MIA,Miami,2617,Udonis Haslem,Udonis,,DNP - Coach's Decision,,,,,,,,,,,,,,,,,,,,
0021500555,1610612748,MIA,Miami,204020,Tyler Johnson,Tyler,,DNP - Coach's Decision,,,,,,,,,,,,,,,,,,,,
0021500555,1610612762,UTA,Utah,202330,Gordon Hayward,Gordon,F,,37:13,14.0,22.0,0.636,2.0,6.0,0.333,4.0,10.0,0.4,1.0,3.0,4.0,1.0,0.0,0.0,8.0,2.0,34.0,7.0
0021500555,1610612762,UTA,Utah,1626168,Trey Lyles,Trey,F,,32:29,1.0,5.0,0.2,1.0,2.0,0.5,0.0,0.0,0.0,0.0,10.0,10.0,0.0,3.0,0.0,1.0,1.0,3.0,17.0
0021500555,1610612762,UTA,Utah,203497,Rudy Gobert,Rudy,F,,28:29,3.0,3.0,1.0,0.0,0.0,0.0,3.0,4.0,0.75,3.0,2.0,5.0,4.0,1.0,4.0,1.0,2.0,9.0,10.0
0021500555,1610612762,UTA,Utah,203187,Chris Johnson,Chris,G,,31:02,6.0,9.0,0.667,2.0,3.0,0.667,0.0,0.0,0.0,0.0,4.0,4.0,3.0,2.0,2.0,2.0,5.0,14.0,22.0
0021500555,1610612762,UTA,Utah,203526,Raul Neto,Raul,G,,33:09,5.0,10.0,0.5,1.0,3.0,0.333,2.0,2.0,1.0,0.0,2.0,2.0,5.0,3.0,0.0,2.0,2.0,13.0,14.0
0021500555,1610612762,UTA,Utah,203481,Jeff Withey,Jeff,,,19:31,4.0,5.0,0.8,0.0,0.0,0.0,0.0,0.0,0.0,1.0,2.0,3.0,1.0,0.0,1.0,1.0,1.0,8.0,5.0
0021500555,1610612762,UTA,Utah,204060,Joe Ingles,Joe,G,,23:59,2.0,7.0,0.286,2.0,4.0,0.5,0.0,0.0,0.0,0.0,4.0,4.0,1.0,1.0,0.0,0.0,1.0,6.0,4.0
0021500555,1610612762,UTA,Utah,202344,Trevor Booker,Trevor,G,,15:31,0.0,2.0,0.0,0.0,0.0,0.0,0.0,0.0,0.0,0.0,4.0,4.0,1.0,0.0,0.0,0.0,1.0,0.0,-2.0
0021500555,1610612762,UTA,Utah,203504,Trey Burke,Trey,C,,18:37,4.0,8.0,0.5,1.0,2.0,0.5,2.0,2.0,1.0,0.0,1.0,1.0,3.0,0.0,0.0,1.0,1.0,11.0,-2.0
0021500555,1610612762,UTA,Utah,202324,Derrick Favors,Derrick,,DND - back spasms,,,,,,,,,,,,,,,,,,,,
0021500555,1610612762,UTA,Utah,203918,Rodney Hood,Rodney,,DND - sore right ankle,,,,,,,,,,,,,,,,,,,,
0021500555,1610612762,UTA,Utah,202353,Tibor Pleiss,Tibor,,DNP - Coach's Decision,,,,,,,,,,,,,,,,,,,,
0021500552,1610612764,WAS,Washington,203490,Otto Porter Jr.,Otto,G,,35:01,6.0,9.0,0.667,2.0,4.0,0.5,2.0,2.0,1.0,1.0,1.0,2.0,2.0,4.0,0.0,1.0,3.0,16.0,5.0
0021500552,1610612764,WAS,Washington,201162,Jared Dudley,Jared,G,,38:01,6.0,11.0,0.545,4.0,6.0,0.667,0.0,0.0,0.0,1.0,2.0,3.0,4.0,0.0,0.0,0.0,5.0,16.0,1.0
0021500552,1610612764,WAS,Washington,101162,Marcin Gortat,Marcin,F,,33:10,5.0,9.0,0.556,0.0,0.0,0.0,2.0,4.0,0.5,2.0,8.0,10.0,1.0,1.0,1.0,1.0,3.0,12.0,11.0
0021500552,1610612764,WAS,Washington,202066,Garrett Temple,Garrett,G,,33:22,5.0,8.0,0.625,1.0,2.0,0.5,0.0,0.0,0.0,0.0,4.0,4.0,4.0,0.0,0.0,2.0,4.0,11.0,13.0
0021500552,1610612764,WAS,Washington,202322,John Wall,John,G,,35:10,10.0,17.0,0.588,3.0,6.0,0.5,1.0,1.0,1.0,0.0,5.0,5.0,10.0,4.0,0.0,7.0,2.0,24.0,7.0
0021500552,1610612764,WAS,Washington,1626162,Kelly Oubre Jr.,Kelly,G,,15:25,0.0,0.0,0.0,0.0,0.0,0.0,0.0,0.0,0.0,0.0,1.0,1.0,0.0,1.0,0.0,1.0,3.0,0.0,-1.0
0021500552,1610612764,WAS,Washington,201196,Ramon Sessions,Ramon,G,,12:55,1.0,4.0,0.25,0.0,0.0,0.0,3.0,3.0,1.0,0.0,0.0,0.0,4.0,0.0,0.0,1.0,1.0,5.0,1.0
0021500552,1610612764,WAS,Washington,202390,Gary Neal,Gary,F,,22:06,7.0,13.0,0.538,2.0,2.0,1.0,0.0,0.0,0.0,0.0,1.0,1.0,3.0,0.0,1.0,1.0,2.0,16.0,-2.0
0021500552,1610612764,WAS,Washington,2400,Drew Gooden,Drew,F,,14:50,2.0,5.0,0.4,1.0,3.0,0.333,0.0,0.0,0.0,0.0,1.0,1.0,1.0,0.0,1.0,1.0,1.0,5.0,-5.0
0021500552,1610612764,WAS,Washington,201971,DeJuan Blair,DeJuan,,DNP - Coach's Decision,,,,,,,,,,,,,,,,,,,,
0021500552,1610612764,WAS,Washington,204067,Jarell Eddie,Jarell,,DNP - Coach's Decision,,,,,,,,,,,,,,,,,,,,
0021500552,1610612764,WAS,Washington,2403,Nene Hilario,Nene,,DND - Strained Right Triceps,,,,,,,,,,,,,,,,,,,,
0021500552,1610612753,ORL,Orlando,202699,Tobias Harris,Tobias,F,,35:29,4.0,9.0,0.444,0.0,2.0,0.0,3.0,4.0,0.75,1.0,3.0,4.0,1.0,2.0,0.0,1.0,1.0,11.0,-12.0
0021500552,1610612753,ORL,Orlando,101112,Channing Frye,Channing,F,,18:13,5.0,6.0,0.833,1.0,1.0,1.0,1.0,2.0,0.5,1.0,3.0,4.0,0.0,0.0,0.0,1.0,1.0,12.0,-10.0
0021500552,1610612753,ORL,Orlando,202696,Nikola Vučević,Nikola,C,,34:39,10.0,17.0,0.588,0.0,0.0,0.0,3.0,4.0,0.75,3.0,6.0,9.0,5.0,1.0,0.0,2.0,3.0,23.0,-9.0
0021500552,1610612753,ORL,Orlando,203095,Evan Fournier,Evan,G,,36:56,5.0,10.0,0.5,1.0,2.0,0.5,0.0,0.0,0.0,0.0,1.0,1.0,4.0,0.0,0.0,2.0,1.0,11.0,-6.0
0021500552,1610612753,ORL,Orlando,203506,Victor Oladipo,Victor,G,,38:43,5.0,12.0,0.417,2.0,4.0,0.5,5.0,6.0,0.833,1.0,2.0,3.0,5.0,1.0,1.0,6.0,2.0,17.0,-7.0
0021500552,1610612753,ORL,Orlando,203932,Aaron Gordon,Aaron,G,,29:47,4.0,7.0,0.571,1.0,3.0,0.333,1.0,2.0,0.5,3.0,7.0,10.0,1.0,2.0,0.0,1.0,0.0,10.0,4.0
0021500552,1610612753,ORL,Orlando,1626209,Mario Hezonja,Mario,G,,21:50,2.0,3.0,0.667,0.0,0.0,0.0,3.0,4.0,0.75,2.0,1.0,3.0,3.0,1.0,1.0,1.0,1.0,7.0,2.0
0021500552,1610612753,ORL,Orlando,203894,Shabazz Napier,Shabazz,F,,9:17,0.0,3.0,0.0,0.0,2.0,0.0,0.0,0.0,0.0,0.0,1.0,1.0,2.0,0.0,0.0,1.0,1.0,0.0,1.0
0021500552,1610612753,ORL,Orlando,201160,Jason Smith,Jason,F,,12:44,3.0,7.0,0.429,0.0,0.0,0.0,2.0,2.0,1.0,0.0,1.0,1.0,0.0,2.0,0.0,0.0,1.0,8.0,-1.0
0021500552,1610612753,ORL,Orlando,203094,Andrew Nicholson,Andrew,,,1:45,0.0,0.0,0.0,0.0,0.0,0.0,0.0,0.0,0.0,0.0,1.0,1.0,0.0,0.0,0.0,0.0,1.0,0.0,4.0
0021500552,1610612753,ORL,Orlando,203473,Dewayne Dedmon,Dewayne,,,0:37,0.0,0.0,0.0,0.0,0.0,0.0,0.0,0.0,0.0,0.0,0.0,0.0,1.0,0.0,0.0,0.0,0.0,0.0,4.0
0021500552,1610612753,ORL,Orlando,203901,Elfrid Payton,Elfrid,,DNP - Coach's Decision,,,,,,,,,,,,,,,,,,,,
0021500550,1610612766,CHA,Charlotte,203798,PJ Hairston,PJ,F,,21:00,1.0,4.0,0.25,0.0,1.0,0.0,0.0,0.0,0.0,0.0,3.0,3.0,0.0,1.0,0.0,0.0,1.0,2.0,-18.0
0021500550,1610612766,CHA,Charlotte,101107,Marvin Williams,Marvin,F,,30:00,3.0,12.0,0.25,1.0,7.0,0.143,0.0,0.0,0.0,2.0,1.0,3.0,1.0,0.0,1.0,0.0,1.0,7.0,-20.0
0021500550,1610612766,CHA,Charlotte,203469,Cody Zeller,Cody,G,,33:06,2.0,7.0,0.286,0.0,0.0,0.0,2.0,4.0,0.5,3.0,10.0,13.0,0.0,0.0,1.0,2.0,4.0,6.0,-19.0
0021500550,1610612766,CHA,Charlotte,202391,Jeremy Lin,Jeremy,G,,40:50,9.0,16.0,0.563,3.0,4.0,0.75,5.0,6.0,0.833,0.0,4.0,4.0,4.0,1.0,0.0,2.0,5.0,26.0,-15.0
0021500550,1610612766,CHA,Charlotte,202689,Kemba Walker,Kemba,G,,38:09,4.0,16.0,0.25,0.0,4.0,0.0,3.0,5.0,0.6,1.0,1.0,2.0,3.0,0.0,0.0,4.0,3.0,11.0,-19.0
0021500550,1610612766,CHA,Charlotte,1626163,Frank Kaminsky,Frank,G,,18:00,1.0,6.0,0.167,0.0,1.0,0.0,2.0,2.0,1.0,1.0,4.0,5.0,2.0,0.0,0.0,2.0,1.0,4.0,6.0
0021500550,1610612766,CHA,Charlotte,203087,Jeremy Lamb,Jeremy,G,,34:10,8.0,14.0,0.571,2.0,4.0,0.5,0.0,0.0,0.0,3.0,10.0,13.0,0.0,1.0,1.0,1.0,1.0,18.0,5.0
0021500550,1610612766,CHA,Charlotte,201150,Spencer Hawes,Spencer,F,,14:54,2.0,5.0,0.4,1.0,2.0,0.5,2.0,2.0,1.0,1.0,3.0,4.0,1.0,0.0,0.0,1.0,0.0,7.0,5.0
0021500550,1610612766,CHA,Charlotte,203148,Brian Roberts,Brian,G,,9:51,1.0,4.0,0.25,0.0,0.0,0.0,0.0,0.0,0.0,0.0,0.0,0.0,3.0,1.0,0.0,3.0,0.0,2.0,5.0
0021500550,1610612766,CHA,Charlotte,201587,Nicolas Batum,Nicolas,,DNP - Coach's Decision,,,,,,,,,,,,,,,,,,,,
0021500550,1610612766,CHA,Charlotte,203584,Troy Daniels,Troy,,DNP - Coach's Decision,,,,,,,,,,,,,,,,,,,,
0021500550,1610612766,CHA,Charlotte,201946,Tyler Hansbrough,Tyler,,DNP - Coach's Decision,,,,,,,,,,,,,,,,,,,,
0021500550,1610612766,CHA,Charlotte,1626151,Aaron Harrison,Aaron,,DNP - Coach's Decision,,,,,,,,,,,,,,,,,,,,
0021500550,1610612746,LAC,LA,201601,Luc Mbah a Moute,Luc,F,,18:00,1.0,2.0,0.5,0.0,0.0,0.0,2.0,2.0,1.0,1.0,3.0,4.0,0.0,1.0,1.0,0.0,1.0,4.0,24.0
0021500550,1610612746,LAC,LA,1718,Paul Pierce,Paul,G,,19:26,2.0,10.0,0.2,0.0,8.0,0.0,0.0,0.0,0.0,0.0,2.0,2.0,0.0,1.0,2.0,0.0,1.0,4.0,11.0
0021500550,1610612746,LAC,LA,201599,DeAndre Jordan,DeAndre,G,,35:25,4.0,10.0,0.4,0.0,0.0,0.0,3.0,4.0,0.75,7.0,12.0,19.0,2.0,0.0,4.0,0.0,2.0,11.0,21.0
0021500550,1610612746,LAC,LA,200755,JJ Redick,JJ,G,,28:32,6.0,10.0,0.6,3.0,5.0,0.6,2.0,2.0,1.0,0.0,2.0,2.0,2.0,0.0,0.0,1.0,1.0,17.0,22.0
0021500550,1610612746,LAC,LA,101108,Chris Paul,Chris,G,,31:13,11.0,19.0,0.579,3.0,5.0,0.6,0.0,0.0,0.0,1.0,6.0,7.0,7.0,2.0,1.0,5.0,4.0,25.0,21.0
0021500550,1610612746,LAC,LA,2037,Jamal Crawford,Jamal,G,,30:43,9.0,20.0,0.45,1.0,7.0,0.143,0.0,0.0,0.0,0.0,1.0,1.0,2.0,0.0,0.0,3.0,1.0,19.0,0.0
0021500550,1610612746,LAC,LA,202325,Wesley Johnson,Wesley,F,,22:57,1.0,7.0,0.143,1.0,5.0,0.2,0.0,0.0,0.0,1.0,3.0,4.0,0.0,1.0,1.0,0.0,4.0,3.0,-4.0
0021500550,1610612746,LAC,LA,203143,Pablo Prigioni,Pablo,G,,16:47,0.0,0.0,0.0,0.0,0.0,0.0,0.0,0.0,0.0,1.0,2.0,3.0,4.0,0.0,0.0,0.0,3.0,0.0,-7.0
0021500550,1610612746,LAC,LA,203085,Austin Rivers,Austin,F,,24:22,2.0,7.0,0.286,0.0,1.0,0.0,2.0,2.0,1.0,0.0,1.0,1.0,2.0,1.0,0.0,0.0,2.0,6.0,-11.0
0021500550,1610612746,LAC,LA,202332,Cole Aldrich,Cole,G,,12:35,4.0,6.0,0.667,0.0,0.0,0.0,0.0,0.0,0.0,2.0,2.0,4.0,0.0,0.0,0.0,0.0,0.0,8.0,-7.0
0021500550,1610612746,LAC,LA,2746,Josh Smith,Josh,,DNP - Coach's Decision,,,,,,,,,,,,,,,,,,,,
0021500550,1610612746,LAC,LA,202362,Lance Stephenson,Lance,,DNP - Coach's Decision,,,,,,,,,,,,,,,,,,,,
0021500562,1610612749,MIL,Milwaukee,203507,Giannis Antetokounmpo,Giannis,G,,35:38,3.0,9.0,0.333,0.0,4.0,0.0,2.0,4.0,0.5,1.0,9.0,10.0,5.0,0.0,0.0,2.0,3.0,8.0,7.0
0021500562,1610612749,MIL,Milwaukee,203953,Jabari Parker,Jabari,F,,32:00,7.0,12.0,0.583,0.0,0.0,0.0,0.0,0.0,0.0,4.0,2.0,6.0,1.0,2.0,1.0,0.0,3.0,14.0,-23.0
0021500562,1610612749,MIL,Milwaukee,202328,Greg Monroe,Greg,G,,33:20,11.0,16.0,0.688,0.0,0.0,0.0,6.0,7.0,0.857,4.0,6.0,10.0,2.0,0.0,1.0,2.0,2.0,28.0,9.0
0021500562,1610612749,MIL,Milwaukee,203114,Khris Middleton,Khris,G,,38:11,6.0,16.0,0.375,1.0,3.0,0.333,7.0,10.0,0.7,0.0,1.0,1.0,1.0,1.0,0.0,3.0,3.0,20.0,-16.0
0021500562,1610612749,MIL,Milwaukee,203487,Michael Carter-Williams,Michael,G,,22:27,1.0,8.0,0.125,0.0,1.0,0.0,2.0,4.0,0.5,1.0,4.0,5.0,6.0,2.0,0.0,3.0,3.0,4.0,-22.0
0021500562,1610612749,MIL,Milwaukee,203089,John Henson,John,,,8:47,0.0,2.0,0.0,0.0,0.0,0.0,0.0,0.0,0.0,0.0,1.0,1.0,0.0,0.0,1.0,0.0,1.0,0.0,-19.0
0021500562,1610612749,MIL,Milwaukee,1626173,Rashad Vaughn,Rashad,F,,29:26,3.0,6.0,0.5,2.0,3.0,0.667,2.0,3.0,0.667,1.0,1.0,2.0,2.0,1.0,1.0,0.0,0.0,10.0,-5.0
0021500562,1610612749,MIL,Milwaukee,203898,Tyler Ennis,Tyler,G,,16:18,0.0,5.0,0.0,0.0,2.0,0.0,0.0,0.0,0.0,0.0,0.0,0.0,2.0,0.0,0.0,0.0,1.0,0.0,5.0
0021500562,1610612749,MIL,Milwaukee,203948,Johnny O'Bryant III,Johnny,G,,15:16,1.0,3.0,0.333,0.0,0.0,0.0,0.0,0.0,0.0,0.0,3.0,3.0,0.0,0.0,0.0,1.0,0.0,2.0,1.0
0021500562,1610612749,MIL,Milwaukee,203101,Miles Plumlee,Miles,,,5:53,0.0,3.0,0.0,0.0,0.0,0.0,2.0,2.0,1.0,3.0,0.0,3.0,0.0,1.0,0.0,0.0,0.0,2.0,-2.0
0021500562,1610612749,MIL,Milwaukee,203996,Damien Inglis,Damien,,,2:45,0.0,0.0,0.0,0.0,0.0,0.0,0.0,0.0,0.0,0.0,1.0,1.0,0.0,0.0,0.0,0.0,0.0,0.0,5.0
0021500562,1610612749,MIL,Milwaukee,203142,Chris Copeland,Chris,,DNP - Coach's Decision,,,,,,,,,,,,,,,,,,,,
0021500562,1610612749,MIL,Milwaukee,201564,O.J. Mayo,O.J.,,DND - Sore Left Hamstring,,,,,,,,,,,,,,,,,,,,
0021500562,1610612752,NYK,New York,2546,Carmelo Anthony,Carmelo,F,,36:44,10.0,16.0,0.625,1.0,5.0,0.2,3.0,4.0,0.75,3.0,7.0,10.0,8.0,0.0,1.0,1.0,2.0,24.0,25.0
0021500562,1610612752,NYK,New York,204001,Kristaps Porziņģis,Kristaps,F,,30:06,5.0,11.0,0.455,2.0,5.0,0.4,3.0,4.0,0.75,3.0,3.0,6.0,2.0,1.0,5.0,4.0,3.0,15.0,17.0
0021500562,1610612752,NYK,New York,201577,Robin Lopez,Robin,G,,27:20,4.0,8.0,0.5,0.0,0.0,0.0,5.0,5.0,1.0,4.0,5.0,9.0,2.0,0.0,1.0,2.0,6.0,13.0,-3.0
0021500562,1610612752,NYK,New York,201167,Arron Afflalo,Arron,G,,30:55,5.0,16.0,0.313,0.0,5.0,0.0,1.0,1.0,1.0,0.0,1.0,1.0,3.0,1.0,0.0,0.0,3.0,11.0,15.0
0021500562,1610612752,NYK,New York,101181,Jose Calderon,Jose,G,,29:06,3.0,5.0,0.6,2.0,3.0,0.667,1.0,2.0,0.5,0.0,4.0,4.0,7.0,3.0,0.0,1.0,2.0,9.0,34.0
0021500562,1610612752,NYK,New York,202498,Lance Thomas,Lance,F,,22:21,6.0,9.0,0.667,1.0,2.0,0.5,0.0,0.0,0.0,1.0,1.0,2.0,1.0,0.0,0.0,0.0,4.0,13.0,8.0
0021500562,1610612752,NYK,New York,204038,Langston Galloway,Langston,G,,21:09,2.0,5.0,0.4,1.0,3.0,0.333,0.0,0.0,0.0,0.0,1.0,1.0,1.0,0.0,0.0,1.0,1.0,5.0,-12.0
0021500562,1610612752,NYK,New York,1626170,Jerian Grant,Jerian,F,,16:14,0.0,4.0,0.0,0.0,0.0,0.0,2.0,2.0,1.0,1.0,2.0,3.0,0.0,0.0,0.0,1.0,0.0,2.0,-19.0
0021500562,1610612752,NYK,New York,202682,Derrick Williams,Derrick,G,,24:00,4.0,9.0,0.444,0.0,1.0,0.0,0.0,0.0,0.0,0.0,6.0,6.0,1.0,0.0,0.0,1.0,0.0,8.0,0.0
0021500562,1610612752,NYK,New York,203124,Kyle O'Quinn,Kyle,,,2:05,0.0,1.0,0.0,0.0,0.0,0.0,0.0,0.0,0.0,0.0,1.0,1.0,0.0,0.0,0.0,0.0,0.0,0.0,-5.0
0021500562,1610612752,NYK,New York,200811,Lou Amundson,Lou,,DNP - Coach's Decision,,,,,,,,,,,,,,,,,,,,
0021500562,1610612752,NYK,New York,202338,Kevin Seraphin,Kevin,,DNP - Coach's Decision,,,,,,,,,,,,,,,,,,,,
0021500562,1610612752,NYK,New York,2756,Sasha Vujacic,Sasha,,DNP - Coach's Decision,,,,,,,,,,,,,,,,,,,,
0021500559,1610612739,CLE,Cleveland,2544,LeBron James,LeBron,F,,37:00,15.0,22.0,0.682,3.0,5.0,0.6,4.0,6.0,0.667,0.0,7.0,7.0,9.0,2.0,0.0,2.0,1.0,37.0,11.0
0021500559,1610612739,CLE,Cleveland,201567,Kevin Love,Kevin,F,,37:05,5.0,11.0,0.455,1.0,4.0,0.25,4.0,7.0,0.571,4.0,11.0,15.0,6.0,2.0,0.0,3.0,3.0,15.0,18.0
0021500559,1610612739,CLE,Cleveland,202684,Tristan Thompson,Tristan,G,,37:24,2.0,5.0,0.4,0.0,0.0,0.0,6.0,8.0,0.75,7.0,3.0,10.0,1.0,0.0,0.0,0.0,5.0,10.0,12.0
0021500559,1610612739,CLE,Cleveland,2747,JR Smith,JR,G,,33:53,5.0,18.0,0.278,4.0,12.0,0.333,0.0,0.0,0.0,0.0,3.0,3.0,0.0,1.0,0.0,0.0,0.0,14.0,17.0
0021500559,1610612739,CLE,Cleveland,202681,Kyrie Irving,Kyrie,G,,30:49,3.0,15.0,0.2,1.0,6.0,0.167,1.0,1.0,1.0,0.0,5.0,5.0,2.0,2.0,1.0,2.0,2.0,8.0,12.0
0021500559,1610612739,CLE,Cleveland,203521,Matthew Dellavedova,Matthew,G,,24:49,2.0,8.0,0.25,0.0,2.0,0.0,0.0,0.0,0.0,0.0,4.0,4.0,2.0,2.0,0.0,2.0,2.0,4.0,-3.0
0021500559,1610612739,CLE,Cleveland,202389,Timofey Mozgov,Timofey,C,,8:54,1.0,4.0,0.25,0.0,1.0,0.0,0.0,0.0,0.0,2.0,2.0,4.0,0.0,0.0,0.0,1.0,2.0,2.0,-2.0
0021500559,1610612739,CLE,Cleveland,202697,Iman Shumpert,Iman,F,,16:44,1.0,5.0,0.2,0.0,2.0,0.0,0.0,0.0,0.0,0.0,2.0,2.0,0.0,0.0,1.0,0.0,0.0,2.0,-5.0
0021500559,1610612739,CLE,Cleveland,2210,Richard Jefferson,Richard,G,,12:37,1.0,2.0,0.5,0.0,0.0,0.0,1.0,1.0,1.0,0.0,1.0,1.0,0.0,0.0,0.0,0.0,1.0,3.0,-8.0
0021500559,1610612739,CLE,Cleveland,203099,Jared Cunningham,Jared,,,0:45,0.0,0.0,0.0,0.0,0.0,0.0,0.0,0.0,0.0,0.0,0.0,0.0,0.0,0.0,0.0,0.0,0.0,0.0,-2.0
0021500559,1610612739,CLE,Cleveland,2592,James Jones,James,,DNP - Coach's Decision,,,,,,,,,,,,,,,,,,,,
0021500559,1610612739,CLE,Cleveland,2760,Anderson Varejao,Anderson,,DNP - Coach's Decision,,,,,,,,,,,,,,,,,,,,
0021500559,1610612739,CLE,Cleveland,2590,Mo Williams,Mo,,DNP - Coach's Decision,,,,,,,,,,,,,,,,,,,,
0021500559,1610612755,PHI,Philadelphia,203924,Jerami Grant,Jerami,G,,30:08,3.0,9.0,0.333,0.0,3.0,0.0,0.0,5.0,0.0,2.0,6.0,8.0,2.0,1.0,1.0,2.0,4.0,6.0,-9.0
0021500559,1610612755,PHI,Philadelphia,203457,Nerlens Noel,Nerlens,F,,34:35,5.0,7.0,0.714,0.0,0.0,0.0,2.0,4.0,0.5,2.0,7.0,9.0,3.0,1.0,3.0,1.0,1.0,12.0,-9.0
0021500559,1610612755,PHI,Philadelphia,1626143,Jahlil Okafor,Jahlil,G,,32:29,9.0,15.0,0.6,0.0,0.0,0.0,3.0,5.0,0.6,2.0,5.0,7.0,0.0,0.0,0.0,2.0,2.0,21.0,-3.0
0021500559,1610612755,PHI,Philadelphia,203917,Nik Stauskas,Nik,G,,22:17,2.0,4.0,0.5,2.0,4.0,0.5,0.0,0.0,0.0,0.0,4.0,4.0,2.0,0.0,1.0,0.0,0.0,6.0,0.0
0021500559,1610612755,PHI,Philadelphia,202397,Ish Smith,Ish,G,,38:11,7.0,21.0,0.333,1.0,1.0,1.0,3.0,3.0,1.0,1.0,6.0,7.0,10.0,1.0,0.0,5.0,0.0,18.0,-4.0
0021500559,1610612755,PHI,Philadelphia,201171,Carl Landry,Carl,,,9:00,1.0,3.0,0.333,0.0,0.0,0.0,1.0,2.0,0.5,0.0,0.0,0.0,0.0,0.0,0.0,1.0,5.0,3.0,-6.0
0021500559,1610612755,PHI,Philadelphia,203138,Hollis Thompson,Hollis,G,,25:43,3.0,4.0,0.75,2.0,3.0,0.667,0.0,0.0,0.0,0.0,3.0,3.0,0.0,0.0,1.0,1.0,1.0,8.0,-10.0
0021500559,1610612755,PHI,Philadelphia,203960,JaKarr Sampson,JaKarr,,,5:32,0.0,2.0,0.0,0.0,1.0,0.0,0.0,0.0,0.0,0.0,1.0,1.0,0.0,1.0,0.0,1.0,1.0,0.0,-5.0
0021500559,1610612755,PHI,Philadelphia,204456,T.J. McConnell,T.J.,,,9:49,2.0,5.0,0.4,0.0,1.0,0.0,0.0,0.0,0.0,0.0,1.0,1.0,1.0,2.0,0.0,2.0,0.0,4.0,-6.0
0021500559,1610612755,PHI,Philadelphia,203496,Robert Covington,Robert,F,,32:16,3.0,7.0,0.429,1.0,5.0,0.2,0.0,0.0,0.0,0.0,8.0,8.0,4.0,0.0,1.0,4.0,4.0,7.0,2.0
0021500559,1610612755,PHI,Philadelphia,203477,Isaiah Canaan,Isaiah,,DNP - Coach's Decision,,,,,,,,,,,,,,,,,,,,
0021500559,1610612755,PHI,Philadelphia,1626158,Richaun Holmes,Richaun,,DNP - Coach's Decision,,,,,,,,,,,,,,,,,,,,
0021500559,1610612755,PHI,Philadelphia,203088,Kendall Marshall,Kendall,,DNP - Coach's Decision,,,,,,,,,,,,,,,,,,,,
0021500561,1610612754,IND,Indiana,202331,Paul George,Paul,G,,40:27,7.0,17.0,0.412,3.0,10.0,0.3,3.0,3.0,1.0,0.0,6.0,6.0,4.0,7.0,2.0,4.0,1.0,20.0,-1.0
0021500561,1610612754,IND,Indiana,202730,Lavoy Allen,Lavoy,F,,18:02,3.0,5.0,0.6,0.0,0.0,0.0,0.0,0.0,0.0,1.0,1.0,2.0,1.0,0.0,0.0,1.0,2.0,6.0,0.0
0021500561,1610612754,IND,Indiana,101133,Ian Mahinmi,Ian,G,,28:34,6.0,8.0,0.75,0.0,0.0,0.0,1.0,1.0,1.0,1.0,6.0,7.0,1.0,1.0,1.0,1.0,4.0,13.0,-5.0
0021500561,1610612754,IND,Indiana,101145,Monta Ellis,Monta,G,,38:48,5.0,11.0,0.455,1.0,3.0,0.333,0.0,0.0,0.0,0.0,2.0,2.0,13.0,1.0,0.0,4.0,2.0,11.0,-7.0
0021500561,1610612754,IND,Indiana,201588,George Hill,George,G,,38:45,5.0,11.0,0.455,3.0,6.0,0.5,0.0,0.0,0.0,0.0,5.0,5.0,5.0,0.0,0.0,2.0,3.0,13.0,-3.0
0021500561,1610612754,IND,Indiana,201155,Rodney Stuckey,Rodney,G,,29:38,6.0,10.0,0.6,0.0,1.0,0.0,1.0,1.0,1.0,0.0,4.0,4.0,2.0,2.0,0.0,2.0,2.0,13.0,-4.0
0021500561,1610612754,IND,Indiana,1626167,Myles Turner,Myles,G,,12:47,2.0,3.0,0.667,0.0,0.0,0.0,0.0,0.0,0.0,1.0,1.0,2.0,1.0,0.0,1.0,0.0,1.0,4.0,-2.0
0021500561,1610612754,IND,Indiana,101139,CJ Miles,CJ,F,,26:59,2.0,11.0,0.182,2.0,9.0,0.222,1.0,2.0,0.5,0.0,4.0,4.0,2.0,1.0,1.0,1.0,4.0,7.0,2.0
0021500561,1610612754,IND,Indiana,1626202,Joe Young,Joe,F,,6:48,1.0,3.0,0.333,0.0,1.0,0.0,1.0,1.0,1.0,0.0,0.0,0.0,2.0,0.0,0.0,1.0,0.0,3.0,0.0
0021500561,1610612754,IND,Indiana,203922,Glenn Robinson III,Glenn,G,,12:33,2.0,3.0,0.667,0.0,1.0,0.0,0.0,0.0,0.0,0.0,3.0,3.0,2.0,0.0,0.0,0.0,1.0,4.0,-3.0
0021500561,1610612754,IND,Indiana,201941,Jordan Hill,Jordan,,,11:39,4.0,8.0,0.5,0.0,0.0,0.0,1.0,2.0,0.5,2.0,2.0,4.0,0.0,0.0,0.0,2.0,1.0,9.0,3.0
0021500561,1610612754,IND,Indiana,201978,Chase Budinger,Chase,,DNP - Coach's Decision,,,,,,,,,,,,,,,,,,,,
0021500561,1610612754,IND,Indiana,203524,Solomon Hill,Solomon,,DNP - Coach's Decision,,,,,,,,,,,,,,,,,,,,
0021500561,1610612745,HOU,Houston,2772,Trevor Ariza,Trevor,G,,41:38,8.0,14.0,0.571,5.0,9.0,0.556,3.0,4.0,0.75,1.0,4.0,5.0,0.0,0.0,0.0,3.0,3.0,24.0,-1.0
0021500561,1610612745,HOU,Houston,203991,Clint Capela,Clint,F,,19:47,1.0,2.0,0.5,0.0,0.0,0.0,0.0,0.0,0.0,2.0,4.0,6.0,2.0,3.0,2.0,5.0,3.0,2.0,-8.0
0021500561,1610612745,HOU,Houston,2730,Dwight Howard,Dwight,G,,42:44,9.0,15.0,0.6,0.0,1.0,0.0,3.0,8.0,0.375,4.0,13.0,17.0,3.0,2.0,0.0,3.0,3.0,21.0,16.0
0021500561,1610612745,HOU,Houston,201935,James Harden,James,G,,42:34,8.0,20.0,0.4,2.0,9.0,0.222,3.0,4.0,0.75,0.0,9.0,9.0,9.0,1.0,0.0,5.0,5.0,21.0,-2.0
0021500561,1610612745,HOU,Houston,201976,Patrick Beverley,Patrick,G,,38:46,4.0,11.0,0.364,4.0,8.0,0.5,4.0,4.0,1.0,1.0,4.0,5.0,6.0,2.0,0.0,3.0,3.0,16.0,7.0
0021500561,1610612745,HOU,Houston,203093,Terrence Jones,Terrence,F,,18:36,2.0,6.0,0.333,0.0,1.0,0.0,0.0,0.0,0.0,1.0,2.0,3.0,1.0,1.0,1.0,1.0,1.0,4.0,-7.0
0021500561,1610612745,HOU,Houston,1891,Jason Terry,Jason,C,,19:44,2.0,7.0,0.286,1.0,4.0,0.25,0.0,0.0,0.0,0.0,0.0,0.0,1.0,1.0,0.0,0.0,0.0,5.0,-9.0
0021500561,1610612745,HOU,Houston,201147,Corey Brewer,Corey,G,,18:27,4.0,7.0,0.571,2.0,4.0,0.5,2.0,2.0,1.0,0.0,1.0,1.0,1.0,0.0,0.0,2.0,2.0,12.0,13.0
0021500561,1610612745,HOU,Houston,201977,Marcus Thornton,Marcus,G,,22:44,1.0,7.0,0.143,0.0,2.0,0.0,0.0,1.0,0.0,1.0,2.0,3.0,1.0,1.0,0.0,0.0,1.0,2.0,11.0
0021500561,1610612745,HOU,Houston,1626149,Montrezl Harrell,Montrezl,,DNP - Coach's Decision,,,,,,,,,,,,,,,,,,,,
0021500561,1610612745,HOU,Houston,201951,Ty Lawson,Ty,,DND - Suspended,,,,,,,,,,,,,,,,,,,,
0021500564,1610612760,OKC,Oklahoma City,201142,Kevin Durant,Kevin,F,,39:37,10.0,23.0,0.435,2.0,6.0,0.333,6.0,6.0,1.0,1.0,5.0,6.0,4.0,1.0,0.0,3.0,2.0,28.0,1.0
0021500564,1610612760,OKC,Oklahoma City,201586,Serge Ibaka,Serge,F,,35:49,5.0,7.0,0.714,4.0,4.0,1.0,0.0,0.0,0.0,0.0,3.0,3.0,0.0,0.0,2.0,3.0,2.0,14.0,-7.0
0021500564,1610612760,OKC,Oklahoma City,203500,Steven Adams,Steven,C,,34:30,6.0,6.0,1.0,0.0,0.0,0.0,5.0,9.0,0.556,3.0,7.0,10.0,0.0,0.0,1.0,2.0,1.0,17.0,4.0
0021500564,1610612760,OKC,Oklahoma City,203460,Andre Roberson,Andre,G,,31:10,4.0,6.0,0.667,1.0,3.0,0.333,1.0,1.0,1.0,1.0,7.0,8.0,0.0,2.0,3.0,2.0,2.0,10.0,-3.0
0021500564,1610612760,OKC,Oklahoma City,201566,Russell Westbrook,Russell,G,,38:13,7.0,19.0,0.368,2.0,4.0,0.5,9.0,11.0,0.818,1.0,8.0,9.0,15.0,3.0,0.0,4.0,6.0,25.0,3.0
0021500564,1610612760,OKC,Oklahoma City,203079,Dion Waiters,Dion,G,,21:37,2.0,2.0,1.0,0.0,0.0,0.0,2.0,4.0,0.5,0.0,0.0,0.0,1.0,0.0,0.0,3.0,0.0,6.0,0.0
0021500564,1610612760,OKC,Oklahoma City,202683,Enes Freedom,Enes,G,,12:50,1.0,3.0,0.333,0.0,0.0,0.0,3.0,5.0,0.6,2.0,4.0,6.0,0.0,1.0,0.0,2.0,1.0,5.0,0.0
0021500564,1610612760,OKC,Oklahoma City,1626166,Cameron Payne,Cameron,G,,9:46,2.0,5.0,0.4,1.0,2.0,0.5,0.0,0.0,0.0,0.0,0.0,0.0,2.0,0.0,0.0,0.0,0.0,5.0,-8.0
0021500564,1610612760,OKC,Oklahoma City,201627,Anthony Morrow,Anthony,F,,9:21,0.0,3.0,0.0,0.0,2.0,0.0,0.0,0.0,0.0,0.0,0.0,0.0,0.0,1.0,0.0,0.0,0.0,0.0,-6.0
0021500564,1610612760,OKC,Oklahoma City,2555,Nick Collison,Nick,C,,4:50,0.0,1.0,0.0,0.0,0.0,0.0,0.0,0.0,0.0,0.0,0.0,0.0,1.0,0.0,0.0,0.0,0.0,0.0,-4.0
0021500564,1610612760,OKC,Oklahoma City,202713,Kyle Singler,Kyle,,,2:17,0.0,1.0,0.0,0.0,0.0,0.0,0.0,0.0,0.0,0.0,0.0,0.0,0.0,0.0,0.0,0.0,2.0,0.0,-5.0
0021500564,1610612760,OKC,Oklahoma City,201571,D.J. Augustin,D.J.,,DNP - Coach's Decision,,,,,,,,,,,,,,,,,,,,
0021500564,1610612760,OKC,Oklahoma City,203956,Mitch McGary,Mitch,,DNP - Coach's Decision,,,,,,,,,,,,,,,,,,,,
0021500564,1610612757,POR,Portland,202329,Al-Farouq Aminu,Al-Farouq,F,,35:29,6.0,15.0,0.4,2.0,7.0,0.286,2.0,3.0,0.667,2.0,2.0,4.0,2.0,2.0,1.0,0.0,2.0,16.0,8.0
0021500564,1610612757,POR,Portland,203943,Noah Vonleh,Noah,F,,13:54,0.0,3.0,0.0,0.0,0.0,0.0,0.0,0.0,0.0,0.0,3.0,3.0,1.0,2.0,1.0,1.0,5.0,0.0,-8.0
0021500564,1610612757,POR,Portland,203486,Mason Plumlee,Mason,C,,31:25,5.0,12.0,0.417,0.0,0.0,0.0,1.0,1.0,1.0,6.0,5.0,11.0,4.0,0.0,1.0,2.0,5.0,11.0,6.0
0021500564,1610612757,POR,Portland,203468,CJ McCollum,CJ,G,,36:25,8.0,23.0,0.348,4.0,10.0,0.4,2.0,2.0,1.0,2.0,5.0,7.0,6.0,1.0,0.0,2.0,1.0,22.0,8.0
0021500564,1610612757,POR,Portland,203081,Damian Lillard,Damian,G,,37:28,9.0,18.0,0.5,8.0,14.0,0.571,5.0,6.0,0.833,1.0,6.0,7.0,9.0,2.0,0.0,7.0,4.0,31.0,4.0
0021500564,1610612757,POR,Portland,203086,Meyers Leonard,Meyers,G,,13:10,1.0,6.0,0.167,1.0,5.0,0.2,0.0,0.0,0.0,3.0,1.0,4.0,0.0,0.0,0.0,1.0,3.0,3.0,-5.0
0021500564,1610612757,POR,Portland,203459,Allen Crabbe,Allen,G,,21:45,4.0,8.0,0.5,3.0,6.0,0.5,0.0,0.0,0.0,0.0,3.0,3.0,1.0,0.0,0.0,1.0,5.0,11.0,8.0
0021500564,1610612757,POR,Portland,202334,Ed Davis,Ed,G,,21:47,4.0,6.0,0.667,0.0,0.0,0.0,2.0,2.0,1.0,5.0,4.0,9.0,3.0,0.0,1.0,0.0,3.0,10.0,3.0
0021500564,1610612757,POR,Portland,203090,Maurice Harkless,Maurice,C,,19:55,3.0,5.0,0.6,1.0,1.0,1.0,0.0,0.0,0.0,1.0,3.0,4.0,0.0,0.0,0.0,1.0,0.0,7.0,-3.0
0021500564,1610612757,POR,Portland,201945,Gerald Henderson,Gerald,,,8:42,2.0,4.0,0.5,0.0,1.0,0.0,0.0,0.0,0.0,0.0,0.0,0.0,1.0,0.0,0.0,1.0,0.0,4.0,4.0
0021500564,1610612757,POR,Portland,1626192,Pat Connaughton,Pat,,DNP - Coach's Decision,,,,,,,,,,,,,,,,,,,,
0021500564,1610612757,POR,Portland,204025,Tim Frazier,Tim,,DNP - Coach's Decision,,,,,,,,,,,,,,,,,,,,
0021500564,1610612757,POR,Portland,2549,Chris Kaman,Chris,,DNP - Coach's Decision,,,,,,,,,,,,,,,,,,,,
0021500565,1610612762,UTA,Utah,202330,Gordon Hayward,Gordon,F,,32:59,10.0,21.0,0.476,1.0,3.0,0.333,4.0,6.0,0.667,1.0,1.0,2.0,2.0,0.0,3.0,3.0,1.0,25.0,-4.0
0021500565,1610612762,UTA,Utah,1626168,Trey Lyles,Trey,G,,26:04,0.0,1.0,0.0,0.0,0.0,0.0,0.0,0.0,0.0,0.0,9.0,9.0,2.0,0.0,0.0,0.0,1.0,0.0,0.0
0021500565,1610612762,UTA,Utah,203497,Rudy Gobert,Rudy,F,,29:46,3.0,3.0,1.0,0.0,0.0,0.0,4.0,8.0,0.5,0.0,5.0,5.0,1.0,1.0,3.0,2.0,6.0,10.0,4.0
0021500565,1610612762,UTA,Utah,203918,Rodney Hood,Rodney,G,,31:53,6.0,13.0,0.462,1.0,2.0,0.5,1.0,1.0,1.0,0.0,6.0,6.0,4.0,2.0,0.0,2.0,2.0,14.0,18.0
0021500565,1610612762,UTA,Utah,203526,Raul Neto,Raul,G,,26:28,3.0,5.0,0.6,1.0,1.0,1.0,0.0,0.0,0.0,0.0,1.0,1.0,2.0,1.0,0.0,3.0,0.0,7.0,0.0
0021500565,1610612762,UTA,Utah,203187,Chris Johnson,Chris,F,,22:04,3.0,11.0,0.273,0.0,6.0,0.0,0.0,0.0,0.0,1.0,7.0,8.0,1.0,2.0,0.0,0.0,1.0,6.0,7.0
0021500565,1610612762,UTA,Utah,203504,Trey Burke,Trey,G,,21:18,3.0,8.0,0.375,2.0,3.0,0.667,2.0,2.0,1.0,0.0,0.0,0.0,1.0,0.0,0.0,0.0,0.0,10.0,12.0
0021500565,1610612762,UTA,Utah,203481,Jeff Withey,Jeff,C,,17:42,1.0,1.0,1.0,0.0,0.0,0.0,4.0,4.0,1.0,2.0,5.0,7.0,1.0,1.0,1.0,2.0,5.0,6.0,6.0
0021500565,1610612762,UTA,Utah,202344,Trevor Booker,Trevor,G,,21:56,2.0,4.0,0.5,0.0,1.0,0.0,4.0,4.0,1.0,2.0,5.0,7.0,1.0,1.0,1.0,1.0,2.0,8.0,12.0
0021500565,1610612762,UTA,Utah,204060,Joe Ingles,Joe,F,,9:50,0.0,2.0,0.0,0.0,0.0,0.0,0.0,0.0,0.0,0.0,0.0,0.0,1.0,0.0,0.0,1.0,0.0,0.0,5.0
0021500565,1610612762,UTA,Utah,202324,Derrick Favors,Derrick,,DND - Back spasms.,,,,,,,,,,,,,,,,,,,,
0021500565,1610612762,UTA,Utah,202353,Tibor Pleiss,Tibor,,DNP - Coach's Decision,,,,,,,,,,,,,,,,,,,,
0021500565,1610612747,LAL,Los Angeles,1626148,Anthony Brown,Anthony,F,,27:50,1.0,6.0,0.167,0.0,2.0,0.0,2.0,2.0,1.0,1.0,3.0,4.0,0.0,0.0,0.0,1.0,2.0,4.0,2.0
0021500565,1610612747,LAL,Los Angeles,1626204,Larry Nance Jr.,Larry,F,,36:55,4.0,11.0,0.364,0.0,1.0,0.0,2.0,2.0,1.0,5.0,6.0,11.0,1.0,2.0,1.0,0.0,2.0,10.0,-4.0
0021500565,1610612747,LAL,Los Angeles,201579,Roy Hibbert,Roy,G,,24:31,3.0,7.0,0.429,0.0,0.0,0.0,0.0,0.0,0.0,4.0,4.0,8.0,1.0,0.0,1.0,2.0,6.0,6.0,1.0
0021500565,1610612747,LAL,Los Angeles,101150,Lou Williams,Lou,G,,32:27,5.0,17.0,0.294,1.0,8.0,0.125,7.0,9.0,0.778,3.0,5.0,8.0,6.0,2.0,0.0,6.0,0.0,18.0,-2.0
0021500565,1610612747,LAL,Los Angeles,203903,Jordan Clarkson,Jordan,G,,37:45,6.0,19.0,0.316,1.0,4.0,0.25,1.0,1.0,1.0,1.0,1.0,2.0,1.0,4.0,1.0,0.0,2.0,14.0,0.0
0021500565,1610612747,LAL,Los Angeles,203944,Julius Randle,Julius,G,,26:49,5.0,12.0,0.417,0.0,1.0,0.0,1.0,1.0,1.0,1.0,6.0,7.0,1.0,1.0,0.0,0.0,6.0,11.0,-13.0
0021500565,1610612747,LAL,Los Angeles,203135,Robert Sacre,Robert,C,,7:07,1.0,2.0,0.5,0.0,0.0,0.0,0.0,0.0,0.0,0.0,0.0,0.0,2.0,0.0,0.0,1.0,0.0,2.0,-8.0
0021500565,1610612747,LAL,Los Angeles,201156,Nick Young,Nick,F,,19:35,3.0,7.0,0.429,0.0,0.0,0.0,0.0,0.0,0.0,1.0,0.0,1.0,0.0,0.0,0.0,0.0,1.0,6.0,-11.0
0021500565,1610612747,LAL,Los Angeles,1897,Metta World Peace,Metta,F,,13:60,1.0,5.0,0.2,1.0,4.0,0.25,0.0,0.0,0.0,0.0,0.0,0.0,1.0,0.0,1.0,0.0,1.0,3.0,-12.0
0021500565,1610612747,LAL,Los Angeles,1626273,Marcelo Huertas,Marcelo,G,,13:02,0.0,3.0,0.0,0.0,1.0,0.0,0.0,0.0,0.0,0.0,0.0,0.0,2.0,0.0,0.0,1.0,2.0,0.0,-13.0
0021500565,1610612747,LAL,Los Angeles,101138,Brandon Bass,Brandon,,"NWT - Corneal abrasion, right eye.",,,,,,,,,,,,,,,,,,,,
0021500565,1610612747,LAL,Los Angeles,977,Kobe Bryant,Kobe,,DND - Right achilles strain.,,,,,,,,,,,,,,,,,,,,
0021500565,1610612747,LAL,Los Angeles,1626156,D'Angelo Russell,D'Angelo,,DND - Sprained right ankle.,,,,,,,,,,,,,,,,,,,,
0021500560,1610612738,BOS,Boston,203109,Jae Crowder,Jae,F,,30:25,4.0,11.0,0.364,2.0,6.0,0.333,0.0,0.0,0.0,0.0,2.0,2.0,2.0,4.0,0.0,2.0,4.0,10.0,6.0
0021500560,1610612738,BOS,Boston,101161,Amir Johnson,Amir,F,,31:35,5.0,6.0,0.833,1.0,1.0,1.0,3.0,6.0,0.5,2.0,7.0,9.0,4.0,0.0,1.0,3.0,4.0,14.0,7.0
0021500560,1610612738,BOS,Boston,203482,Kelly Olynyk,Kelly,C,,21:58,3.0,8.0,0.375,0.0,1.0,0.0,0.0,0.0,0.0,1.0,5.0,6.0,1.0,2.0,3.0,2.0,3.0,6.0,3.0
0021500560,1610612738,BOS,Boston,202340,Avery Bradley,Avery,G,,37:57,5.0,12.0,0.417,0.0,3.0,0.0,4.0,6.0,0.667,1.0,1.0,2.0,0.0,2.0,0.0,2.0,4.0,14.0,-15.0
0021500560,1610612738,BOS,Boston,202738,Isaiah Thomas,Isaiah,G,,31:60,11.0,19.0,0.579,4.0,8.0,0.5,9.0,9.0,1.0,0.0,3.0,3.0,8.0,1.0,0.0,2.0,2.0,35.0,2.0
0021500560,1610612738,BOS,Boston,203935,Marcus Smart,Marcus,G,,23:44,2.0,9.0,0.222,0.0,2.0,0.0,0.0,0.0,0.0,4.0,2.0,6.0,3.0,5.0,0.0,2.0,4.0,4.0,-1.0
0021500560,1610612738,BOS,Boston,203096,Jared Sullinger,Jared,G,,25:47,5.0,9.0,0.556,0.0,0.0,0.0,1.0,2.0,0.5,1.0,3.0,4.0,0.0,1.0,0.0,0.0,5.0,11.0,-2.0
0021500560,1610612738,BOS,Boston,202323,Evan Turner,Evan,F,,20:59,0.0,2.0,0.0,0.0,1.0,0.0,0.0,0.0,0.0,0.0,2.0,2.0,3.0,0.0,0.0,3.0,2.0,0.0,-3.0
0021500560,1610612738,BOS,Boston,101135,David Lee,David,G,,15:36,2.0,12.0,0.167,0.0,0.0,0.0,0.0,0.0,0.0,2.0,3.0,5.0,1.0,2.0,0.0,0.0,0.0,4.0,-12.0
0021500560,1610612738,BOS,Boston,1626154,RJ Hunter,RJ,,DNP - Coach's Decision,,,,,,,,,,,,,,,,,,,,
0021500560,1610612738,BOS,Boston,201973,Jonas Jerebko,Jonas,,DNP - Coach's Decision,,,,,,,,,,,,,,,,,,,,
0021500560,1610612738,BOS,Boston,203923,James Young,James,,DNP - Coach's Decision,,,,,,,,,,,,,,,,,,,,
0021500560,1610612738,BOS,Boston,203092,Tyler Zeller,Tyler,,DNP - Coach's Decision,,,,,,,,,,,,,,,,,,,,
0021500560,1610612763,MEM,Memphis,201145,Jeff Green,Jeff,G,,31:20,2.0,11.0,0.182,0.0,1.0,0.0,0.0,0.0,0.0,2.0,2.0,4.0,3.0,2.0,0.0,3.0,1.0,4.0,-4.0
0021500560,1610612763,MEM,Memphis,2440,Matt Barnes,Matt,F,,30:03,4.0,12.0,0.333,0.0,3.0,0.0,4.0,4.0,1.0,4.0,5.0,9.0,2.0,0.0,2.0,4.0,4.0,12.0,-4.0
0021500560,1610612763,MEM,Memphis,201188,Marc Gasol,Marc,C,,36:16,5.0,17.0,0.294,0.0,0.0,0.0,1.0,1.0,1.0,2.0,9.0,11.0,1.0,0.0,0.0,2.0,4.0,11.0,-5.0
0021500560,1610612763,MEM,Memphis,2754,Tony Allen,Tony,G,,31:54,5.0,9.0,0.556,1.0,1.0,1.0,4.0,6.0,0.667,4.0,6.0,10.0,0.0,2.0,1.0,2.0,4.0,15.0,0.0
0021500560,1610612763,MEM,Memphis,201596,Mario Chalmers,Mario,G,,32:35,3.0,8.0,0.375,1.0,4.0,0.25,11.0,13.0,0.846,0.0,5.0,5.0,4.0,2.0,0.0,5.0,4.0,18.0,-1.0
0021500560,1610612763,MEM,Memphis,2216,Zach Randolph,Zach,G,,38:03,8.0,17.0,0.471,1.0,1.0,1.0,8.0,8.0,1.0,8.0,5.0,13.0,2.0,1.0,2.0,2.0,2.0,25.0,18.0
0021500560,1610612763,MEM,Memphis,202343,Elliot Williams,Elliot,,,4:30,0.0,1.0,0.0,0.0,1.0,0.0,2.0,2.0,1.0,0.0,0.0,0.0,0.0,0.0,0.0,0.0,0.0,2.0,-8.0
0021500560,1610612763,MEM,Memphis,1713,Vince Carter,Vince,G,,19:57,2.0,7.0,0.286,1.0,5.0,0.2,3.0,4.0,0.75,0.0,2.0,2.0,0.0,1.0,3.0,1.0,3.0,8.0,7.0
0021500560,1610612763,MEM,Memphis,203210,JaMychal Green,JaMychal,F,,15:23,2.0,2.0,1.0,0.0,0.0,0.0,2.0,2.0,1.0,1.0,3.0,4.0,0.0,0.0,1.0,2.0,1.0,6.0,12.0
0021500560,1610612763,MEM,Memphis,201144,Mike Conley,Mike,,DND - Sore Left Achilles,,,,,,,,,,,,,,,,,,,,
0021500560,1610612763,MEM,Memphis,203516,James Ennis III,James,,DNP - Coach's Decision,,,,,,,,,,,,,,,,,,,,
0021500560,1610612763,MEM,Memphis,201584,Courtney Lee,Courtney,,DND - Left Hip Contusion,,,,,,,,,,,,,,,,,,,,
0021500563,1610612766,CHA,Charlotte,203798,PJ Hairston,PJ,F,,18:16,3.0,8.0,0.375,1.0,5.0,0.2,0.0,0.0,0.0,0.0,3.0,3.0,1.0,0.0,0.0,0.0,4.0,7.0,-13.0
0021500563,1610612766,CHA,Charlotte,101107,Marvin Williams,Marvin,F,,19:58,3.0,3.0,1.0,3.0,3.0,1.0,2.0,2.0,1.0,1.0,3.0,4.0,2.0,0.0,0.0,0.0,2.0,11.0,-2.0
0021500563,1610612766,CHA,Charlotte,203469,Cody Zeller,Cody,C,,31:04,6.0,11.0,0.545,0.0,0.0,0.0,3.0,4.0,0.75,4.0,2.0,6.0,0.0,0.0,0.0,3.0,1.0,15.0,-6.0
0021500563,1610612766,CHA,Charlotte,201587,Nicolas Batum,Nicolas,G,,37:50,3.0,8.0,0.375,2.0,7.0,0.286,1.0,1.0,1.0,0.0,6.0,6.0,7.0,0.0,0.0,1.0,3.0,9.0,7.0
0021500563,1610612766,CHA,Charlotte,202689,Kemba Walker,Kemba,G,,36:58,3.0,12.0,0.25,1.0,4.0,0.25,4.0,4.0,1.0,1.0,2.0,3.0,6.0,0.0,1.0,1.0,1.0,11.0,-14.0
0021500563,1610612766,CHA,Charlotte,1626163,Frank Kaminsky,Frank,G,,25:39,4.0,12.0,0.333,2.0,5.0,0.4,4.0,5.0,0.8,1.0,4.0,5.0,2.0,1.0,1.0,1.0,2.0,14.0,0.0
0021500563,1610612766,CHA,Charlotte,202391,Jeremy Lin,Jeremy,G,,23:35,0.0,9.0,0.0,0.0,5.0,0.0,2.0,4.0,0.5,0.0,1.0,1.0,2.0,0.0,1.0,2.0,2.0,2.0,0.0
0021500563,1610612766,CHA,Charlotte,203087,Jeremy Lamb,Jeremy,F,,29:44,6.0,14.0,0.429,1.0,5.0,0.2,2.0,2.0,1.0,1.0,7.0,8.0,1.0,3.0,0.0,2.0,2.0,15.0,10.0
0021500563,1610612766,CHA,Charlotte,201150,Spencer Hawes,Spencer,F,,16:56,2.0,6.0,0.333,2.0,2.0,1.0,2.0,2.0,1.0,1.0,3.0,4.0,3.0,2.0,1.0,2.0,1.0,8.0,3.0
0021500563,1610612766,CHA,Charlotte,203584,Troy Daniels,Troy,,DNP - Coach's Decision,,,,,,,,,,,,,,,,,,,,
0021500563,1610612766,CHA,Charlotte,201946,Tyler Hansbrough,Tyler,,DNP - Coach's Decision,,,,,,,,,,,,,,,,,,,,
0021500563,1610612766,CHA,Charlotte,1626151,Aaron Harrison,Aaron,,DNP - Coach's Decision,,,,,,,,,,,,,,,,,,,,
0021500563,1610612766,CHA,Charlotte,203148,Brian Roberts,Brian,,DNP - Coach's Decision,,,,,,,,,,,,,,,,,,,,
0021500563,1610612743,DEN,Denver,201568,Danilo Gallinari,Danilo,F,,33:51,7.0,18.0,0.389,2.0,8.0,0.25,11.0,13.0,0.846,0.0,6.0,6.0,0.0,1.0,1.0,2.0,1.0,27.0,4.0
0021500563,1610612743,DEN,Denver,201589,Darrell Arthur,Darrell,F,,27:47,3.0,5.0,0.6,1.0,1.0,1.0,2.0,2.0,1.0,0.0,6.0,6.0,1.0,1.0,0.0,2.0,2.0,9.0,4.0
0021500563,1610612743,DEN,Denver,203999,Nikola Jokić,Nikola,C,,23:08,2.0,4.0,0.5,0.0,1.0,0.0,0.0,0.0,0.0,0.0,7.0,7.0,9.0,0.0,1.0,1.0,1.0,4.0,4.0
0021500563,1610612743,DEN,Denver,203914,Gary Harris,Gary,G,,35:44,4.0,8.0,0.5,3.0,5.0,0.6,1.0,2.0,0.5,1.0,0.0,1.0,3.0,2.0,0.0,1.0,3.0,12.0,8.0
0021500563,1610612743,DEN,Denver,1626144,Emmanuel Mudiay,Emmanuel,G,,38:50,5.0,15.0,0.333,1.0,3.0,0.333,0.0,0.0,0.0,0.0,4.0,4.0,6.0,2.0,1.0,4.0,0.0,11.0,-2.0
0021500563,1610612743,DEN,Denver,203115,Will Barton,Will,F,,29:44,3.0,11.0,0.273,2.0,5.0,0.4,2.0,2.0,1.0,2.0,6.0,8.0,3.0,0.0,0.0,3.0,3.0,10.0,-10.0
0021500563,1610612743,DEN,Denver,200751,Randy Foye,Randy,G,,21:26,3.0,4.0,0.75,1.0,2.0,0.5,2.0,2.0,1.0,1.0,0.0,1.0,2.0,0.0,2.0,0.0,4.0,9.0,0.0
0021500563,1610612743,DEN,Denver,203530,Joffrey Lauvergne,Joffrey,G,,8:16,0.0,1.0,0.0,0.0,0.0,0.0,0.0,0.0,0.0,0.0,2.0,2.0,0.0,0.0,0.0,0.0,1.0,0.0,-5.0
0021500563,1610612743,DEN,Denver,203994,Jusuf Nurkić,Jusuf,G,,13:54,3.0,9.0,0.333,0.0,0.0,0.0,1.0,2.0,0.5,4.0,3.0,7.0,0.0,1.0,1.0,0.0,3.0,7.0,9.0
0021500563,1610612743,DEN,Denver,2034,Mike Miller,Mike,F,,7:20,2.0,2.0,1.0,2.0,2.0,1.0,0.0,0.0,0.0,0.0,2.0,2.0,1.0,0.0,1.0,0.0,2.0,6.0,3.0
0021500563,1610612743,DEN,Denver,201581,JJ Hickson,JJ,,DNP - Coach's Decision,,,,,,,,,,,,,,,,,,,,
0021500558,1610612740,NOP,New Orleans,201967,Dante Cunningham,Dante,F,,35:29,3.0,10.0,0.3,2.0,6.0,0.333,0.0,0.0,0.0,2.0,5.0,7.0,1.0,1.0,0.0,1.0,3.0,8.0,9.0
0021500558,1610612740,NOP,New Orleans,201583,Ryan Anderson,Ryan,F,,42:52,5.0,14.0,0.357,2.0,6.0,0.333,4.0,4.0,1.0,3.0,7.0,10.0,0.0,0.0,0.0,2.0,4.0,16.0,-7.0
0021500558,1610612740,NOP,New Orleans,201600,Omer Asik,Omer,C,,26:01,2.0,4.0,0.5,0.0,0.0,0.0,4.0,6.0,0.667,2.0,9.0,11.0,2.0,0.0,0.0,1.0,3.0,8.0,-7.0
0021500558,1610612740,NOP,New Orleans,201936,Tyreke Evans,Tyreke,G,,40:31,9.0,19.0,0.474,2.0,5.0,0.4,6.0,8.0,0.75,3.0,4.0,7.0,7.0,1.0,1.0,5.0,5.0,26.0,0.0
0021500558,1610612740,NOP,New Orleans,201569,Eric Gordon,Eric,G,,38:09,3.0,10.0,0.3,1.0,5.0,0.2,0.0,0.0,0.0,0.0,1.0,1.0,4.0,2.0,1.0,1.0,2.0,7.0,1.0
0021500558,1610612740,NOP,New Orleans,201950,Jrue Holiday,Jrue,G,,36:14,11.0,27.0,0.407,1.0,4.0,0.25,6.0,8.0,0.75,3.0,8.0,11.0,4.0,3.0,0.0,3.0,3.0,29.0,-4.0
0021500558,1610612740,NOP,New Orleans,202708,Norris Cole,Norris,G,,14:47,3.0,8.0,0.375,0.0,2.0,0.0,0.0,0.0,0.0,0.0,2.0,2.0,1.0,0.0,0.0,1.0,2.0,6.0,-1.0
0021500558,1610612740,NOP,New Orleans,201582,Alexis Ajinca,Alexis,G,,14:14,3.0,5.0,0.6,0.0,0.0,0.0,3.0,3.0,1.0,2.0,4.0,6.0,1.0,0.0,0.0,0.0,0.0,9.0,2.0
0021500558,1610612740,NOP,New Orleans,201962,Toney Douglas,Toney,F,,6:09,1.0,2.0,0.5,0.0,1.0,0.0,0.0,0.0,0.0,0.0,1.0,1.0,0.0,1.0,0.0,0.0,1.0,2.0,-5.0
0021500558,1610612740,NOP,New Orleans,202337,Luke Babbitt,Luke,F,,4:09,0.0,1.0,0.0,0.0,1.0,0.0,0.0,0.0,0.0,0.0,0.0,0.0,0.0,0.0,0.0,0.0,1.0,0.0,-2.0
0021500558,1610612740,NOP,New Orleans,202087,Alonzo Gee,Alonzo,,,6:26,0.0,0.0,0.0,0.0,0.0,0.0,0.0,0.0,0.0,0.0,0.0,0.0,0.0,0.0,0.0,0.0,0.0,0.0,-1.0
0021500558,1610612740,NOP,New Orleans,203076,Anthony Davis,Anthony,,DND - Back Contusion,,,,,,,,,,,,,,,,,,,,
0021500558,1610612740,NOP,New Orleans,2570,Kendrick Perkins,Kendrick,,DNP - Coach's Decision,,,,,,,,,,,,,,,,,,,,
0021500558,1610612746,LAC,LA,201601,Luc Mbah a Moute,Luc,F,,22:12,6.0,6.0,1.0,0.0,0.0,0.0,2.0,7.0,0.286,0.0,5.0,5.0,0.0,0.0,0.0,0.0,1.0,14.0,-5.0
0021500558,1610612746,LAC,LA,1718,Paul Pierce,Paul,F,,12:43,1.0,6.0,0.167,1.0,4.0,0.25,0.0,0.0,0.0,1.0,4.0,5.0,1.0,0.0,0.0,1.0,0.0,3.0,-3.0
0021500558,1610612746,LAC,LA,201599,DeAndre Jordan,DeAndre,C,,42:29,4.0,6.0,0.667,0.0,0.0,0.0,4.0,10.0,0.4,2.0,9.0,11.0,3.0,0.0,2.0,2.0,3.0,12.0,14.0
0021500558,1610612746,LAC,LA,200755,JJ Redick,JJ,G,,35:33,2.0,10.0,0.2,1.0,6.0,0.167,6.0,7.0,0.857,0.0,5.0,5.0,2.0,0.0,0.0,0.0,1.0,11.0,7.0
0021500558,1610612746,LAC,LA,101108,Chris Paul,Chris,G,,40:01,10.0,18.0,0.556,3.0,4.0,0.75,2.0,4.0,0.5,1.0,4.0,5.0,11.0,3.0,1.0,2.0,5.0,25.0,9.0
0021500558,1610612746,LAC,LA,202325,Wesley Johnson,Wesley,F,,33:53,5.0,13.0,0.385,3.0,11.0,0.273,2.0,4.0,0.5,1.0,3.0,4.0,2.0,5.0,0.0,3.0,1.0,15.0,7.0
0021500558,1610612746,LAC,LA,2037,Jamal Crawford,Jamal,G,,31:44,8.0,16.0,0.5,3.0,7.0,0.429,2.0,2.0,1.0,0.0,3.0,3.0,2.0,0.0,0.0,3.0,3.0,21.0,14.0
0021500558,1610612746,LAC,LA,203085,Austin Rivers,Austin,G,,24:18,5.0,11.0,0.455,0.0,3.0,0.0,0.0,0.0,0.0,1.0,1.0,2.0,1.0,0.0,0.0,1.0,5.0,10.0,-9.0
0021500558,1610612746,LAC,LA,203143,Pablo Prigioni,Pablo,G,,12:60,1.0,1.0,1.0,1.0,1.0,1.0,0.0,0.0,0.0,1.0,0.0,1.0,4.0,0.0,0.0,1.0,1.0,3.0,-6.0
0021500558,1610612746,LAC,LA,202332,Cole Aldrich,Cole,G,,9:08,0.0,2.0,0.0,0.0,0.0,0.0,0.0,0.0,0.0,1.0,5.0,6.0,0.0,0.0,0.0,1.0,4.0,0.0,-13.0
0021500558,1610612746,LAC,LA,2746,Josh Smith,Josh,,DNP - Coach's Decision,,,,,,,,,,,,,,,,,,,,
0021500558,1610612746,LAC,LA,202362,Lance Stephenson,Lance,,DNP - Coach's Decision,,,,,,,,,,,,,,,,,,,,
0021500558,1610612746,LAC,LA,203912,C.J. Wilcox,C.J.,,DNP - Coach's Decision,,,,,,,,,,,,,,,,,,,,
0021500557,1610612742,DAL,Dallas,202718,Chandler Parsons,Chandler,F,,29:36,6.0,7.0,0.857,1.0,1.0,1.0,1.0,3.0,0.333,0.0,5.0,5.0,2.0,0.0,0.0,1.0,2.0,14.0,14.0
0021500557,1610612742,DAL,Dallas,1717,Dirk Nowitzki,Dirk,G,,31:42,12.0,22.0,0.545,4.0,7.0,0.571,1.0,1.0,1.0,1.0,6.0,7.0,1.0,1.0,0.0,0.0,1.0,29.0,12.0
0021500557,1610612742,DAL,Dallas,2585,Zaza Pachulia,Zaza,C,,32:04,4.0,9.0,0.444,0.0,0.0,0.0,5.0,5.0,1.0,6.0,5.0,11.0,2.0,0.0,1.0,1.0,3.0,13.0,-5.0
0021500557,1610612742,DAL,Dallas,202083,Wesley Matthews,Wesley,G,,33:05,1.0,8.0,0.125,1.0,5.0,0.2,2.0,2.0,1.0,1.0,4.0,5.0,1.0,2.0,0.0,2.0,4.0,5.0,-7.0
0021500557,1610612742,DAL,Dallas,101114,Deron Williams,Deron,G,,29:12,2.0,10.0,0.2,0.0,2.0,0.0,0.0,0.0,0.0,1.0,2.0,3.0,4.0,1.0,0.0,4.0,3.0,4.0,-4.0
0021500557,1610612742,DAL,Dallas,203939,Dwight Powell,Dwight,,,13:33,0.0,0.0,0.0,0.0,0.0,0.0,0.0,0.0,0.0,0.0,4.0,4.0,1.0,1.0,1.0,1.0,1.0,0.0,-7.0
0021500557,1610612742,DAL,Dallas,101109,Raymond Felton,Raymond,,,18:27,2.0,4.0,0.5,0.0,1.0,0.0,3.0,4.0,0.75,0.0,0.0,0.0,2.0,0.0,1.0,0.0,1.0,7.0,-2.0
0021500557,1610612742,DAL,Dallas,2734,Devin Harris,Devin,G,,18:57,1.0,4.0,0.25,0.0,2.0,0.0,3.0,6.0,0.5,1.0,1.0,2.0,3.0,2.0,0.0,2.0,1.0,5.0,10.0
0021500557,1610612742,DAL,Dallas,201580,JaVale McGee,JaVale,F,,15:56,4.0,6.0,0.667,0.0,0.0,0.0,0.0,0.0,0.0,1.0,0.0,1.0,0.0,0.0,0.0,0.0,2.0,8.0,11.0
0021500557,1610612742,DAL,Dallas,200826,J.J. Barea,J.J.,F,,17:28,4.0,7.0,0.571,0.0,2.0,0.0,0.0,0.0,0.0,0.0,1.0,1.0,4.0,0.0,0.0,2.0,1.0,8.0,8.0
0021500557,1610612742,DAL,Dallas,1626147,Justin Anderson,Justin,,DNP - Coach's Decision,,,,,,,,,,,,,,,,,,,,
0021500557,1610612742,DAL,Dallas,202379,Jeremy Evans,Jeremy,,DNP - Coach's Decision,,,,,,,,,,,,,,,,,,,,
0021500557,1610612742,DAL,Dallas,101111,Charlie Villanueva,Charlie,,DNP - Coach's Decision,,,,,,,,,,,,,,,,,,,,
0021500557,1610612750,MIN,Minnesota,2419,Tayshaun Prince,Tayshaun,F,,20:23,2.0,5.0,0.4,0.0,0.0,0.0,0.0,0.0,0.0,1.0,0.0,1.0,3.0,0.0,0.0,0.0,0.0,4.0,1.0
0021500557,1610612750,MIN,Minnesota,708,Kevin Garnett,Kevin,F,,7:26,1.0,3.0,0.333,0.0,0.0,0.0,0.0,0.0,0.0,0.0,0.0,0.0,2.0,0.0,0.0,0.0,3.0,2.0,11.0
0021500557,1610612750,MIN,Minnesota,1626157,Karl-Anthony Towns,Karl-Anthony,C,,25:05,5.0,9.0,0.556,0.0,0.0,0.0,0.0,0.0,0.0,1.0,3.0,4.0,1.0,1.0,2.0,2.0,3.0,10.0,7.0
0021500557,1610612750,MIN,Minnesota,203952,Andrew Wiggins,Andrew,G,,36:00,8.0,19.0,0.421,1.0,4.0,0.25,4.0,5.0,0.8,3.0,4.0,7.0,3.0,2.0,0.0,3.0,1.0,21.0,9.0
0021500557,1610612750,MIN,Minnesota,201937,Ricky Rubio,Ricky,G,,33:30,4.0,10.0,0.4,0.0,2.0,0.0,4.0,5.0,0.8,1.0,6.0,7.0,8.0,3.0,0.0,2.0,2.0,12.0,6.0
0021500557,1610612750,MIN,Minnesota,203476,Gorgui Dieng,Gorgui,F,,18:49,0.0,1.0,0.0,0.0,0.0,0.0,0.0,0.0,0.0,4.0,3.0,7.0,1.0,0.0,0.0,2.0,3.0,0.0,-9.0
0021500557,1610612750,MIN,Minnesota,201593,Nikola Pekovic,Nikola,F,,15:19,2.0,5.0,0.4,0.0,0.0,0.0,0.0,0.0,0.0,0.0,1.0,1.0,0.0,0.0,0.0,1.0,4.0,4.0,-8.0
0021500557,1610612750,MIN,Minnesota,203498,Shabazz Muhammad,Shabazz,F,,27:37,5.0,10.0,0.5,1.0,4.0,0.25,5.0,8.0,0.625,1.0,4.0,5.0,0.0,0.0,0.0,0.0,4.0,16.0,-7.0
0021500557,1610612750,MIN,Minnesota,203897,Zach LaVine,Zach,F,,8:22,0.0,2.0,0.0,0.0,0.0,0.0,0.0,0.0,0.0,0.0,1.0,1.0,1.0,0.0,0.0,1.0,0.0,0.0,-5.0
0021500557,1610612750,MIN,Minnesota,2755,Kevin Martin,Kevin,G,,12:00,3.0,6.0,0.5,0.0,2.0,0.0,3.0,3.0,1.0,0.0,1.0,1.0,0.0,0.0,0.0,3.0,0.0,9.0,-15.0
0021500557,1610612750,MIN,Minnesota,203940,Adreian Payne,Adreian,G,,16:20,0.0,6.0,0.0,0.0,2.0,0.0,0.0,0.0,0.0,0.0,2.0,2.0,1.0,1.0,0.0,1.0,1.0,0.0,-15.0
0021500557,1610612750,MIN,Minnesota,1889,Andre Miller,Andre,G,,6:08,1.0,1.0,1.0,0.0,0.0,0.0,1.0,1.0,1.0,0.0,0.0,0.0,2.0,0.0,0.0,1.0,1.0,3.0,-7.0
0021500557,1610612750,MIN,Minnesota,202357,Nemanja Bjelica,Nemanja,G,,13:01,2.0,2.0,1.0,2.0,2.0,1.0,0.0,0.0,0.0,0.0,2.0,2.0,1.0,1.0,0.0,0.0,3.0,6.0,2.0
0021500566,1610612759,SAS,San Antonio,202695,Kawhi Leonard,Kawhi,F,,29:33,6.0,14.0,0.429,2.0,5.0,0.4,3.0,3.0,1.0,2.0,6.0,8.0,0.0,1.0,0.0,1.0,1.0,17.0,19.0
0021500566,1610612759,SAS,San Antonio,200746,LaMarcus Aldridge,LaMarcus,F,,27:59,12.0,17.0,0.706,0.0,0.0,0.0,1.0,1.0,1.0,4.0,7.0,11.0,2.0,0.0,0.0,0.0,2.0,25.0,21.0
0021500566,1610612759,SAS,San Antonio,1495,Tim Duncan,Tim,C,,21:39,4.0,7.0,0.571,0.0,0.0,0.0,0.0,0.0,0.0,1.0,3.0,4.0,2.0,1.0,2.0,1.0,2.0,8.0,11.0
0021500566,1610612759,SAS,San Antonio,201980,Danny Green,Danny,G,,19:46,0.0,4.0,0.0,0.0,3.0,0.0,0.0,0.0,0.0,0.0,1.0,1.0,3.0,1.0,0.0,1.0,1.0,0.0,19.0
0021500566,1610612759,SAS,San Antonio,2225,Tony Parker,Tony,G,,24:40,2.0,7.0,0.286,0.0,0.0,0.0,2.0,2.0,1.0,0.0,1.0,1.0,4.0,1.0,0.0,2.0,0.0,6.0,21.0
0021500566,1610612759,SAS,San Antonio,2564,Boris Diaw,Boris,G,,18:25,4.0,7.0,0.571,1.0,1.0,1.0,2.0,4.0,0.5,1.0,2.0,3.0,4.0,1.0,0.0,0.0,1.0,11.0,9.0
0021500566,1610612759,SAS,San Antonio,1938,Manu Ginobili,Manu,C,,18:11,4.0,5.0,0.8,1.0,1.0,1.0,0.0,0.0,0.0,0.0,1.0,1.0,5.0,2.0,0.0,2.0,1.0,9.0,7.0
0021500566,1610612759,SAS,San Antonio,201988,Patty Mills,Patty,F,,15:59,1.0,4.0,0.25,0.0,2.0,0.0,0.0,0.0,0.0,0.0,0.0,0.0,2.0,0.0,0.0,1.0,0.0,2.0,4.0
0021500566,1610612759,SAS,San Antonio,2561,David West,David,G,,14:33,4.0,5.0,0.8,0.0,0.0,0.0,0.0,0.0,0.0,0.0,2.0,2.0,1.0,1.0,0.0,2.0,1.0,8.0,5.0
0021500566,1610612759,SAS,San Antonio,203937,Kyle Anderson,Kyle,F,,17:14,1.0,2.0,0.5,0.0,1.0,0.0,3.0,4.0,0.75,0.0,4.0,4.0,3.0,0.0,0.0,1.0,1.0,5.0,7.0
0021500566,1610612759,SAS,San Antonio,203613,Jonathon Simmons,Jonathon,G,,11:16,1.0,2.0,0.5,0.0,0.0,0.0,0.0,0.0,0.0,1.0,1.0,2.0,0.0,0.0,0.0,0.0,2.0,2.0,2.0
0021500566,1610612759,SAS,San Antonio,1626246,Boban Marjanović,Boban,G,,13:24,5.0,7.0,0.714,0.0,0.0,0.0,3.0,5.0,0.6,1.0,2.0,3.0,1.0,0.0,2.0,1.0,3.0,13.0,8.0
0021500566,1610612759,SAS,San Antonio,2588,Matt Bonner,Matt,,,7:21,0.0,1.0,0.0,0.0,0.0,0.0,0.0,0.0,0.0,0.0,0.0,0.0,0.0,0.0,0.0,0.0,0.0,0.0,2.0
0021500566,1610612751,BKN,Brooklyn,2207,Joe Johnson,Joe,F,,28:01,6.0,7.0,0.857,2.0,2.0,1.0,2.0,2.0,1.0,0.0,3.0,3.0,0.0,0.0,0.0,0.0,2.0,16.0,-17.0
0021500566,1610612751,BKN,Brooklyn,201152,Thaddeus Young,Thaddeus,F,,28:03,4.0,10.0,0.4,0.0,1.0,0.0,1.0,2.0,0.5,0.0,9.0,9.0,1.0,0.0,0.0,4.0,2.0,9.0,-16.0
0021500566,1610612751,BKN,Brooklyn,201572,Brook Lopez,Brook,F,,31:53,8.0,17.0,0.471,0.0,0.0,0.0,2.0,2.0,1.0,1.0,4.0,5.0,2.0,0.0,2.0,1.0,3.0,18.0,-14.0
0021500566,1610612751,BKN,Brooklyn,201961,Wayne Ellington,Wayne,G,,29:25,3.0,8.0,0.375,0.0,3.0,0.0,2.0,2.0,1.0,0.0,3.0,3.0,0.0,2.0,0.0,3.0,0.0,8.0,-12.0
0021500566,1610612751,BKN,Brooklyn,202388,Donald Sloan,Donald,G,,24:05,1.0,4.0,0.25,0.0,1.0,0.0,0.0,0.0,0.0,0.0,0.0,0.0,5.0,0.0,1.0,1.0,1.0,2.0,-14.0
0021500566,1610612751,BKN,Brooklyn,202711,Bojan Bogdanović,Bojan,G,,21:15,0.0,5.0,0.0,0.0,3.0,0.0,0.0,0.0,0.0,0.0,1.0,1.0,0.0,1.0,0.0,1.0,3.0,0.0,-14.0
0021500566,1610612751,BKN,Brooklyn,203186,Willie Reed,Willie,G,,7:43,1.0,2.0,0.5,0.0,0.0,0.0,0.0,0.0,0.0,1.0,0.0,1.0,0.0,0.0,0.0,2.0,0.0,2.0,-9.0
0021500566,1610612751,BKN,Brooklyn,203499,Shane Larkin,Shane,C,,23:55,2.0,3.0,0.667,0.0,0.0,0.0,1.0,2.0,0.5,1.0,1.0,2.0,6.0,1.0,0.0,2.0,1.0,5.0,-13.0
0021500566,1610612751,BKN,Brooklyn,200745,Andrea Bargnani,Andrea,F,,15:16,3.0,6.0,0.5,0.0,0.0,0.0,1.0,1.0,1.0,1.0,1.0,2.0,0.0,0.0,0.0,0.0,3.0,7.0,-7.0
0021500566,1610612751,BKN,Brooklyn,203900,Markel Brown,Markel,F,,12:38,0.0,3.0,0.0,0.0,2.0,0.0,0.0,0.0,0.0,0.0,1.0,1.0,1.0,0.0,0.0,1.0,2.0,0.0,-5.0
0021500566,1610612751,BKN,Brooklyn,203080,Thomas Robinson,Thomas,,,13:05,4.0,7.0,0.571,0.0,0.0,0.0,2.0,2.0,1.0,1.0,1.0,2.0,0.0,1.0,0.0,0.0,1.0,10.0,-8.0
0021500566,1610612751,BKN,Brooklyn,203508,Sergey Karasev,Sergey,,,4:41,1.0,1.0,1.0,0.0,0.0,0.0,0.0,0.0,0.0,0.0,1.0,1.0,0.0,0.0,0.0,0.0,0.0,2.0,-6.0
0021500568,1610612748,MIA,Miami,2736,Luol Deng,Luol,G,,32:44,6.0,12.0,0.5,2.0,3.0,0.667,0.0,0.0,0.0,2.0,8.0,10.0,2.0,0.0,0.0,2.0,1.0,14.0,-3.0
0021500568,1610612748,MIA,Miami,1626159,Justise Winslow,Justise,F,,25:33,3.0,8.0,0.375,1.0,3.0,0.333,0.0,0.0,0.0,0.0,3.0,3.0,1.0,1.0,1.0,0.0,3.0,7.0,-7.0
0021500568,1610612748,MIA,Miami,2547,Chris Bosh,Chris,C,,36:18,6.0,15.0,0.4,0.0,5.0,0.0,3.0,4.0,0.75,2.0,10.0,12.0,4.0,0.0,2.0,4.0,1.0,15.0,0.0
0021500568,1610612748,MIA,Miami,2548,Dwyane Wade,Dwyane,G,,32:39,6.0,20.0,0.3,0.0,0.0,0.0,8.0,8.0,1.0,4.0,3.0,7.0,11.0,0.0,1.0,0.0,2.0,20.0,2.0
0021500568,1610612748,MIA,Miami,201609,Goran Dragic,Goran,G,,35:49,5.0,10.0,0.5,2.0,4.0,0.5,1.0,2.0,0.5,0.0,5.0,5.0,5.0,0.0,0.0,3.0,2.0,13.0,-12.0
0021500568,1610612748,MIA,Miami,101123,Gerald Green,Gerald,G,,33:34,6.0,13.0,0.462,2.0,3.0,0.667,1.0,1.0,1.0,0.0,2.0,2.0,2.0,1.0,0.0,0.0,5.0,15.0,-10.0
0021500568,1610612748,MIA,Miami,204020,Tyler Johnson,Tyler,F,,27:51,6.0,7.0,0.857,0.0,0.0,0.0,1.0,1.0,1.0,0.0,3.0,3.0,5.0,0.0,0.0,1.0,3.0,13.0,4.0
0021500568,1610612748,MIA,Miami,1626196,Josh Richardson,Josh,F,,3:50,0.0,1.0,0.0,0.0,1.0,0.0,0.0,0.0,0.0,0.0,0.0,0.0,0.0,0.0,0.0,0.0,0.0,0.0,-6.0
0021500568,1610612748,MIA,Miami,2617,Udonis Haslem,Udonis,F,,6:58,0.0,1.0,0.0,0.0,0.0,0.0,0.0,0.0,0.0,0.0,3.0,3.0,1.0,0.0,0.0,0.0,1.0,0.0,-4.0
0021500568,1610612748,MIA,Miami,2405,Amar'e Stoudemire,Amar'e,F,,4:44,3.0,4.0,0.75,0.0,0.0,0.0,0.0,0.0,0.0,1.0,1.0,2.0,0.0,0.0,0.0,0.0,1.0,6.0,-4.0
0021500568,1610612748,MIA,Miami,2365,Chris Andersen,Chris,,DNP - Coach's Decision,,,,,,,,,,,,,,,,,,,,
0021500568,1610612748,MIA,Miami,2757,Beno Udrih,Beno,,DNP - Coach's Decision,,,,,,,,,,,,,,,,,,,,
0021500568,1610612748,MIA,Miami,202355,Hassan Whiteside,Hassan,,DND - Right Knee Tendinitis,,,,,,,,,,,,,,,,,,,,
0021500568,1610612744,GSW,Golden State,201575,Brandon Rush,Brandon,F,,16:21,0.0,1.0,0.0,0.0,1.0,0.0,1.0,2.0,0.5,0.0,1.0,1.0,0.0,0.0,0.0,0.0,0.0,1.0,-5.0
0021500568,1610612744,GSW,Golden State,203110,Draymond Green,Draymond,G,,35:37,8.0,14.0,0.571,0.0,2.0,0.0,6.0,11.0,0.545,3.0,9.0,12.0,6.0,1.0,0.0,2.0,2.0,22.0,-7.0
0021500568,1610612744,GSW,Golden State,101106,Andrew Bogut,Andrew,F,,21:02,4.0,5.0,0.8,0.0,0.0,0.0,0.0,0.0,0.0,1.0,8.0,9.0,1.0,0.0,1.0,1.0,3.0,8.0,-9.0
0021500568,1610612744,GSW,Golden State,202691,Klay Thompson,Klay,G,,34:33,6.0,15.0,0.4,2.0,4.0,0.5,3.0,3.0,1.0,1.0,6.0,7.0,2.0,2.0,0.0,3.0,2.0,17.0,-3.0
0021500568,1610612744,GSW,Golden State,201939,Stephen Curry,Stephen,G,,37:34,11.0,27.0,0.407,4.0,11.0,0.364,5.0,6.0,0.833,0.0,2.0,2.0,6.0,1.0,0.0,1.0,2.0,31.0,-3.0
0021500568,1610612744,GSW,Golden State,2738,Andre Iguodala,Andre,G,,30:11,3.0,4.0,0.75,1.0,2.0,0.5,2.0,2.0,1.0,0.0,5.0,5.0,1.0,0.0,0.0,0.0,1.0,9.0,10.0
0021500568,1610612744,GSW,Golden State,203084,Harrison Barnes,Harrison,G,,26:54,4.0,10.0,0.4,0.0,2.0,0.0,4.0,4.0,1.0,1.0,5.0,6.0,1.0,1.0,0.0,1.0,2.0,12.0,18.0
0021500568,1610612744,GSW,Golden State,2733,Shaun Livingston,Shaun,G,,17:05,1.0,3.0,0.333,0.0,0.0,0.0,0.0,0.0,0.0,2.0,2.0,4.0,6.0,0.0,0.0,1.0,3.0,2.0,15.0
0021500568,1610612744,GSW,Golden State,203105,Festus Ezeli,Festus,F,,5:28,0.0,0.0,0.0,0.0,0.0,0.0,1.0,2.0,0.5,0.0,2.0,2.0,0.0,0.0,0.0,0.0,0.0,1.0,7.0
0021500568,1610612744,GSW,Golden State,203546,Ian Clark,Ian,G,,9:33,1.0,3.0,0.333,0.0,1.0,0.0,0.0,0.0,0.0,0.0,0.0,0.0,2.0,0.0,0.0,0.0,2.0,2.0,10.0
0021500568,1610612744,GSW,Golden State,201578,Marreese Speights,Marreese,F,,5:42,3.0,4.0,0.75,0.0,0.0,0.0,0.0,0.0,0.0,1.0,0.0,1.0,0.0,0.0,0.0,0.0,1.0,6.0,7.0
0021500568,1610612744,GSW,Golden State,2571,Leandro Barbosa,Leandro,,DNP - Coach's Decision,,,,,,,,,,,,,,,,,,,,
0021500568,1610612744,GSW,Golden State,201574,Jason Thompson,Jason,,DNP - Coach's Decision,,,,,,,,,,,,,,,,,,,,
0021500567,1610612764,WAS,Washington,203490,Otto Porter Jr.,Otto,F,,31:40,6.0,13.0,0.462,2.0,5.0,0.4,0.0,0.0,0.0,1.0,7.0,8.0,2.0,2.0,0.0,0.0,3.0,14.0,6.0
0021500567,1610612764,WAS,Washington,201162,Jared Dudley,Jared,F,,29:51,3.0,5.0,0.6,2.0,3.0,0.667,0.0,0.0,0.0,1.0,1.0,2.0,4.0,0.0,0.0,2.0,4.0,8.0,3.0
0021500567,1610612764,WAS,Washington,2403,Nene Hilario,Nene,C,,19:35,7.0,11.0,0.636,0.0,0.0,0.0,0.0,0.0,0.0,0.0,2.0,2.0,2.0,1.0,1.0,1.0,1.0,14.0,8.0
0021500567,1610612764,WAS,Washington,202066,Garrett Temple,Garrett,G,,30:10,6.0,10.0,0.6,2.0,4.0,0.5,0.0,0.0,0.0,1.0,0.0,1.0,2.0,1.0,2.0,1.0,3.0,14.0,11.0
0021500567,1610612764,WAS,Washington,202322,John Wall,John,G,,34:44,7.0,19.0,0.368,2.0,4.0,0.5,1.0,1.0,1.0,0.0,5.0,5.0,10.0,3.0,1.0,2.0,3.0,17.0,12.0
0021500567,1610612764,WAS,Washington,2400,Drew Gooden,Drew,G,,26:47,4.0,10.0,0.4,0.0,4.0,0.0,2.0,2.0,1.0,7.0,5.0,12.0,3.0,0.0,1.0,0.0,3.0,10.0,7.0
0021500567,1610612764,WAS,Washington,1626162,Kelly Oubre Jr.,Kelly,G,,13:15,1.0,6.0,0.167,0.0,1.0,0.0,0.0,0.0,0.0,1.0,2.0,3.0,0.0,0.0,2.0,0.0,0.0,2.0,8.0
0021500567,1610612764,WAS,Washington,201971,DeJuan Blair,DeJuan,G,,13:02,4.0,6.0,0.667,0.0,0.0,0.0,0.0,0.0,0.0,0.0,3.0,3.0,1.0,0.0,0.0,0.0,2.0,8.0,4.0
0021500567,1610612764,WAS,Washington,201196,Ramon Sessions,Ramon,F,,24:26,6.0,10.0,0.6,0.0,2.0,0.0,4.0,5.0,0.8,0.0,5.0,5.0,4.0,1.0,0.0,1.0,2.0,16.0,11.0
0021500567,1610612764,WAS,Washington,202390,Gary Neal,Gary,F,,14:59,4.0,9.0,0.444,1.0,1.0,1.0,2.0,2.0,1.0,2.0,0.0,2.0,3.0,2.0,0.0,2.0,2.0,11.0,1.0
0021500567,1610612764,WAS,Washington,204067,Jarell Eddie,Jarell,,,1:32,0.0,0.0,0.0,0.0,0.0,0.0,0.0,0.0,0.0,0.0,0.0,0.0,0.0,0.0,0.0,0.0,0.0,0.0,-1.0
0021500567,1610612764,WAS,Washington,101162,Marcin Gortat,Marcin,,DND - Sore Left Knee,,,,,,,,,,,,,,,,,,,,
0021500567,1610612741,CHI,Chicago,201959,Taj Gibson,Taj,F,,18:35,2.0,4.0,0.5,0.0,0.0,0.0,0.0,0.0,0.0,1.0,3.0,4.0,0.0,0.0,0.0,2.0,3.0,4.0,0.0
0021500567,1610612741,CHI,Chicago,202703,Nikola Mirotic,Nikola,G,,28:46,3.0,8.0,0.375,1.0,3.0,0.333,0.0,2.0,0.0,1.0,8.0,9.0,2.0,1.0,2.0,0.0,0.0,7.0,1.0
0021500567,1610612741,CHI,Chicago,2200,Pau Gasol,Pau,C,,28:30,6.0,11.0,0.545,0.0,0.0,0.0,3.0,4.0,0.75,1.0,9.0,10.0,1.0,0.0,1.0,2.0,0.0,15.0,-10.0
0021500567,1610612741,CHI,Chicago,202710,Jimmy Butler III,Jimmy,G,,38:07,6.0,15.0,0.4,1.0,3.0,0.333,6.0,7.0,0.857,2.0,2.0,4.0,7.0,3.0,0.0,2.0,2.0,19.0,-8.0
0021500567,1610612741,CHI,Chicago,201565,Derrick Rose,Derrick,G,,31:03,8.0,13.0,0.615,2.0,3.0,0.667,5.0,5.0,1.0,0.0,0.0,0.0,1.0,0.0,1.0,4.0,0.0,23.0,-25.0
0021500567,1610612741,CHI,Chicago,203503,Tony Snell,Tony,F,,20:31,1.0,5.0,0.2,0.0,3.0,0.0,2.0,2.0,1.0,0.0,1.0,1.0,0.0,0.0,0.0,1.0,2.0,4.0,-1.0
0021500567,1610612741,CHI,Chicago,201149,Joakim Noah,Joakim,G,,18:49,0.0,7.0,0.0,0.0,0.0,0.0,0.0,0.0,0.0,4.0,5.0,9.0,4.0,1.0,0.0,2.0,3.0,0.0,-9.0
0021500567,1610612741,CHI,Chicago,201166,Aaron Brooks,Aaron,F,,15:42,4.0,7.0,0.571,2.0,4.0,0.5,0.0,0.0,0.0,0.0,0.0,0.0,3.0,0.0,0.0,0.0,1.0,10.0,-3.0
0021500567,1610612741,CHI,Chicago,1626171,Bobby Portis,Bobby,G,,10:44,1.0,3.0,0.333,0.0,0.0,0.0,4.0,4.0,1.0,1.0,1.0,2.0,0.0,0.0,1.0,1.0,1.0,6.0,-8.0
0021500567,1610612741,CHI,Chicago,203926,Doug McDermott,Doug,F,,19:56,2.0,4.0,0.5,2.0,4.0,0.5,3.0,3.0,1.0,0.0,2.0,2.0,0.0,0.0,1.0,2.0,2.0,9.0,-15.0
0021500567,1610612741,CHI,Chicago,202734,E'Twaun Moore,E'Twaun,,,4:42,1.0,2.0,0.5,1.0,2.0,0.5,0.0,0.0,0.0,0.0,2.0,2.0,0.0,0.0,0.0,0.0,1.0,3.0,4.0
0021500567,1610612741,CHI,Chicago,203946,Cameron Bairstow,Cameron,,,4:36,0.0,2.0,0.0,0.0,0.0,0.0,0.0,0.0,0.0,0.0,1.0,1.0,0.0,0.0,0.0,0.0,1.0,0.0,4.0
0021500567,1610612741,CHI,Chicago,2550,Kirk Hinrich,Kirk,,DNP - Coach's Decision,,,,,,,,,,,,,,,,,,,,
0021500571,1610612738,BOS,Boston,203109,Jae Crowder,Jae,F,,33:32,6.0,10.0,0.6,3.0,6.0,0.5,6.0,7.0,0.857,0.0,8.0,8.0,1.0,0.0,1.0,1.0,1.0,21.0,-8.0
0021500571,1610612738,BOS,Boston,101161,Amir Johnson,Amir,F,,25:45,5.0,6.0,0.833,0.0,1.0,0.0,1.0,2.0,0.5,3.0,3.0,6.0,2.0,1.0,1.0,1.0,4.0,11.0,-2.0
0021500571,1610612738,BOS,Boston,203482,Kelly Olynyk,Kelly,C,,11:23,2.0,5.0,0.4,1.0,2.0,0.5,0.0,0.0,0.0,0.0,4.0,4.0,2.0,0.0,0.0,1.0,3.0,5.0,-1.0
0021500571,1610612738,BOS,Boston,202340,Avery Bradley,Avery,G,,38:21,5.0,12.0,0.417,0.0,3.0,0.0,0.0,0.0,0.0,1.0,1.0,2.0,1.0,0.0,1.0,3.0,3.0,10.0,-7.0
0021500571,1610612738,BOS,Boston,202738,Isaiah Thomas,Isaiah,G,,34:45,11.0,23.0,0.478,1.0,8.0,0.125,11.0,12.0,0.917,0.0,3.0,3.0,8.0,1.0,1.0,2.0,0.0,34.0,-9.0
0021500571,1610612738,BOS,Boston,203096,Jared Sullinger,Jared,G,,19:36,6.0,10.0,0.6,0.0,0.0,0.0,2.0,3.0,0.667,1.0,6.0,7.0,0.0,0.0,0.0,0.0,2.0,14.0,-8.0
0021500571,1610612738,BOS,Boston,202323,Evan Turner,Evan,F,,28:01,3.0,10.0,0.3,1.0,5.0,0.2,0.0,0.0,0.0,0.0,2.0,2.0,4.0,1.0,0.0,1.0,2.0,7.0,-2.0
0021500571,1610612738,BOS,Boston,201973,Jonas Jerebko,Jonas,G,,23:59,2.0,3.0,0.667,2.0,2.0,1.0,0.0,0.0,0.0,2.0,2.0,4.0,3.0,2.0,0.0,0.0,0.0,6.0,5.0
0021500571,1610612738,BOS,Boston,203935,Marcus Smart,Marcus,F,,24:39,2.0,7.0,0.286,1.0,2.0,0.5,1.0,2.0,0.5,0.0,6.0,6.0,4.0,0.0,0.0,0.0,5.0,6.0,2.0
0021500571,1610612738,BOS,Boston,1626154,RJ Hunter,RJ,,DNP - Coach's Decision,,,,,,,,,,,,,,,,,,,,
0021500571,1610612738,BOS,Boston,101135,David Lee,David,,DNP - Coach's Decision,,,,,,,,,,,,,,,,,,,,
0021500571,1610612738,BOS,Boston,203923,James Young,James,,DNP - Coach's Decision,,,,,,,,,,,,,,,,,,,,
0021500571,1610612738,BOS,Boston,203092,Tyler Zeller,Tyler,,DNP - Coach's Decision,,,,,,,,,,,,,,,,,,,,
0021500571,1610612752,NYK,New York,2546,Carmelo Anthony,Carmelo,F,,17:52,7.0,10.0,0.7,2.0,2.0,1.0,1.0,1.0,1.0,0.0,4.0,4.0,3.0,0.0,0.0,2.0,1.0,17.0,10.0
0021500571,1610612752,NYK,New York,204001,Kristaps Porziņģis,Kristaps,G,,26:50,10.0,18.0,0.556,3.0,9.0,0.333,3.0,4.0,0.75,1.0,5.0,6.0,2.0,2.0,2.0,0.0,6.0,26.0,0.0
0021500571,1610612752,NYK,New York,201577,Robin Lopez,Robin,C,,25:50,6.0,7.0,0.857,0.0,0.0,0.0,3.0,4.0,0.75,2.0,3.0,5.0,1.0,0.0,1.0,2.0,4.0,15.0,9.0
0021500571,1610612752,NYK,New York,201167,Arron Afflalo,Arron,G,,40:34,9.0,18.0,0.5,1.0,2.0,0.5,5.0,5.0,1.0,0.0,3.0,3.0,1.0,0.0,0.0,0.0,1.0,24.0,8.0
0021500571,1610612752,NYK,New York,101181,Jose Calderon,Jose,G,,30:20,0.0,2.0,0.0,0.0,2.0,0.0,0.0,0.0,0.0,1.0,2.0,3.0,5.0,1.0,0.0,1.0,1.0,0.0,8.0
0021500571,1610612752,NYK,New York,202498,Lance Thomas,Lance,F,,22:30,1.0,6.0,0.167,0.0,1.0,0.0,5.0,5.0,1.0,0.0,4.0,4.0,2.0,1.0,0.0,3.0,2.0,7.0,-3.0
0021500571,1610612752,NYK,New York,1626170,Jerian Grant,Jerian,G,,23:24,5.0,6.0,0.833,1.0,1.0,1.0,5.0,6.0,0.833,0.0,1.0,1.0,8.0,1.0,1.0,0.0,1.0,16.0,3.0
0021500571,1610612752,NYK,New York,202682,Derrick Williams,Derrick,F,,28:37,5.0,11.0,0.455,0.0,2.0,0.0,5.0,5.0,1.0,1.0,9.0,10.0,0.0,0.0,0.0,2.0,0.0,15.0,7.0
0021500571,1610612752,NYK,New York,203124,Kyle O'Quinn,Kyle,C,,2:01,0.0,0.0,0.0,0.0,0.0,0.0,0.0,0.0,0.0,0.0,1.0,1.0,1.0,0.0,0.0,0.0,0.0,0.0,3.0
0021500571,1610612752,NYK,New York,204038,Langston Galloway,Langston,G,,16:38,0.0,1.0,0.0,0.0,1.0,0.0,0.0,0.0,0.0,0.0,0.0,0.0,1.0,0.0,1.0,0.0,0.0,0.0,-10.0
0021500571,1610612752,NYK,New York,200811,Lou Amundson,Lou,,,3:10,0.0,1.0,0.0,0.0,0.0,0.0,0.0,0.0,0.0,0.0,1.0,1.0,0.0,0.0,0.0,1.0,1.0,0.0,-4.0
0021500571,1610612752,NYK,New York,202338,Kevin Seraphin,Kevin,,,2:15,0.0,1.0,0.0,0.0,0.0,0.0,0.0,0.0,0.0,1.0,0.0,1.0,0.0,0.0,0.0,0.0,0.0,0.0,-1.0
0021500571,1610612752,NYK,New York,2756,Sasha Vujacic,Sasha,,DNP - Coach's Decision,,,,,,,,,,,,,,,,,,,,
0021500572,1610612745,HOU,Houston,2772,Trevor Ariza,Trevor,F,,29:43,4.0,11.0,0.364,2.0,5.0,0.4,0.0,1.0,0.0,1.0,1.0,2.0,2.0,3.0,0.0,0.0,0.0,10.0,3.0
0021500572,1610612745,HOU,Houston,203991,Clint Capela,Clint,F,,26:25,0.0,4.0,0.0,0.0,0.0,0.0,1.0,2.0,0.5,3.0,4.0,7.0,1.0,1.0,1.0,1.0,2.0,1.0,4.0
0021500572,1610612745,HOU,Houston,2730,Dwight Howard,Dwight,C,,37:44,6.0,10.0,0.6,0.0,0.0,0.0,5.0,5.0,1.0,6.0,8.0,14.0,1.0,1.0,2.0,1.0,4.0,17.0,14.0
0021500572,1610612745,HOU,Houston,201935,James Harden,James,G,,33:16,6.0,13.0,0.462,4.0,9.0,0.444,9.0,10.0,0.9,1.0,4.0,5.0,5.0,1.0,0.0,6.0,4.0,25.0,7.0
0021500572,1610612745,HOU,Houston,201976,Patrick Beverley,Patrick,G,,29:08,3.0,8.0,0.375,3.0,5.0,0.6,0.0,0.0,0.0,2.0,2.0,4.0,2.0,1.0,0.0,1.0,1.0,9.0,8.0
0021500572,1610612745,HOU,Houston,203093,Terrence Jones,Terrence,G,,29:52,6.0,10.0,0.6,3.0,5.0,0.6,5.0,6.0,0.833,3.0,1.0,4.0,3.0,3.0,1.0,2.0,2.0,20.0,13.0
0021500572,1610612745,HOU,Houston,1891,Jason Terry,Jason,G,,18:53,1.0,6.0,0.167,1.0,4.0,0.25,0.0,0.0,0.0,0.0,1.0,1.0,6.0,0.0,0.0,1.0,2.0,3.0,8.0
0021500572,1610612745,HOU,Houston,201147,Corey Brewer,Corey,F,,18:17,2.0,5.0,0.4,2.0,2.0,1.0,0.0,0.0,0.0,1.0,2.0,3.0,0.0,0.0,0.0,1.0,2.0,6.0,13.0
0021500572,1610612745,HOU,Houston,201977,Marcus Thornton,Marcus,G,,15:10,5.0,10.0,0.5,3.0,5.0,0.6,3.0,3.0,1.0,1.0,1.0,2.0,1.0,0.0,0.0,1.0,2.0,16.0,7.0
0021500572,1610612745,HOU,Houston,1626149,Montrezl Harrell,Montrezl,,,1:34,0.0,0.0,0.0,0.0,0.0,0.0,0.0,0.0,0.0,0.0,0.0,0.0,0.0,0.0,0.0,0.0,0.0,0.0,3.0
0021500572,1610612745,HOU,Houston,201951,Ty Lawson,Ty,,NWT - Suspended,,,,,,,,,,,,,,,,,,,,
0021500572,1610612763,MEM,Memphis,2754,Tony Allen,Tony,F,,32:27,6.0,12.0,0.5,2.0,4.0,0.5,3.0,4.0,0.75,4.0,3.0,7.0,4.0,2.0,0.0,4.0,5.0,17.0,-9.0
0021500572,1610612763,MEM,Memphis,201145,Jeff Green,Jeff,F,,14:46,0.0,2.0,0.0,0.0,0.0,0.0,3.0,4.0,0.75,0.0,0.0,0.0,2.0,0.0,0.0,1.0,2.0,3.0,-10.0
0021500572,1610612763,MEM,Memphis,201188,Marc Gasol,Marc,F,,40:21,8.0,15.0,0.533,0.0,0.0,0.0,4.0,5.0,0.8,1.0,4.0,5.0,3.0,2.0,3.0,2.0,3.0,20.0,-11.0
0021500572,1610612763,MEM,Memphis,201584,Courtney Lee,Courtney,G,,37:27,6.0,12.0,0.5,3.0,5.0,0.6,1.0,3.0,0.333,2.0,1.0,3.0,1.0,1.0,0.0,3.0,2.0,16.0,1.0
0021500572,1610612763,MEM,Memphis,201596,Mario Chalmers,Mario,G,,40:49,3.0,8.0,0.375,1.0,4.0,0.25,3.0,4.0,0.75,0.0,3.0,3.0,9.0,3.0,0.0,3.0,3.0,10.0,-10.0
0021500572,1610612763,MEM,Memphis,2216,Zach Randolph,Zach,F,,32:40,5.0,10.0,0.5,0.0,1.0,0.0,0.0,0.0,0.0,4.0,5.0,9.0,0.0,0.0,0.0,2.0,4.0,10.0,-9.0
0021500572,1610612763,MEM,Memphis,1713,Vince Carter,Vince,F,,20:27,3.0,7.0,0.429,0.0,1.0,0.0,4.0,4.0,1.0,2.0,1.0,3.0,2.0,0.0,0.0,1.0,1.0,10.0,-13.0
0021500572,1610612763,MEM,Memphis,203210,JaMychal Green,JaMychal,F,,14:27,1.0,2.0,0.5,1.0,1.0,1.0,0.0,0.0,0.0,0.0,1.0,1.0,0.0,1.0,0.0,0.0,4.0,3.0,-9.0
0021500572,1610612763,MEM,Memphis,202343,Elliot Williams,Elliot,,,5:02,0.0,2.0,0.0,0.0,1.0,0.0,0.0,0.0,0.0,0.0,0.0,0.0,1.0,0.0,0.0,1.0,0.0,0.0,-7.0
0021500572,1610612763,MEM,Memphis,203516,James Ennis III,James,,,1:34,1.0,2.0,0.5,0.0,1.0,0.0,0.0,0.0,0.0,0.0,0.0,0.0,0.0,0.0,0.0,0.0,0.0,2.0,-3.0
0021500572,1610612763,MEM,Memphis,2440,Matt Barnes,Matt,,DND - Right Thumb Contusion,,,,,,,,,,,,,,,,,,,,
0021500572,1610612763,MEM,Memphis,201144,Mike Conley,Mike,,DND - Sore Left Achilles,,,,,,,,,,,,,,,,,,,,
0021500576,1610612740,NOP,New Orleans,201967,Dante Cunningham,Dante,F,,17:01,0.0,3.0,0.0,0.0,3.0,0.0,0.0,0.0,0.0,0.0,3.0,3.0,1.0,0.0,1.0,0.0,5.0,0.0,6.0
0021500576,1610612740,NOP,New Orleans,201583,Ryan Anderson,Ryan,G,,42:23,7.0,19.0,0.368,1.0,5.0,0.2,0.0,1.0,0.0,4.0,3.0,7.0,2.0,0.0,1.0,3.0,2.0,15.0,2.0
0021500576,1610612740,NOP,New Orleans,201600,Omer Asik,Omer,F,,17:43,0.0,3.0,0.0,0.0,0.0,0.0,1.0,2.0,0.5,2.0,11.0,13.0,2.0,1.0,1.0,0.0,1.0,1.0,7.0
0021500576,1610612740,NOP,New Orleans,201569,Eric Gordon,Eric,G,,27:02,6.0,9.0,0.667,1.0,3.0,0.333,1.0,1.0,1.0,0.0,2.0,2.0,1.0,0.0,1.0,1.0,3.0,14.0,-4.0
0021500576,1610612740,NOP,New Orleans,201936,Tyreke Evans,Tyreke,G,,34:06,8.0,17.0,0.471,3.0,7.0,0.429,2.0,4.0,0.5,0.0,5.0,5.0,4.0,1.0,0.0,5.0,4.0,21.0,-2.0
0021500576,1610612740,NOP,New Orleans,201950,Jrue Holiday,Jrue,G,,26:19,7.0,18.0,0.389,0.0,4.0,0.0,0.0,0.0,0.0,0.0,5.0,5.0,4.0,0.0,0.0,0.0,1.0,14.0,-5.0
0021500576,1610612740,NOP,New Orleans,201582,Alexis Ajinca,Alexis,G,,21:40,4.0,8.0,0.5,0.0,0.0,0.0,2.0,2.0,1.0,5.0,5.0,10.0,2.0,0.0,1.0,2.0,4.0,10.0,-7.0
0021500576,1610612740,NOP,New Orleans,202708,Norris Cole,Norris,F,,32:24,5.0,13.0,0.385,1.0,1.0,1.0,0.0,0.0,0.0,0.0,3.0,3.0,4.0,0.0,1.0,0.0,3.0,11.0,-9.0
0021500576,1610612740,NOP,New Orleans,202337,Luke Babbitt,Luke,F,,5:06,0.0,0.0,0.0,0.0,0.0,0.0,0.0,0.0,0.0,0.0,1.0,1.0,0.0,0.0,0.0,0.0,2.0,0.0,-1.0
0021500576,1610612740,NOP,New Orleans,202087,Alonzo Gee,Alonzo,,,16:17,1.0,1.0,1.0,0.0,0.0,0.0,3.0,4.0,0.75,1.0,1.0,2.0,0.0,0.0,0.0,0.0,2.0,5.0,-7.0
0021500576,1610612740,NOP,New Orleans,203076,Anthony Davis,Anthony,,DNP - Coach's Decision,,,,,,,,,,,,,,,,,,,,
0021500576,1610612740,NOP,New Orleans,201962,Toney Douglas,Toney,,DNP - Coach's Decision,,,,,,,,,,,,,,,,,,,,
0021500576,1610612740,NOP,New Orleans,2570,Kendrick Perkins,Kendrick,,DNP - Coach's Decision,,,,,,,,,,,,,,,,,,,,
0021500576,1610612747,LAL,Los Angeles,977,Kobe Bryant,Kobe,F,,15:44,3.0,9.0,0.333,0.0,5.0,0.0,1.0,2.0,0.5,0.0,3.0,3.0,1.0,1.0,0.0,1.0,2.0,7.0,-6.0
0021500576,1610612747,LAL,Los Angeles,1626204,Larry Nance Jr.,Larry,F,,31:04,4.0,8.0,0.5,0.0,0.0,0.0,0.0,0.0,0.0,2.0,4.0,6.0,1.0,2.0,0.0,0.0,3.0,8.0,6.0
0021500576,1610612747,LAL,Los Angeles,201579,Roy Hibbert,Roy,F,,25:08,3.0,8.0,0.375,0.0,0.0,0.0,2.0,2.0,1.0,1.0,4.0,5.0,0.0,0.0,2.0,0.0,0.0,8.0,0.0
0021500576,1610612747,LAL,Los Angeles,101150,Lou Williams,Lou,G,,35:01,4.0,14.0,0.286,1.0,8.0,0.125,10.0,10.0,1.0,0.0,4.0,4.0,8.0,0.0,1.0,0.0,3.0,19.0,2.0
0021500576,1610612747,LAL,Los Angeles,203903,Jordan Clarkson,Jordan,G,,36:54,5.0,17.0,0.294,1.0,6.0,0.167,7.0,9.0,0.778,4.0,3.0,7.0,2.0,2.0,0.0,3.0,4.0,18.0,7.0
0021500576,1610612747,LAL,Los Angeles,1626156,D'Angelo Russell,D'Angelo,F,,24:05,4.0,8.0,0.5,2.0,5.0,0.4,3.0,4.0,0.75,0.0,4.0,4.0,3.0,0.0,0.0,2.0,2.0,13.0,-1.0
0021500576,1610612747,LAL,Los Angeles,203944,Julius Randle,Julius,G,,25:16,3.0,8.0,0.375,0.0,0.0,0.0,1.0,2.0,0.5,2.0,9.0,11.0,0.0,1.0,0.0,1.0,2.0,7.0,2.0
0021500576,1610612747,LAL,Los Angeles,1626148,Anthony Brown,Anthony,G,,23:27,3.0,5.0,0.6,2.0,4.0,0.5,1.0,3.0,0.333,0.0,4.0,4.0,0.0,0.0,0.0,0.0,0.0,9.0,14.0
0021500576,1610612747,LAL,Los Angeles,101138,Brandon Bass,Brandon,G,,14:32,3.0,8.0,0.375,0.0,0.0,0.0,0.0,0.0,0.0,2.0,1.0,3.0,1.0,0.0,0.0,1.0,1.0,6.0,0.0
0021500576,1610612747,LAL,Los Angeles,201156,Nick Young,Nick,G,,8:49,0.0,2.0,0.0,0.0,1.0,0.0,0.0,0.0,0.0,0.0,0.0,0.0,0.0,1.0,1.0,0.0,0.0,0.0,-4.0
0021500576,1610612747,LAL,Los Angeles,204028,Tarik Black,Tarik,,DNP - Coach's Decision,,,,,,,,,,,,,,,,,,,,
0021500576,1610612747,LAL,Los Angeles,1626273,Marcelo Huertas,Marcelo,,DNP - Coach's Decision,,,,,,,,,,,,,,,,,,,,
0021500576,1610612747,LAL,Los Angeles,203527,Ryan Kelly,Ryan,,DNP - Coach's Decision,,,,,,,,,,,,,,,,,,,,
0021500573,1610612741,CHI,Chicago,201959,Taj Gibson,Taj,F,,26:26,2.0,5.0,0.4,0.0,0.0,0.0,2.0,2.0,1.0,4.0,5.0,9.0,1.0,0.0,0.0,2.0,3.0,6.0,-12.0
0021500573,1610612741,CHI,Chicago,202703,Nikola Mirotic,Nikola,G,,31:20,6.0,13.0,0.462,3.0,8.0,0.375,2.0,2.0,1.0,2.0,3.0,5.0,1.0,0.0,2.0,2.0,4.0,17.0,1.0
0021500573,1610612741,CHI,Chicago,2200,Pau Gasol,Pau,C,,35:44,4.0,12.0,0.333,1.0,1.0,1.0,1.0,2.0,0.5,5.0,9.0,14.0,5.0,1.0,4.0,2.0,3.0,10.0,3.0
0021500573,1610612741,CHI,Chicago,202710,Jimmy Butler III,Jimmy,G,,40:31,9.0,21.0,0.429,2.0,5.0,0.4,10.0,12.0,0.833,2.0,6.0,8.0,6.0,0.0,1.0,4.0,0.0,30.0,-2.0
0021500573,1610612741,CHI,Chicago,201565,Derrick Rose,Derrick,G,,22:29,3.0,9.0,0.333,1.0,3.0,0.333,2.0,2.0,1.0,1.0,0.0,1.0,3.0,1.0,0.0,3.0,2.0,9.0,-9.0
0021500573,1610612741,CHI,Chicago,203503,Tony Snell,Tony,G,,29:49,7.0,11.0,0.636,3.0,7.0,0.429,0.0,0.0,0.0,1.0,6.0,7.0,1.0,1.0,0.0,3.0,4.0,17.0,7.0
0021500573,1610612741,CHI,Chicago,2550,Kirk Hinrich,Kirk,F,,11:52,0.0,2.0,0.0,0.0,1.0,0.0,0.0,0.0,0.0,0.0,3.0,3.0,1.0,0.0,0.0,0.0,1.0,0.0,-8.0
0021500573,1610612741,CHI,Chicago,201149,Joakim Noah,Joakim,F,,15:02,1.0,3.0,0.333,0.0,0.0,0.0,1.0,2.0,0.5,4.0,3.0,7.0,2.0,0.0,0.0,0.0,3.0,3.0,-5.0
0021500573,1610612741,CHI,Chicago,1626171,Bobby Portis,Bobby,C,,3:60,0.0,0.0,0.0,0.0,0.0,0.0,0.0,0.0,0.0,0.0,0.0,0.0,0.0,0.0,1.0,1.0,2.0,0.0,-5.0
0021500573,1610612741,CHI,Chicago,203926,Doug McDermott,Doug,G,,5:45,0.0,2.0,0.0,0.0,0.0,0.0,0.0,0.0,0.0,1.0,0.0,1.0,0.0,0.0,0.0,0.0,0.0,0.0,2.0
0021500573,1610612741,CHI,Chicago,201166,Aaron Brooks,Aaron,F,,17:02,3.0,7.0,0.429,2.0,4.0,0.5,1.0,2.0,0.5,0.0,2.0,2.0,2.0,0.0,0.0,0.0,3.0,9.0,3.0
0021500573,1610612741,CHI,Chicago,203946,Cameron Bairstow,Cameron,,DNP - Coach's Decision,,,,,,,,,,,,,,,,,,,,
0021500573,1610612741,CHI,Chicago,202734,E'Twaun Moore,E'Twaun,,DNP - Coach's Decision,,,,,,,,,,,,,,,,,,,,
0021500573,1610612749,MIL,Milwaukee,203507,Giannis Antetokounmpo,Giannis,G,,31:18,10.0,14.0,0.714,0.0,1.0,0.0,9.0,14.0,0.643,3.0,7.0,10.0,5.0,1.0,1.0,0.0,4.0,29.0,19.0
0021500573,1610612749,MIL,Milwaukee,203953,Jabari Parker,Jabari,G,,27:01,8.0,14.0,0.571,0.0,0.0,0.0,0.0,2.0,0.0,2.0,1.0,3.0,0.0,3.0,0.0,1.0,3.0,16.0,7.0
0021500573,1610612749,MIL,Milwaukee,202328,Greg Monroe,Greg,F,,37:00,7.0,13.0,0.538,0.0,0.0,0.0,3.0,3.0,1.0,4.0,8.0,12.0,1.0,1.0,1.0,0.0,1.0,17.0,14.0
0021500573,1610612749,MIL,Milwaukee,203114,Khris Middleton,Khris,G,,40:31,6.0,16.0,0.375,2.0,6.0,0.333,2.0,2.0,1.0,3.0,3.0,6.0,9.0,0.0,1.0,2.0,3.0,16.0,2.0
0021500573,1610612749,MIL,Milwaukee,203487,Michael Carter-Williams,Michael,G,,36:55,4.0,13.0,0.308,0.0,0.0,0.0,3.0,5.0,0.6,0.0,4.0,4.0,6.0,3.0,0.0,0.0,3.0,11.0,5.0
0021500573,1610612749,MIL,Milwaukee,201564,O.J. Mayo,O.J.,G,,26:00,2.0,9.0,0.222,1.0,4.0,0.25,0.0,0.0,0.0,0.0,1.0,1.0,4.0,1.0,0.0,0.0,1.0,5.0,-1.0
0021500573,1610612749,MIL,Milwaukee,203089,John Henson,John,F,,21:55,4.0,8.0,0.5,0.0,0.0,0.0,0.0,2.0,0.0,1.0,2.0,3.0,3.0,0.0,5.0,2.0,3.0,8.0,-12.0
0021500573,1610612749,MIL,Milwaukee,1626173,Rashad Vaughn,Rashad,F,,15:46,2.0,6.0,0.333,0.0,2.0,0.0,0.0,0.0,0.0,0.0,0.0,0.0,0.0,2.0,1.0,0.0,1.0,4.0,-5.0
0021500573,1610612749,MIL,Milwaukee,203948,Johnny O'Bryant III,Johnny,G,,3:34,0.0,0.0,0.0,0.0,0.0,0.0,0.0,0.0,0.0,1.0,0.0,1.0,0.0,0.0,0.0,0.0,0.0,0.0,-4.0
0021500573,1610612749,MIL,Milwaukee,203142,Chris Copeland,Chris,,DNP - Coach's Decision,,,,,,,,,,,,,,,,,,,,
0021500573,1610612749,MIL,Milwaukee,203898,Tyler Ennis,Tyler,,DNP - Coach's Decision,,,,,,,,,,,,,,,,,,,,
0021500573,1610612749,MIL,Milwaukee,203996,Damien Inglis,Damien,,DNP - Coach's Decision,,,,,,,,,,,,,,,,,,,,
0021500573,1610612749,MIL,Milwaukee,203101,Miles Plumlee,Miles,,DNP - Coach's Decision,,,,,,,,,,,,,,,,,,,,
0021500575,1610612739,CLE,Cleveland,2544,LeBron James,LeBron,G,,41:43,9.0,17.0,0.529,3.0,6.0,0.5,6.0,8.0,0.75,3.0,7.0,10.0,7.0,2.0,0.0,4.0,2.0,27.0,2.0
0021500575,1610612739,CLE,Cleveland,201567,Kevin Love,Kevin,F,,37:16,5.0,19.0,0.263,3.0,9.0,0.333,2.0,2.0,1.0,6.0,5.0,11.0,0.0,0.0,2.0,0.0,3.0,15.0,-6.0
0021500575,1610612739,CLE,Cleveland,202684,Tristan Thompson,Tristan,G,,23:02,1.0,2.0,0.5,0.0,0.0,0.0,0.0,0.0,0.0,1.0,5.0,6.0,1.0,0.0,0.0,0.0,2.0,2.0,-19.0
0021500575,1610612739,CLE,Cleveland,2747,JR Smith,JR,G,,39:40,4.0,7.0,0.571,2.0,5.0,0.4,0.0,0.0,0.0,0.0,1.0,1.0,3.0,3.0,0.0,0.0,1.0,10.0,3.0
0021500575,1610612739,CLE,Cleveland,202681,Kyrie Irving,Kyrie,G,,38:50,8.0,20.0,0.4,3.0,8.0,0.375,3.0,4.0,0.75,0.0,2.0,2.0,9.0,1.0,0.0,3.0,2.0,22.0,-4.0
0021500575,1610612739,CLE,Cleveland,203521,Matthew Dellavedova,Matthew,G,,27:28,4.0,11.0,0.364,4.0,7.0,0.571,0.0,0.0,0.0,2.0,0.0,2.0,5.0,1.0,0.0,0.0,4.0,12.0,21.0
0021500575,1610612739,CLE,Cleveland,202389,Timofey Mozgov,Timofey,G,,20:40,4.0,6.0,0.667,0.0,0.0,0.0,2.0,2.0,1.0,5.0,4.0,9.0,0.0,2.0,1.0,0.0,1.0,10.0,18.0
0021500575,1610612739,CLE,Cleveland,202697,Iman Shumpert,Iman,F,,23:17,4.0,11.0,0.364,2.0,7.0,0.286,0.0,0.0,0.0,0.0,2.0,2.0,2.0,3.0,1.0,2.0,4.0,10.0,-5.0
0021500575,1610612739,CLE,Cleveland,2210,Richard Jefferson,Richard,G,,13:04,1.0,4.0,0.25,0.0,2.0,0.0,0.0,0.0,0.0,0.0,3.0,3.0,1.0,0.0,0.0,0.0,2.0,2.0,5.0
0021500575,1610612739,CLE,Cleveland,203099,Jared Cunningham,Jared,,DNP - Coach's Decision,,,,,,,,,,,,,,,,,,,,
0021500575,1610612739,CLE,Cleveland,2592,James Jones,James,,DNP - Coach's Decision,,,,,,,,,,,,,,,,,,,,
0021500575,1610612739,CLE,Cleveland,201619,Sasha Kaun,Sasha,,DNP - Coach's Decision,,,,,,,,,,,,,,,,,,,,
0021500575,1610612739,CLE,Cleveland,2760,Anderson Varejao,Anderson,,DNP - Coach's Decision,,,,,,,,,,,,,,,,,,,,
0021500575,1610612742,DAL,Dallas,202718,Chandler Parsons,Chandler,F,,40:44,10.0,14.0,0.714,3.0,6.0,0.5,2.0,4.0,0.5,1.0,7.0,8.0,1.0,2.0,0.0,3.0,2.0,25.0,10.0
0021500575,1610612742,DAL,Dallas,1717,Dirk Nowitzki,Dirk,G,,38:12,7.0,15.0,0.467,3.0,5.0,0.6,0.0,0.0,0.0,1.0,10.0,11.0,3.0,0.0,0.0,3.0,1.0,17.0,7.0
0021500575,1610612742,DAL,Dallas,2585,Zaza Pachulia,Zaza,G,,31:50,4.0,6.0,0.667,0.0,0.0,0.0,6.0,6.0,1.0,4.0,8.0,12.0,3.0,0.0,1.0,2.0,1.0,14.0,15.0
0021500575,1610612742,DAL,Dallas,202083,Wesley Matthews,Wesley,G,,42:04,3.0,11.0,0.273,3.0,8.0,0.375,2.0,2.0,1.0,1.0,6.0,7.0,2.0,0.0,0.0,0.0,3.0,11.0,6.0
0021500575,1610612742,DAL,Dallas,101114,Deron Williams,Deron,G,,43:12,6.0,13.0,0.462,0.0,3.0,0.0,4.0,4.0,1.0,0.0,2.0,2.0,10.0,1.0,1.0,5.0,3.0,16.0,4.0
0021500575,1610612742,DAL,Dallas,203939,Dwight Powell,Dwight,,,3:54,0.0,2.0,0.0,0.0,0.0,0.0,0.0,0.0,0.0,0.0,0.0,0.0,0.0,0.0,0.0,0.0,1.0,0.0,-2.0
0021500575,1610612742,DAL,Dallas,101109,Raymond Felton,Raymond,,,16:02,1.0,4.0,0.25,0.0,0.0,0.0,0.0,0.0,0.0,0.0,1.0,1.0,1.0,0.0,2.0,2.0,1.0,2.0,-17.0
0021500575,1610612742,DAL,Dallas,201580,JaVale McGee,JaVale,G,,18:06,4.0,4.0,1.0,0.0,0.0,0.0,2.0,4.0,0.5,0.0,1.0,1.0,0.0,0.0,3.0,1.0,1.0,10.0,-15.0
0021500575,1610612742,DAL,Dallas,2734,Devin Harris,Devin,G,,18:37,2.0,6.0,0.333,1.0,3.0,0.333,0.0,0.0,0.0,0.0,0.0,0.0,4.0,1.0,0.0,0.0,2.0,5.0,-19.0
0021500575,1610612742,DAL,Dallas,200826,J.J. Barea,J.J.,F,,12:19,2.0,4.0,0.5,1.0,3.0,0.333,2.0,2.0,1.0,0.0,2.0,2.0,1.0,0.0,0.0,0.0,1.0,7.0,-4.0
0021500575,1610612742,DAL,Dallas,1626147,Justin Anderson,Justin,,DNP - Coach's Decision,,,,,,,,,,,,,,,,,,,,
0021500575,1610612742,DAL,Dallas,202379,Jeremy Evans,Jeremy,,DNP - Coach's Decision,,,,,,,,,,,,,,,,,,,,
0021500575,1610612742,DAL,Dallas,101111,Charlie Villanueva,Charlie,,DNP - Coach's Decision,,,,,,,,,,,,,,,,,,,,
0021500570,1610612759,SAS,San Antonio,200746,LaMarcus Aldridge,LaMarcus,F,,35:48,10.0,19.0,0.526,0.0,0.0,0.0,2.0,2.0,1.0,5.0,8.0,13.0,1.0,1.0,0.0,3.0,3.0,22.0,5.0
0021500570,1610612759,SAS,San Antonio,202695,Kawhi Leonard,Kawhi,G,,34:20,1.0,7.0,0.143,0.0,2.0,0.0,5.0,7.0,0.714,1.0,4.0,5.0,1.0,1.0,1.0,3.0,3.0,7.0,11.0
0021500570,1610612759,SAS,San Antonio,1495,Tim Duncan,Tim,F,,29:45,5.0,8.0,0.625,0.0,0.0,0.0,4.0,5.0,0.8,2.0,7.0,9.0,3.0,4.0,2.0,2.0,3.0,14.0,6.0
0021500570,1610612759,SAS,San Antonio,201980,Danny Green,Danny,G,,26:48,2.0,3.0,0.667,2.0,3.0,0.667,0.0,0.0,0.0,1.0,4.0,5.0,5.0,0.0,0.0,1.0,0.0,6.0,2.0
0021500570,1610612759,SAS,San Antonio,2225,Tony Parker,Tony,G,,31:52,13.0,19.0,0.684,1.0,1.0,1.0,4.0,5.0,0.8,1.0,3.0,4.0,3.0,1.0,0.0,3.0,3.0,31.0,7.0
0021500570,1610612759,SAS,San Antonio,1938,Manu Ginobili,Manu,C,,26:36,5.0,12.0,0.417,2.0,5.0,0.4,3.0,4.0,0.75,0.0,5.0,5.0,2.0,1.0,1.0,1.0,3.0,15.0,8.0
0021500570,1610612759,SAS,San Antonio,2564,Boris Diaw,Boris,G,,25:60,4.0,8.0,0.5,0.0,1.0,0.0,4.0,4.0,1.0,1.0,2.0,3.0,3.0,0.0,0.0,3.0,2.0,12.0,2.0
0021500570,1610612759,SAS,San Antonio,201988,Patty Mills,Patty,F,,16:08,1.0,7.0,0.143,0.0,1.0,0.0,0.0,0.0,0.0,0.0,3.0,3.0,1.0,1.0,0.0,0.0,1.0,2.0,3.0
0021500570,1610612759,SAS,San Antonio,203613,Jonathon Simmons,Jonathon,G,,6:27,0.0,2.0,0.0,0.0,1.0,0.0,0.0,0.0,0.0,0.0,0.0,0.0,0.0,0.0,1.0,1.0,2.0,0.0,3.0
0021500570,1610612759,SAS,San Antonio,1626246,Boban Marjanović,Boban,,,3:40,0.0,0.0,0.0,0.0,0.0,0.0,0.0,0.0,0.0,0.0,1.0,1.0,1.0,0.0,0.0,0.0,0.0,0.0,5.0
0021500570,1610612759,SAS,San Antonio,203937,Kyle Anderson,Kyle,,,2:36,0.0,0.0,0.0,0.0,0.0,0.0,0.0,0.0,0.0,0.0,1.0,1.0,0.0,0.0,0.0,0.0,0.0,0.0,-2.0
0021500570,1610612759,SAS,San Antonio,203492,Ray McCallum,Ray,,DNP - Coach's Decision,,,,,,,,,,,,,,,,,,,,
0021500570,1610612759,SAS,San Antonio,2561,David West,David,,DNP - Coach's Decision,,,,,,,,,,,,,,,,,,,,
0021500570,1610612765,DET,Detroit,202694,Marcus Morris Sr.,Marcus,G,,28:21,1.0,6.0,0.167,0.0,3.0,0.0,2.0,2.0,1.0,0.0,5.0,5.0,3.0,1.0,0.0,0.0,3.0,4.0,-12.0
0021500570,1610612765,DET,Detroit,101141,Ersan Ilyasova,Ersan,F,,25:33,3.0,9.0,0.333,0.0,3.0,0.0,0.0,0.0,0.0,0.0,6.0,6.0,0.0,1.0,0.0,3.0,2.0,6.0,-15.0
0021500570,1610612765,DET,Detroit,203083,Andre Drummond,Andre,C,,27:55,8.0,13.0,0.615,0.0,0.0,0.0,1.0,6.0,0.167,4.0,6.0,10.0,0.0,2.0,1.0,1.0,4.0,17.0,-1.0
0021500570,1610612765,DET,Detroit,203484,Kentavious Caldwell-Pope,Kentavious,G,,43:28,9.0,14.0,0.643,4.0,6.0,0.667,3.0,4.0,0.75,1.0,2.0,3.0,2.0,3.0,0.0,1.0,5.0,25.0,-6.0
0021500570,1610612765,DET,Detroit,202704,Reggie Jackson,Reggie,G,,30:34,3.0,13.0,0.231,0.0,3.0,0.0,4.0,4.0,1.0,0.0,1.0,1.0,11.0,1.0,0.0,5.0,0.0,10.0,-6.0
0021500570,1610612765,DET,Detroit,203382,Aron Baynes,Aron,F,,18:49,6.0,13.0,0.462,0.0,0.0,0.0,3.0,4.0,0.75,6.0,3.0,9.0,0.0,0.0,1.0,0.0,4.0,15.0,-6.0
0021500570,1610612765,DET,Detroit,1626169,Stanley Johnson,Stanley,F,,23:54,0.0,7.0,0.0,0.0,1.0,0.0,2.0,2.0,1.0,0.0,3.0,3.0,1.0,0.0,0.0,1.0,4.0,2.0,-1.0
0021500570,1610612765,DET,Detroit,201943,Brandon Jennings,Brandon,F,,17:43,4.0,9.0,0.444,0.0,2.0,0.0,1.0,1.0,1.0,0.0,0.0,0.0,4.0,0.0,0.0,1.0,1.0,9.0,-6.0
0021500570,1610612765,DET,Detroit,201229,Anthony Tolliver,Anthony,G,,22:27,3.0,6.0,0.5,2.0,5.0,0.4,1.0,3.0,0.333,0.0,4.0,4.0,1.0,0.0,0.0,0.0,0.0,9.0,5.0
0021500570,1610612765,DET,Detroit,201202,Joel Anthony,Joel,,,1:16,1.0,1.0,1.0,0.0,0.0,0.0,0.0,0.0,0.0,0.0,0.0,0.0,0.0,0.0,0.0,0.0,1.0,2.0,-2.0
0021500570,1610612765,DET,Detroit,2581,Steve Blake,Steve,,DNP - Coach's Decision,,,,,,,,,,,,,,,,,,,,
0021500570,1610612765,DET,Detroit,203493,Reggie Bullock Jr.,Reggie,,DNP - Coach's Decision,,,,,,,,,,,,,,,,,,,,
0021500570,1610612765,DET,Detroit,1626199,Darrun Hilliard,Darrun,,DNP - Coach's Decision,,,,,,,,,,,,,,,,,,,,
0021500574,1610612760,OKC,Oklahoma City,201142,Kevin Durant,Kevin,F,,36:15,11.0,25.0,0.44,2.0,9.0,0.222,6.0,6.0,1.0,1.0,6.0,7.0,3.0,1.0,0.0,3.0,5.0,30.0,6.0
0021500574,1610612760,OKC,Oklahoma City,201586,Serge Ibaka,Serge,F,,36:47,3.0,8.0,0.375,2.0,2.0,1.0,0.0,0.0,0.0,1.0,7.0,8.0,0.0,1.0,2.0,1.0,2.0,8.0,9.0
0021500574,1610612760,OKC,Oklahoma City,203500,Steven Adams,Steven,C,,28:08,3.0,3.0,1.0,0.0,0.0,0.0,2.0,2.0,1.0,2.0,3.0,5.0,0.0,0.0,1.0,1.0,0.0,8.0,11.0
0021500574,1610612760,OKC,Oklahoma City,203460,Andre Roberson,Andre,G,,17:53,2.0,6.0,0.333,0.0,1.0,0.0,0.0,0.0,0.0,0.0,2.0,2.0,1.0,1.0,0.0,1.0,3.0,4.0,6.0
0021500574,1610612760,OKC,Oklahoma City,201566,Russell Westbrook,Russell,G,,33:19,8.0,15.0,0.533,2.0,4.0,0.5,4.0,6.0,0.667,1.0,6.0,7.0,11.0,3.0,0.0,7.0,3.0,22.0,11.0
0021500574,1610612760,OKC,Oklahoma City,203079,Dion Waiters,Dion,G,,31:43,2.0,8.0,0.25,1.0,1.0,1.0,0.0,0.0,0.0,0.0,4.0,4.0,4.0,3.0,0.0,1.0,3.0,5.0,-1.0
0021500574,1610612760,OKC,Oklahoma City,2555,Nick Collison,Nick,G,,9:37,0.0,1.0,0.0,0.0,0.0,0.0,0.0,2.0,0.0,0.0,0.0,0.0,0.0,0.0,0.0,0.0,0.0,0.0,-4.0
0021500574,1610612760,OKC,Oklahoma City,1626166,Cameron Payne,Cameron,G,,14:41,2.0,7.0,0.286,2.0,4.0,0.5,0.0,0.0,0.0,0.0,2.0,2.0,2.0,0.0,0.0,2.0,2.0,6.0,-6.0
0021500574,1610612760,OKC,Oklahoma City,201627,Anthony Morrow,Anthony,F,,11:45,0.0,1.0,0.0,0.0,1.0,0.0,0.0,0.0,0.0,0.0,2.0,2.0,0.0,0.0,0.0,0.0,2.0,0.0,-1.0
0021500574,1610612760,OKC,Oklahoma City,202683,Enes Freedom,Enes,G,,19:52,8.0,10.0,0.8,0.0,0.0,0.0,2.0,2.0,1.0,3.0,1.0,4.0,0.0,1.0,0.0,0.0,1.0,18.0,-6.0
0021500574,1610612760,OKC,Oklahoma City,201571,D.J. Augustin,D.J.,,DNP - Coach's Decision,,,,,,,,,,,,,,,,,,,,
0021500574,1610612760,OKC,Oklahoma City,203956,Mitch McGary,Mitch,,DNP - Coach's Decision,,,,,,,,,,,,,,,,,,,,
0021500574,1610612760,OKC,Oklahoma City,202713,Kyle Singler,Kyle,,DNP - Coach's Decision,,,,,,,,,,,,,,,,,,,,
0021500574,1610612750,MIN,Minnesota,2419,Tayshaun Prince,Tayshaun,F,,13:55,1.0,3.0,0.333,0.0,0.0,0.0,0.0,0.0,0.0,1.0,1.0,2.0,0.0,0.0,0.0,0.0,1.0,2.0,-17.0
0021500574,1610612750,MIN,Minnesota,708,Kevin Garnett,Kevin,F,,9:04,0.0,1.0,0.0,0.0,0.0,0.0,0.0,0.0,0.0,0.0,3.0,3.0,1.0,0.0,0.0,0.0,1.0,0.0,-11.0
0021500574,1610612750,MIN,Minnesota,1626157,Karl-Anthony Towns,Karl-Anthony,C,,28:24,6.0,14.0,0.429,0.0,1.0,0.0,2.0,2.0,1.0,5.0,5.0,10.0,1.0,0.0,0.0,3.0,1.0,14.0,-20.0
0021500574,1610612750,MIN,Minnesota,203952,Andrew Wiggins,Andrew,G,,34:40,8.0,19.0,0.421,0.0,2.0,0.0,6.0,8.0,0.75,3.0,2.0,5.0,2.0,1.0,0.0,3.0,3.0,22.0,-6.0
0021500574,1610612750,MIN,Minnesota,201937,Ricky Rubio,Ricky,G,,21:25,1.0,5.0,0.2,1.0,3.0,0.333,0.0,0.0,0.0,0.0,2.0,2.0,6.0,1.0,0.0,3.0,1.0,3.0,-11.0
0021500574,1610612750,MIN,Minnesota,203476,Gorgui Dieng,Gorgui,F,,31:59,1.0,3.0,0.333,0.0,0.0,0.0,0.0,0.0,0.0,1.0,5.0,6.0,2.0,1.0,6.0,2.0,2.0,2.0,11.0
0021500574,1610612750,MIN,Minnesota,203498,Shabazz Muhammad,Shabazz,C,,34:05,8.0,15.0,0.533,1.0,4.0,0.25,3.0,4.0,0.75,1.0,3.0,4.0,3.0,0.0,0.0,3.0,0.0,20.0,12.0
0021500574,1610612750,MIN,Minnesota,203897,Zach LaVine,Zach,F,,26:35,7.0,12.0,0.583,3.0,4.0,0.75,4.0,6.0,0.667,0.0,9.0,9.0,4.0,0.0,0.0,3.0,3.0,21.0,6.0
0021500574,1610612750,MIN,Minnesota,202357,Nemanja Bjelica,Nemanja,G,,26:33,2.0,2.0,1.0,2.0,2.0,1.0,0.0,0.0,0.0,0.0,4.0,4.0,1.0,3.0,0.0,1.0,2.0,6.0,10.0
0021500574,1610612750,MIN,Minnesota,2755,Kevin Martin,Kevin,G,,13:20,2.0,7.0,0.286,0.0,2.0,0.0,2.0,3.0,0.667,0.0,0.0,0.0,2.0,1.0,0.0,0.0,1.0,6.0,1.0
0021500574,1610612750,MIN,Minnesota,1889,Andre Miller,Andre,,DNP - Coach's Decision,,,,,,,,,,,,,,,,,,,,
0021500574,1610612750,MIN,Minnesota,203940,Adreian Payne,Adreian,,DNP - Coach's Decision,,,,,,,,,,,,,,,,,,,,
0021500574,1610612750,MIN,Minnesota,204014,Damjan Rudez,Damjan,,DNP - Coach's Decision,,,,,,,,,,,,,,,,,,,,
